dataset,smiles,label,scaffold_frac,enrich_shap,enrich_occlusion
BBBP,Nc1nc(NC2CC2)c3ncn([C@@H]4C[C@H](CO)C=C4)c3n1,1,0.8571428571428571,0.7777777777777778,0.7777777777777778
BBBP,c1(c(cc2n(ncc2c1)CCN)Cl)Cl,1,0.6428571428571429,1.5555555555555554,1.5555555555555554
BBBP,c1c2CCOc2c(cc1OC)CN[C@@H]1CCCN[C@H]1c1ccccc1,1,0.92,1.0869565217391304,1.0869565217391304
BBBP,CC(C)N1CCC(CC1)N(C(=O)Cc2ccccc2)c3ccc(Cl)cc3,1,0.8461538461538461,0.7878787878787878,1.1818181818181819
BBBP,n1(c(c2nc[nH]c2n(c1=O)C)=O)C,1,0.8461538461538461,0.7878787878787878,0.3939393939393939
BBBP,c1(nccc(c1)c1nc([nH]n1)N)N(C)C,0,0.7333333333333333,1.3636363636363638,0.9090909090909091
BBBP,CN(C)Cc1oc(cc1)CSCCNC=1NC=C(CN1)Cc1cnc(cc1)C,0,0.8214285714285714,1.2173913043478262,1.2173913043478262
BBBP,OC(=O)C1=CC(=O)c2ccccc2N1,1,0.7857142857142857,0.8484848484848485,1.2727272727272727
BBBP,CNC1(CCCCC1=O)c2ccccc2Cl,1,0.8125,0.8205128205128205,0.8205128205128205
BBBP,CN(C1CCCC[C@H]1N2CCCC2)C(=O)Cc3ccc(Cl)c(Cl)c3,1,0.875,1.1428571428571428,1.1428571428571428
BBBP,CN1C(=C(\O)Nc2ccccn2)/C(=O)c3sccc3[S]1(=O)=O,0,0.9090909090909091,1.1,1.1
BBBP,[NH]C(CC(C)C([N@@](C(C)(C)C)C(N)(C)N)(C)C)c1c(c(c[nH+][o+]1)C)[O-],1,0.24,0.0,0.0
BBBP,Cc1nccc2c1[nH]c3ccccc23,1,0.9285714285714286,1.0769230769230769,0.7179487179487178
BBBP,CC1=C2NC3=CC(=O)C=CC3=C2C=CN1,1,0.9333333333333333,1.0714285714285714,1.0714285714285714
BBBP,COc1cc2CCN(C)C3CC4(C=CC(=O)C=C4)c(c1O)c23,1,0.8181818181818182,0.8148148148148148,0.4074074074074074
BBBP,CCC1(C)CC(=O)NC1=O,1,0.7,0.4761904761904762,0.9523809523809524
BBBP,c1cc2c(C(N[C@@H](CC)c3ccccc3)=O)c(c(nc2cc1)c1ccccc1)Cn1cncc1,0,0.9411764705882353,1.0625,0.7083333333333333
BBBP,c1cc2c(c(c(c3ccccc3)nc2cc1)OCCNC([C@@H]1CCCN1)=O)C(=O)N[C@@H](CC)c1ccccc1,0,0.9487179487179487,0.7027027027027027,0.7027027027027027
BBBP,c1cc2c(c(OCCNC(Cc3ncccc3)=O)c(c3ccccc3)nc2cc1)C(N[C@@H](CC)c1ccccc1)=O,0,0.9512195121951219,1.0512820512820513,0.7008547008547008
BBBP,c1ccc2c(c(C(N[C@@H](CC)c3ccccc3)=O)c(OCCNC(Cc3c(cccc3)C(=O)O)=O)c(c3ccccc3)n2)c1,0,0.8863636363636364,1.1282051282051282,1.1282051282051282
BBBP,Fc1ccc(cc1)C(=O)CCCN2CCC(=CC2)N3C(=O)Nc4ccccc34,1,0.9642857142857143,1.037037037037037,1.037037037037037
BBBP,c1(ccc(c(c1)Cl)Cl)CC(N1[C@H](CN2CCCC2)c2n(CC1)ncn2)=O,1,0.9230769230769231,1.0833333333333333,1.0833333333333333
BBBP,c1(ccc(c(c1)Cl)Cl)CC(N1[C@H](C[C@]2(CC1)NC(NC2=O)=O)CN1CCCC1)=O,0,0.9310344827586207,1.0740740740740742,1.0740740740740742
BBBP,CN1CCN(CC1)c2c(F)cc3C(=O)C(=CN4CCSc2c34)C(O)=O,0,0.8,1.25,1.25
BBBP,CN1CCN(CC1)CC(=O)N2c3ccccc3C(=O)Nc4cccnc24,1,0.9615384615384616,1.04,0.6933333333333332
BBBP,CC(C)Nc1cccnc1N2CCN(CC2)C(=O)c3[nH]c4ccc(N[S](C)(=O)=O)cc4c3,0,0.71875,0.46376811594202894,0.46376811594202894
BBBP,CN1C(=C(/O)Nc2ccccn2)/C(=O)c3ccccc3[S]1(=O)=O,0,0.9130434782608695,1.0952380952380953,1.0952380952380953
BBBP,CN1C(=C(/O)Nc2sc(C)cn2)/C(=O)c3ccccc3[S]1(=O)=O,0,0.8695652173913043,1.1500000000000001,1.1500000000000001
BBBP,FC(F)(F)c1ccc2Sc3ccccc3N(CCCN4CCN(CC4)C5CC5)c2c1,1,0.8666666666666667,1.1538461538461537,1.1538461538461537
BBBP,COC(=O)[C@H]1[C@H](CC2CCC1N2C)OC(=O)c3ccccc3,1,0.7727272727272727,0.8627450980392156,0.8627450980392156
BBBP,CN1C(=C(\O)Nc2cc(C)on2)/C(=O)c3ccccc3[S]1(=O)=O,0,0.8695652173913043,1.1500000000000001,1.1500000000000001
BBBP,CC(C)[C@@H](CN1CCCC1)N(C)C(=O)Cc2ccc(Cl)c(Cl)c2,1,0.7391304347826086,1.3529411764705883,0.9019607843137255
BBBP,Clc1ccc2OC(=O)Nc2c1,1,0.9090909090909091,1.1,1.1
BBBP,CN=C1CN(O)C(=C2C=C(Cl)C=CC2=N1)c3ccccc3,1,0.8571428571428571,1.1666666666666667,0.7777777777777778
BBBP,NN1C=Nc2cc3ccccc3cc2C1=O,1,0.9375,0.711111111111111,0.711111111111111
BBBP,CSc1ccc2Sc3ccccc3N(CCC4CCCNC4)c2c1,1,0.9166666666666666,1.090909090909091,1.090909090909091
BBBP,CCCCCc1cc(O)c(C2C=C(C)CC[C@H]2C(C)=C)c(O)c1,1,0.5217391304347826,0.6388888888888888,1.2777777777777777
BBBP,CC(C)(C)c1ccc(CN2CCN(CC2)C(c3ccccc3)c4ccc(Cl)cc4)cc1,1,0.8387096774193549,1.1923076923076923,1.1923076923076923
BBBP,Brc1ccc2NC(=O)CN=C(c3ccccn3)c2c1,1,0.9473684210526315,1.0555555555555556,1.0555555555555556
BBBP,CCN1C=C(C(O)=O)C(=O)c2cc(F)c(nc12)N3CCNCC3,0,0.7391304347826086,1.3529411764705883,1.3529411764705883
BBBP,CC1CCCC1,1,0.8333333333333334,0.7999999999999999,0.7999999999999999
BBBP,CC(C)(C)NC(=O)[C@@H]1CN(CCN1C[C@@H](O)C[C@@H](Cc2ccccc2)C(=O)N[C@@H]3[C@H](O)Cc4ccccc34)Cc5cccnc5,1,0.8,1.25,1.25
BBBP,OC(CCN1CCCCC1)(C2CC3CC2C=C3)c4ccccc4,1,0.9565217391304348,0.6969696969696969,0.6969696969696969
BBBP,Fc1ccc(cc1)C(=O)CCCN2CCC(CC2)N3C(=O)Nc4ccccc34,1,0.9642857142857143,1.037037037037037,0.691358024691358
BBBP,Fc1ccc(cc1)C(=O)CCCN2CCN(CC2)c3ccccn3,1,0.9583333333333334,1.0434782608695652,0.6956521739130435
BBBP,CN1CCc2cccc3c2[C@H]1Cc4ccc(O)c(O)c34,1,0.85,1.1764705882352942,1.1764705882352942
BBBP,CN1CCN(CC1)c2cc3N(C=C(C(O)=O)C(=O)c3cc2F)c4ccc(F)cc4,0,0.7931034482758621,1.2608695652173914,1.2608695652173914
BBBP,CCOC(=O)c1ncn2c1CN(C)C(=O)c3cc(F)ccc23,1,0.6818181818181818,0.9777777777777777,0.9777777777777777
BBBP,CC(=O)CC(c1ccccc1)C2=C(O)Oc3ccccc3C2=O,0,0.782608695652174,0.8518518518518517,0.8518518518518517
BBBP,COc1ccc(CCN(C)CCCC(C#N)(C(C)C)c2ccc(OC)c(OC)c2)cc1OC,0,0.5757575757575758,0.5789473684210525,0.5789473684210525
BBBP,CC(C)[C@@H]1NC(=O)[C@H](C)OC(=O)C(NC(=O)[C@H](OC(=O)[C@@H](NC(=O)[C@H](C)OC(=O)[C@H](NC(=O)[C@H](OC(=O)[C@@H](NC(=O)[C@H](C)OC(=O)[C@H](NC(=O)[C@H](OC1=O)C(C)C)C(C)C)C(C)C)C(C)C)C(C)C)C(C)C)C(C)C)C(C)C,0,0.6153846153846154,1.625,1.625
BBBP,Nc1nc(N)c2nc(c3ccccc3)c(N)nc2n1,0,0.8421052631578947,1.1875,1.1875
BBBP,Cc1ccc(cc1)[S](=O)(=O)NC(=O)NN2CCCCCC2,0,0.9523809523809523,1.05,1.05
BBBP,NC1=NC(=S)c2[nH]cnc2N1,0,0.9090909090909091,1.1,1.1
BBBP,c1(ccc(c(c1)Cl)Cl)CC(N1[C@@H](c2c(CC1)scc2)CN1CCCC1)=O,1,0.9230769230769231,1.0833333333333333,1.0833333333333333
BBBP,c1(cc(c(cc1)Cl)Cl)CC(N1[C@@H](c2c(CC1)cccc2)CN1CCCC1)=O,1,0.9259259259259259,1.08,1.08
BBBP,CN1C(CNC(=O)c2cscc2)CN=C(c3ccccc3F)c4ccccc14,1,0.9285714285714286,1.0769230769230769,1.0769230769230769
BBBP,OC(C1CCCCN1)c2cc(nc3c2cccc3C(F)(F)F)C(F)(F)F,1,0.6538461538461539,1.5294117647058822,1.5294117647058822
BBBP,CC(C)(C)OC(=O)c1ncn2c3cccc(Br)c3C(=O)N4CCC[C@H]4c12,1,0.6923076923076923,1.4444444444444444,1.4444444444444444
BBBP,C[C@]12CC[C@H]3[C@@H](CCC4=CC(=O)C=C[C@]34C)[C@@H]1CCC(=O)O2,0,0.9090909090909091,0.7333333333333333,1.1
BBBP,CC(C)N1CCN(CC1)c2ccc(OC[C@H]3CO[C@@](Cn4cncn4)(O3)c5ccc(Cl)cc5Cl)cc2,0,0.8611111111111112,0.7741935483870966,0.7741935483870966
BBBP,OC(=O)C1=C\C(C=CC1=O)=N/Nc2ccc(cc2)[S](=O)(=O)Nc3ccccn3,0,0.8928571428571429,1.1199999999999999,1.1199999999999999
BBBP,C[C@]1(O)CC[C@H]2[C@@H]3CC[C@H]4Cc5[nH]ncc5C[C@]4(C)[C@H]3CC[C@]12C,0,0.8333333333333334,0.7999999999999999,1.2
BBBP,CC(=O)S[C@@H]1CC2=CC(=O)CC[C@]2(C)[C@H]3CC[C@@]4(C)[C@@H](CC[C@@]45CCC(=O)O5)[C@H]13,0,0.7931034482758621,0.8405797101449275,0.8405797101449275
BBBP,CN1[C@@H]2CC(C[C@H]1[C@@H]3O[C@H]23)OC(=O)[C@H](CO)c4ccccc4,0,0.8636363636363636,0.7719298245614035,0.7719298245614035
BBBP,CC1C=CC=C(C(=O)NC2=C(C3=C(C(=C4C(=C3C(=O)C2=CNN5CCN(CC5)C)C(=O)C(O4)(OC=CC(C(C(C(C(C(C1O)C)O)C)OC(=O)C)C)OC)C)C)O)O)C,0,0.6949152542372882,0.4796747967479674,0.9593495934959348
BBBP,NC(=O)c1ncn(n1)[C@@H]2O[C@H](CO)[C@@H](O)[C@H]2O,0,0.5882352941176471,0.5666666666666667,0.5666666666666667
BBBP,COc1ccc(C[C@H](N)C(=O)NC2[C@@H](O)[C@@H](O[C@@H]2CO)n3cnc4c(ncnc34)N(C)C)cc1,0,0.7352941176470589,0.45333333333333325,0.9066666666666665
BBBP,CC1OC(O[C@H]2CC[C@]3(C)[C@H]4CC[C@]5(C)[C@H](CC[C@]5(O)[C@@H]4CCC3=C2)C6=COC(=O)C=C6)C(O)C(O)C1O,0,0.8157894736842105,0.8172043010752688,1.2258064516129032
BBBP,CN[C@H](CC(C)C)C(=O)NC1[C@H](O)c2ccc(Oc3cc4cc(Oc5ccc(cc5Cl)[C@@H](O)[C@@H]6NC(=O)[C@H](NC(=O)[C@@H]4NC(=O)[C@H](CC(N)=O)NC1=O)c7ccc(O)c(c7)c8c(O)cc(O)cc8[C@@H](NC6=O)C(O)=O)c3O[C@@H]9O[C@H](CO)[C@@H](O)[C@H](O)[C@H]9O[C@H]%10C[C@](C)(N)[C@H](O)[C@H](C)O%10)c(Cl)c2,0,0.6831683168316832,1.4637681159420288,0.9758454106280192
BBBP,COc1cc(cc(OC)c1O)[C@H]2[C@@H]3[C@H](COC3=O)[C@H](OC4OC5COC(OC5C(O)C4O)c6sccc6)c7cc8OCOc8cc27,1,0.8478260869565217,1.1794871794871795,1.1794871794871795
BBBP,NC(N)=NCC1COC2(CCCCC2)O1,0,0.6666666666666666,0.5,1.0
BBBP,NC1=C(F)C=NC(=O)N1,1,0.7777777777777778,1.2857142857142856,1.2857142857142856
BBBP,CC(C)(O/N=C(C(=O)N[C@H]1[C@H]2SCC(=C(N2C1=O)C([O-])=O)C[n+]3ccccc3)/c4csc(N)n4)C(O)=O,1,0.7027027027027027,0.9487179487179486,1.423076923076923
BBBP,C[C@@H]1CC2=C(CCC(=O)C2)[C@H]3CC[C@@]4(C)[C@@H](CC[C@@]4(O)C#C)[C@H]13,1,0.782608695652174,0.0,0.4259259259259259
BBBP,Cc1ccc(CC2=CN=C(NCCCCc3ncc(Br)cc3C)NC2=O)cn1,0,0.8928571428571429,1.1199999999999999,1.1199999999999999
BBBP,CN1CC[C@]2(C)[C@H]1N(C)c3ccc(OC(=O)Nc4ccccc4)cc23,1,0.88,1.1363636363636365,1.1363636363636365
BBBP,CCCCC1C(=O)N(N(C1=O)c2ccccc2)c3ccccc3,0,0.8260869565217391,0.8070175438596491,0.0
BBBP,CC(COc1ccccc1)N(CCCl)Cc2ccccc2,0,0.8095238095238095,0.8235294117647058,1.2352941176470589
BBBP,Oc1ccc(cc1)C2(OC(=O)c3ccccc23)c4ccc(O)cc4,0,0.9166666666666666,0.36363636363636365,1.090909090909091
BBBP,Nc1ccc(N=Nc2ccccc2)c(N)n1,0,0.875,1.1428571428571428,1.1428571428571428
BBBP,COc1ccc(Cc2nccc3cc(OC)c(OC)cc23)cc1OC,0,0.68,1.4705882352941175,1.4705882352941175
BBBP,C[C@H]1O[C@@H](O[C@@H]\2C[C@@H]3O[C@](O)(C[C@@H](O)C[C@@H](O)[C@H](O)CC[C@@H](O)C[C@@H](O)CC(=O)O[C@@H](C)[C@H](C)[C@H](O)[C@@H](C)\C=C/C=C\C=C/C=C\C=C/C=C\C=C2)C[C@H](O)[C@H]3C(O)=O)[C@@H](O)[C@@H](N)[C@@H]1O,0,0.7230769230769231,0.46099290780141844,1.3829787234042554
BBBP,N[S](=O)(=O)Cc1noc2ccccc12,1,0.6428571428571429,1.037037037037037,1.5555555555555554
BBBP,CC[C@@]1(O)C(=O)OCC2=C1C=C3N(Cc4cc5c(CN(C)C)c(O)ccc5nc34)C2=O,1,0.7419354838709677,1.3478260869565217,1.3478260869565217
BBBP,CC/C(c1ccccc1)=C(c2ccccc2)/c3ccc(OCCN(C)C)cc3,1,0.7142857142857143,0.9333333333333332,0.0
BBBP,CNC(/NCCSCc1oc(CN(C)C)cc1)=C\[N+]([O-])=O,0,0.23809523809523808,0.0,0.0
BBBP,Cc1ccnc2N(C3CC3)c4ncccc4C(=O)Nc12,1,0.95,1.0526315789473684,0.7017543859649122
BBBP,CN1CCN2C(C1)c3ccccc3Cc4cccnc24,1,0.95,1.0526315789473684,1.0526315789473684
BBBP,OC(=O)CCc1oc(c2ccccc2)c(n1)c3ccccc3,0,0.7727272727272727,0.8627450980392156,0.8627450980392156
BBBP,C[C@]1(O)CC[C@H]2[C@@H]3CC[C@H]4CC(=O)OC[C@]4(C)[C@H]3CC[C@]12C,0,0.8181818181818182,0.8148148148148148,0.8148148148148148
BBBP,Cc1noc(N[S](=O)(=O)c2ccc(N)cc2)c1C,1,0.8333333333333334,1.2,1.2
BBBP,Nc1ccc(cc1)[S](=O)(=O)Nc2ncccn2,1,0.9411764705882353,1.0625,1.0625
BBBP,CC1=CN([C@@H]2O[C@H](CO)C=C2)C(=O)NC1=O,1,0.8125,0.8205128205128205,1.2307692307692308
BBBP,CC(C)[C@H](NC(=O)N(C)Cc1csc(n1)C(C)C)C(=O)N[C@H](C[C@H](O)[C@H](Cc2ccccc2)NC(=O)OCc3scnc3)Cc4ccccc4,0,0.84,0.7936507936507936,1.1904761904761905
BBBP,CN1CCN2C(C1)c3ccccc3Cc4ccccc24,1,0.95,1.0526315789473684,1.0526315789473684
BBBP,Cc1ccc(CC2=CN=C(NCCSCc3oc(cc3)C(C)(C)N)NC2=O)cn1,0,0.8275862068965517,1.2083333333333333,1.2083333333333333
BBBP,CN(Cc1cnc2nc(N)nc(N)c2n1)c3ccc(cc3)C(=O)N[C@@H](CCC(O)=O)C(O)=O,0,0.5454545454545454,0.0,0.0
BBBP,CC[N+](C)(CC)CCOC(=O)C1c2ccccc2Oc3ccccc13,0,0.56,0.0,0.5952380952380951
BBBP,COc1ccc(CN(CCN(C)C)c2ccccn2)cc1,0,0.6666666666666666,1.0,0.5
BBBP,CCc1nc(N)nc(N)c1c2ccc(Cl)cc2,1,0.7058823529411765,1.4166666666666665,1.4166666666666665
BBBP,C1[C@@H]2[C@](C(=C3C(c4c(ccc(c4C[C@@H]13)N(C)C)O)=O)O)(C(C(C(N)=O)=C([C@H]2N(C)C)O)=O)O,1,0.6060606060606061,0.5499999999999999,0.5499999999999999
BBBP,CC#C[C@]1(O)CC[C@H]2[C@@H]3CCC4=CC(=O)CCC4=C3[C@H](C[C@]12C)c5ccc(cc5)N(C)C,0,0.75,0.0,0.0
BBBP,OC[C@@H]1CC[C@@H](O1)n2cnc3C(=O)N=CNc23,0,0.8823529411764706,0.7555555555555555,0.7555555555555555
BBBP,CC(=O)N1CCN(CC1)c2ccc(OC[C@H]3CO[C@@](Cn4ccnc4)(O3)c5ccc(Cl)cc5Cl)cc2,0,0.8611111111111112,1.161290322580645,1.161290322580645
BBBP,OC[C@H]1O[C@@H](OC2=C(Oc3cc(O)cc(O)c3C2=O)c4ccc(O)c(O)c4)[C@H](O)[C@@H](O)[C@@H]1O,0,0.7272727272727273,0.4583333333333333,0.9166666666666666
BBBP,OC(=O)C1CCn2c1ccc2C(=O)c3ccccc3,0,0.8421052631578947,0.3958333333333333,0.7916666666666666
BBBP,CCC(C)N1N=CN(C1=O)c2ccc(cc2)N3CCN(CC3)c4ccc(OC[C@H]5CO[C@@](Cn6cncn6)(O5)c7ccc(Cl)cc7Cl)cc4,0,0.8775510204081632,1.1395348837209303,1.1395348837209303
BBBP,CCCN(CCC)CCc1ccc(c2c1CC(N2)=C)O,1,0.5,1.3333333333333333,0.6666666666666666
BBBP,NNc1nncc2ccccc12,0,0.8333333333333334,0.7999999999999999,0.7999999999999999
BBBP,NC(N)=NCCN1CCCCCCC1,0,0.5714285714285714,0.0,0.0
BBBP,NC1CONC1=O,1,0.8571428571428571,1.1666666666666667,1.1666666666666667
BBBP,OC(COc1ccc2OC(=CC(=O)c2c1)C(O)=O)COc3cccc4OC(=CC(=O)c34)C(O)=O,0,0.7941176470588235,0.8395061728395061,0.8395061728395061
BBBP,CC(C)N=C1C=C2N(c3ccc(Cl)cc3)c4ccccc4N=C2C=C1Nc5ccc(Cl)cc5,0,0.8484848484848485,1.1785714285714286,1.1785714285714286
BBBP,COc1cc(cc(OC)c1OC)C(=O)N2CCOCC2,1,0.7,1.4285714285714286,0.0
BBBP,OC(CCN1CCCCC1)(C2CCCCC2)c3ccccc3,1,0.9545454545454546,0.6984126984126984,0.6984126984126984
BBBP,N[S](=O)(=O)c1cc(C(O)=O)c(NCc2occc2)cc1Cl,0,0.6190476190476191,0.5384615384615384,0.5384615384615384
BBBP,FC1=CNC(=O)NC1=O,0,0.8888888888888888,1.125,1.125
BBBP,CC(Cc1ccc(O)cc1)NCC(O)c2cc(O)cc(O)c2,0,0.7727272727272727,0.8627450980392156,1.2941176470588236
BBBP,C[C@]12CC[C@H]3[C@@H](CCc4cc(O)ccc34)[C@@H]1CCC2=O,0,0.9,0.7407407407407407,1.1111111111111112
BBBP,CCN(CC)CCCC(C)Nc1ccnc2cc(Cl)ccc12,1,0.45454545454545453,2.2,1.4666666666666666
BBBP,CC1=C(N2[C@H](SC1)[C@H](NC(=O)[C@H](N)C3=CCC=CC3)C2=O)C(O)=O,0,0.7916666666666666,0.8421052631578947,1.2631578947368423
BBBP,Clc1cccc(c1)N2CCN(CCCN3N=C4C=CC=CN4C3=O)CC2,1,0.9615384615384616,1.04,1.04
BBBP,COC1=CC=C2[C@H]3Cc4ccc(OC)c5O[C@@H]1[C@]2(CCN3C)c45,1,0.782608695652174,1.2777777777777777,0.8518518518518517
BBBP,CCCCCc1cc(O)c2[C@@H]3C=C(C)CC[C@H]3C(C)(C)Oc2c1,1,0.6086956521739131,0.0,1.6428571428571428
BBBP,CC(C)[C@H](NC(=O)[C@H](Cc1ccccc1)NC(=O)CNC(=O)[C@@H](C)NC(=O)[C@@H](N)Cc2ccc(O)cc2)C(N)=O,0,0.675,1.4814814814814814,0.9876543209876542
BBBP,CC(C)C[C@@H]1N2C(=O)[C@](NC(=O)[C@H]3CN(C)[C@@H]4Cc5c(Br)[nH]c6cccc(C4=C3)c56)(O[C@@]2(O)[C@@H]7CCCN7C1=O)C(C)C,0,0.7674418604651163,0.8686868686868686,0.8686868686868686
BBBP,CCC(C)C(N)C1=NC(CS1)C(=O)N[C@@H](CC(C)C)C(=O)N[C@H](CCC(O)=O)C(=O)N[C@@H]([C@@H](C)CC)C(=O)NCCCC[C@@H]2NC(=O)[C@H](CC(N)=O)NC(=O)[C@@H](CC(O)=O)NC(=O)[C@H](Cc3[nH]cnc3)NC(=O)[C@@H](Cc4ccccc4)NC(=O)[C@@H](NC(=O)[C@@H](CCCN)NC2=O)[C@@H](C)CC,0,0.65,1.0256410256410255,1.5384615384615383
BBBP,CC[C@H]1OC(=O)[C@H](C)[C@@H](O[C@H]2C[C@@](C)(OC)[C@@H](O)[C@H](C)O2)C(C)[C@@H](O[C@@H]3O[C@H](C)C[C@@H]([C@H]3O)N(C)C)[C@](C)(O)C[C@@H](C)CN(C)[C@H](C)[C@@H](O)[C@]1(C)O,0,0.5769230769230769,1.1555555555555557,1.7333333333333334
BBBP,OC1=C(C2CCC(CC2)c3ccc(Cl)cc3)C(=O)C(=O)c4ccccc14,0,0.9230769230769231,0.7222222222222221,0.7222222222222221
BBBP,CO[C@H]1[C@@H](C[C@@H]2CN3CCc4c([nH]c5cc(OC)ccc45)[C@H]3C[C@@H]2[C@@H]1C(=O)OC)OC(=O)\C=C\c6cc(OC)c(OC)c(OC)c6,1,0.6956521739130435,0.9583333333333333,0.9583333333333333
BBBP,Clc1ccc2N(C3CCN(CCCN4C(=O)Nc5ccccc45)CC3)C(=O)Nc2c1,0,0.9666666666666667,1.0344827586206897,1.0344827586206897
BBBP,CC\C(c1ccc(O)cc1)=C(\CC)c2ccc(O)cc2,0,0.7,0.4761904761904762,0.4761904761904762
BBBP,CCN(CC)CCOC(=O)C1(CCCCC1)C2CCCCC2,0,0.5454545454545454,0.0,0.6111111111111112
BBBP,C[C@H](CCC(O)=O)[C@H]1CC[C@H]2[C@H]3[C@H](CC(=O)[C@]12C)[C@@]4(C)CCC(=O)C[C@H]4CC3=O,0,0.6896551724137931,0.0,0.0
BBBP,Nc1ccc(cc1)[S](=O)(=O)c2ccc(N)cc2,0,0.8823529411764706,1.1333333333333333,0.37777777777777777
BBBP,NC1[C@H]2CN(C[C@@H]12)c3nc4N(C=C(C(O)=O)C(=O)c4cc3F)c5ccc(F)cc5F,1,0.7666666666666667,1.3043478260869565,1.3043478260869565
BBBP,COc1cc(Cc2cnc(N)nc2N)cc(OC)c1OC,1,0.6190476190476191,1.6153846153846154,1.6153846153846154
BBBP,CC[C@H](C)C(=O)O[C@H]1C[C@H](O)C=C2C=C[C@H](C)[C@H](CC[C@@H](O)C[C@@H](O)CC(O)=O)[C@@H]12,0,0.3333333333333333,0.0,1.0
BBBP,CO[C@@H]([C@@H]1Cc2cc3cc(O[C@H]4C[C@@H](O[C@H]5C[C@@H](O)[C@H](O)[C@@H](C)O5)[C@H](O)[C@@H](C)O4)c(C)c(O)c3c(O)c2C(=O)[C@H]1O[C@H]6C[C@@H](O[C@H]7C[C@@H](O[C@H]8C[C@](C)(O)[C@H](O)[C@@H](C)O8)[C@H](O)[C@@H](C)O7)[C@H](O)[C@@H](C)O6)C(=O)[C@@H](O)[C@@H](C)O,1,0.6578947368421053,0.0,1.0133333333333332
BBBP,OC(CCN1CCCC1)(C2CCCCC2)c3ccccc3,1,0.9523809523809523,0.7,0.7
BBBP,CCC1(C(=O)NCNC1=O)c2ccccc2,1,0.875,0.7619047619047619,0.7619047619047619
BBBP,OCCN1CCN(CC\C=C/2c3ccccc3COc4ccc(Cl)cc24)CC1,1,0.8571428571428571,0.3888888888888889,0.3888888888888889
BBBP,OCC[C@@H]1CCN(CC\C=C2/c3ccc(F)cc3Sc4ccc(cc24)C(F)(F)F)CC1,1,0.7419354838709677,0.4492753623188406,0.0
BBBP,Clc1ccccc1C(n2ccnc2)(c3ccccc3)c4ccccc4,0,0.96,1.0416666666666667,0.6944444444444444
BBBP,N[S](=O)(=O)c1cc(ccc1Cl)C2(O)NC(=O)c3ccccc23,0,0.7272727272727273,0.9166666666666666,0.4583333333333333
BBBP,N[S](=O)(=O)c1cc2c(NC=N[S]2(=O)=O)cc1Cl,0,0.7058823529411765,0.9444444444444443,0.9444444444444443
BBBP,OC[C@H]1O[C@H](C[C@@H]1O)n2cnc3[C@H](O)CN=CNc23,1,0.7894736842105263,0.8444444444444443,0.8444444444444443
BBBP,COc1ccc2nc([nH]c2c1)[S](=O)Cc3ncc(C)c(OC)c3C,0,0.75,1.3333333333333333,1.3333333333333333
BBBP,CC(=O)OCC1=C(N2[C@H](SC1)[C@H](NC(=O)CSc3ccncc3)C2=O)C(O)=O,0,0.7142857142857143,0.4666666666666666,0.9333333333333332
BBBP,CC(C)(C)NCC(O)COc1cccc2NC(=O)CCc12,0,0.5238095238095238,0.0,0.6363636363636362
BBBP,COc1ccc(CCN2CCC(CC2)Nc3nc4ccccc4n3Cc5ccc(F)cc5)cc1,0,0.9117647058823529,1.096774193548387,1.096774193548387
BBBP,Cc1c(O)cccc1C(=O)N[C@@H](CSc2ccccc2)[C@H](O)CN3C[C@H]4CCCC[C@H]4C[C@H]3C(=O)NC(C)(C)C,0,0.75,0.8888888888888888,0.8888888888888888
BBBP,CCN1C=C(C(O)=O)C(=O)c2ccc(C)nc12,0,0.6470588235294118,1.5454545454545454,1.5454545454545454
BBBP,OC(Cn1cncn1)(Cn2cncn2)c3ccc(F)cc3F,1,0.8636363636363636,0.7719298245614035,0.7719298245614035
BBBP,COc1cc(cc(OC)c1O)[C@H]2[C@@H]3C(COC3=O)[C@H](O[C@@H]4O[C@@H]5CO[C@@H](C)O[C@H]5[C@H](O)[C@H]4O)c6cc7OCOc7cc26,0,0.8095238095238095,1.2352941176470589,1.2352941176470589
BBBP,CN1CCCC(C1)CN2c3ccccc3Sc4ccccc24,1,0.9545454545454546,1.0476190476190477,0.6984126984126984
BBBP,CCCCc1oc2ccccc2c1C(=O)c3cc(I)c(OCCN(CC)CC)c(I)c3,0,0.5483870967741935,1.823529411764706,1.215686274509804
BBBP,CCCCC[C@H](O)/C=C/[C@H]1[C@H](O)CC(=O)[C@@H]1CCCCCCC(O)=O,0,0.24,1.3888888888888888,1.3888888888888888
BBBP,CO/N=C(C(=O)N[C@H]1[C@H]2SCC(=C(N2C1=O)C(O)=O)CSC3=NC(=O)C(=O)NN3C)/c4csc(N)n4,1,0.8055555555555556,1.2413793103448276,1.2413793103448276
BBBP,CN(C)Cc1oc(CSCCNC2C([N+]([O-])=O)=CC=N2)cc1,0,0.6818181818181818,1.4666666666666668,0.9777777777777777
BBBP,CN(C)Cc1ccnc(c2cccc(NC3C([N+]([O-])=O)=CC=N3)c2)c1,1,0.72,1.3888888888888888,1.3888888888888888
BBBP,ClC1=CC=CC(OC2CCN(CCC3CCCN3S(C4=CC(N([H])C=C5)=C5C=C4)(=O)=O)CC2)=C1,1,0.9696969696969697,1.03125,1.03125
BBBP,CN(C)Cc1ccc(CSCCNC2=C([N+]([O-])=O)C(Cc3ccccc3)=CN2)o1,1,0.7586206896551724,1.3181818181818183,1.3181818181818183
BBBP,CN(C)Cc1ccc(c2cccc(NC3C([N+]([O-])=O)=CC=N3)c2)o1,1,0.7083333333333334,0.9411764705882352,0.9411764705882352
BBBP,CN1[C@H]2CCC[C@@H]1CC(C2)NC(=O)c3nn(C)c4ccccc34,1,0.9130434782608695,1.0952380952380953,1.0952380952380953
BBBP,IC1=C(N([H])[H])C=CC(C2=NC3=CC=C(O[H])C=C3S2)=C1,1,0.8333333333333334,0.39999999999999997,1.2
BBBP,CN(C)c1cc(C2=NC(N)=NN2)ccn1,0,0.7333333333333333,1.3636363636363638,1.3636363636363638
BBBP,CN1CCN(CC1)C2=C3C=CC=CC3=Nc4ccc(Cl)cc4N2,1,0.9130434782608695,0.7301587301587301,0.36507936507936506
BBBP,CCC(=O)N(c1ccccc1)C2(CCN(CCc3sccc3)CC2)COC,1,0.7407407407407407,1.35,0.9
BBBP,Nc1nnc(c(N)n1)c2cccc(Cl)c2Cl,1,0.75,1.3333333333333333,1.3333333333333333
BBBP,COc1ccc(Cl)cc1C(=O)NCCc2ccc(cc2)[S](=O)(=O)NC(=O)NC3CCCCC3,1,0.9090909090909091,1.1,1.1
BBBP,Cn1c2CCC(Cn3ccnc3C)C(=O)c2c4ccccc14,1,0.9090909090909091,1.1,0.7333333333333333
BBBP,CN(C)[C@H]1[C@@H]2C[C@H]3C(=C(O)c4c(O)cccc4[C@@]3(C)O)C(=O)[C@]2(O)C(=O)\C(=C(/O)NCN5CCCC5)C1=O,1,0.7631578947368421,0.43678160919540227,0.8735632183908045
BBBP,CCN1CCN(C(=O)N[C@@H](C(=O)N[C@H]2[C@H]3SCC(=C(N3C2=O)C(O)=O)CSc4nnnn4C)c5ccc(O)cc5)C(=O)C1=O,1,0.8409090909090909,0.7927927927927927,1.1891891891891893
BACE,CC(C)(C)Cc1cnc2c(c1)C([NH2+]CC(O)C1Cc3cccc(c3)CCCCn3cc(ccc3=O)C(=O)N1)CC1(CCC1)O2,1,0.8636363636363636,1.1578947368421053,1.1578947368421053
BACE,COCC(=O)NC(Cc1cccc(-c2ncco2)c1)C(O)C[NH2+]C1CC2(CCC2)Oc2ncc(CC(C)(C)C)cc21,1,0.7073170731707317,1.413793103448276,1.413793103448276
BACE,COCC(=O)NC(Cc1cccc(-c2ccccn2)c1)C(O)C[NH2+]C1CC2(CCC2)Oc2ncc(CC(C)(C)C)cc21,1,0.7142857142857143,1.4,0.9333333333333332
BACE,CCn1cc2c3c(cc(C(=O)NC(Cc4ccccc4)[C@H](O)C[NH2+]C4CC4)cc31)N(C)S(=O)(=O)CC2,1,0.8888888888888888,0.75,0.75
BACE,CC(=O)NC(Cc1cc(F)cc(F)c1)C(O)C[NH2+]C1(c2cccc(C(C)(C)C)c2)CCC(=NO)CC1,1,0.6666666666666666,1.5,1.0
BACE,CCc1cn2c3c(cc(C(=O)NC(Cc4ccccc4)C(O)C[NH2+]Cc4cccc(OC)c4)cc13)N(C)S(=O)(=O)C2,1,0.8536585365853658,1.1714285714285715,1.1714285714285715
BACE,CCc1cn2c3c(cc(C(=O)NC(Cc4ccccc4)[C@H](O)C[NH2+]Cc4cccc(C(F)(F)F)c4)cc13)OS(=O)(=O)CC2,1,0.8372093023255814,1.1944444444444444,0.7962962962962962
BACE,CC(C)(C)Cc1cc(C[NH2+]C2CS(=O)(=O)CC(Cc3cc(F)c(N)c(OC(C(F)(F)F)C(F)(F)F)c3)C2O)no1,1,0.55,1.8181818181818181,0.606060606060606
BACE,CC(NC(=O)c1cc(-c2ncc(C(C)([NH3+])Cc3ccccc3)o2)cc(N(C)S(C)(=O)=O)c1)c1ccc(F)cc1,1,0.7435897435897436,0.8965517241379309,0.8965517241379309
BACE,COCC(=O)NC(Cc1cccc(-c2cscn2)c1)C(O)C[NH2+]C1CC2(CCC2)Oc2ncc(CC(C)(C)C)cc21,1,0.7073170731707317,1.413793103448276,0.47126436781609193
BACE,Cc1cc(C2(c3cccc(C#CC4CC4)c3)N=C(N)c3c(F)cccc32)cn(C)c1=O,1,0.8709677419354839,1.1481481481481481,1.1481481481481481
BACE,CC1(C)OCc2ccc(C[NH2+]C3CS(=O)(=O)CC(Cc4cc(F)c(N)c(OC(C(F)(F)F)C(F)(F)F)c4)C3O)cc21,1,0.6341463414634146,1.051282051282051,1.5769230769230769
BACE,CS(=O)(=O)N(c1ccccc1)c1cc(C(=O)NC(Cc2ccccc2)C(O)C[NH2+]Cc2cccc(C(F)(F)F)c2)cc(N2CCCC2=O)c1,1,0.8163265306122449,0.8166666666666667,0.4083333333333333
BACE,CCc1ccc2c(c1)C([NH2+]CC(O)C1Cc3cccc(c3)CCCCn3cc(cc(-c4ccccn4)c3=O)C(=O)N1)CC1(CCC1)O2,1,0.9361702127659575,1.0681818181818181,1.0681818181818181
BACE,CCC(C)C1(NC(C)=O)CCN(C(CCc2ccccc2)C(=O)NC(Cc2cc(F)cc(F)c2)C(O)C2CC(Oc3cccnc3)C[NH2+]2)C1=O,1,0.78,1.282051282051282,1.282051282051282
BACE,COCC(=O)NC(Cc1cccc(-c2cncs2)c1)C(O)C[NH2+]C1CC2(CCC2)Oc2ncc(CC(C)(C)C)cc21,1,0.7073170731707317,1.413793103448276,0.47126436781609193
BACE,CCn1cc2c3c(cc(C(=O)NC(Cc4ccccc4)[C@H](O)CNc4ccccc4)cc31)N(C)S(=O)(=O)CC2,1,0.8974358974358975,0.7428571428571428,1.1142857142857143
BACE,CS(=O)(=O)N(c1ccccc1)c1cc(C(=O)NC(Cc2ccccc2)C(O)C[NH2+]Cc2cccc(C(F)(F)F)c2)cc(C2CCCC2)c1,1,0.8125,0.8205128205128205,0.41025641025641024
BACE,CC(C)(C)Cc1cnc2c(c1)C([NH2+]CC(O)C1Cc3cccc(c3)CCCn3cc(ccc3=O)C(=O)N1)CC1(CCC1)O2,1,0.8604651162790697,1.1621621621621623,1.1621621621621623
BACE,CCC(C)C1(NC(C)=O)CCN(C(CCc2ccccc2)C(=O)NC(Cc2cc(F)cc(F)c2)C(O)C2CC(Oc3ccccn3)C[NH2+]2)C1=O,1,0.78,1.282051282051282,1.282051282051282
BACE,CCC(C)C1(NC(C)=O)CCN(C(CCc2ccccc2)C(=O)NC(Cc2cc(F)cc(F)c2)C(O)C2CC(Oc3ccccc3)C[NH2+]2)C1=O,1,0.78,1.282051282051282,1.282051282051282
BACE,CCc1ccc2c(c1)C([NH2+]CC(O)C1Cc3cccc(c3)CCCCn3cc(cc(N4CCCC4)c3=O)C(=O)N1)CC1(CCC1)O2,1,0.9347826086956522,1.069767441860465,1.069767441860465
BACE,CCn1cc(C2(c3cccc(NC(=O)c4ccccn4)c3)N=C(N)c3c(F)cccc32)cc(C)c1=O,1,0.8611111111111112,1.161290322580645,1.161290322580645
BACE,CCC(C)C1(NC(C)=O)CCN(C(CCc2ccccc2)C(=O)NC(Cc2cc(F)cc(F)c2)C(O)C2CC(OCc3ccccn3)C[NH2+]2)C1=O,1,0.7843137254901961,1.275,1.275
BACE,CCC(C)C1(NC(C)=O)CCN(C(CCc2ccccc2)C(=O)NC(Cc2cc(F)cc(F)c2)C(O)C2CC(OCc3cccnc3)C[NH2+]2)C1=O,1,0.7843137254901961,1.275,1.275
BACE,CC(C)c1cccc(C2([NH2+]CC(O)C3Cc4cccc(c4)OCCCCOc4cc(cc(N5CCCC5=O)c4)C(=O)N3)CC2)c1,1,0.9111111111111111,1.0975609756097562,1.0975609756097562
BACE,[NH3+]CCc1ccc(O)c(C2CCCCC2)c1,1,0.75,0.0,0.0
BACE,Nc1ccc2cc(-c3ccsc3)ccc2n1,1,0.9375,1.0666666666666667,1.0666666666666667
BACE,CN(C(=O)CCc1cc2ccccc2nc1N)C1CCCCC1,1,0.9130434782608695,1.0952380952380953,0.7301587301587301
BACE,Nc1nc2ccccc2cc1CCC(=O)NCC1CCCCC1,1,0.9565217391304348,1.0454545454545454,1.0454545454545454
BACE,CN(C)c1cccc(C[NH2+]CC(O)C(Cc2ccccc2)NC(=O)C2(Cc3ccccc3)CN(Cc3ccccc3)C(=O)N2)c1,1,0.9111111111111111,1.0975609756097562,0.7317073170731707
BACE,CN1C(=[NH2+])NC(c2ccccc2)(c2ccccc2)C1=O,1,0.95,1.0526315789473684,0.7017543859649122
BACE,CN(C(=O)CCC(C1CCCCC1)N1Cc2cc(Oc3ccccc3)ccc2[NH+]=C1N)C1CCCCC1,1,0.9459459459459459,1.0571428571428572,0.7047619047619047
BACE,CN1C(=[NH2+])NC(c2ccccc2)(c2cccc(-c3cccnc3)c2)C1=O,1,0.9615384615384616,1.04,1.04
BACE,COc1cccc(CN2CC(C(=O)NC(Cc3ccccc3)C(O)C[NH2+]Cc3cccc(N(C)C)c3)NC2=O)c1,1,0.85,1.1764705882352942,1.1764705882352942
BACE,COc1cccc(-c2cccc(C3(c4ccccc4)NC(=[NH2+])N(C)C3=O)c2)c1,1,0.8928571428571429,1.1199999999999999,1.1199999999999999
BACE,CN1C(=O)C2CN(c3ccccc3)CC2(c2ccc(-c3ccc(F)c(C#N)c3)s2)N=C1N,1,0.84375,1.1851851851851851,1.1851851851851851
BACE,CN1C(=O)CC(C)(c2cc(-c3cccc(C#N)c3)cs2)N=C1N,1,0.782608695652174,1.2777777777777777,1.2777777777777777
BACE,CCCN(CCC)C(=O)c1cccc(C(=O)NC(Cc2ccccc2)C([NH3+])CC(C)C(=O)Nc2ccc(F)cc2)c1,1,0.7073170731707317,0.9425287356321839,0.9425287356321839
BACE,CC(C)CC(NC(=O)C1CC(=O)NCCCCCCOC(=O)NC(C(C)C)C(=O)N1)C(O)CC(C)C(=O)NC(C(=O)NCc1ccccc1)C(C)C,1,0.7692307692307693,1.2999999999999998,1.2999999999999998
BACE,CN(C(=O)CCN1Cc2cc(C(=O)c3ccccc3)ccc2[NH+]=C1N)C1CCCCC1,1,0.9354838709677419,1.0689655172413794,0.7126436781609196
BACE,CN1C(=O)C2CN(C(=O)c3ccccc3)CC2(c2cc(-c3cccc(C#N)c3)cs2)N=C1N,1,0.8787878787878788,1.1379310344827587,1.1379310344827587
BACE,COc1cccc(C[NH2+]CC(O)C(Cc2ccccc2)NC(=O)c2cc(C(=O)NC(C)c3ccccc3)cc(N(C)S(C)(=O)=O)c2)c1,1,0.7872340425531915,0.8468468468468467,0.8468468468468467
BACE,CC#Cc1cncc(-c2cc(Cl)c(C3(C)CC(=O)N(C)C(=[NH2+])N3)s2)c1,1,0.76,0.8771929824561403,1.3157894736842106
BACE,CC(C)CC(NC(=O)c1cc(C(=O)NC(C)c2ccccc2)cc(N(C)S(C)(=O)=O)c1)C(O)CC(C)C(=O)NC(C(=O)NC(C)C)C(C)C,1,0.32653061224489793,0.0,0.0
BACE,COCC1CCCN1C(=O)c1cc(C)cc(C(=O)NC(Cc2cc(F)cc(F)c2)C(O)C2CN(S(=O)(=O)c3cccc(C)c3)CC[NH2+]2)c1,1,0.8333333333333334,1.2,1.2
BACE,COCC1CCCN1C(=O)c1cc(C)cc(C(=O)NC(Cc2cc(F)cc(F)c2)C(O)C2CC(Oc3ccccc3)C[NH2+]2)c1,1,0.8409090909090909,1.1891891891891893,1.1891891891891893
BACE,Cc1cc(C)n(COC(=O)NC(CS(C)(=O)=O)C(=O)NC(CC(C)C)C(O)CC(C)C(=O)NC(C(=O)NCC(C)C)C(C)C)n1,1,0.1111111111111111,0.0,0.0
BACE,CC(C)CC(NC(=O)C(CC(N)=O)NC(=O)C(NC(=O)C(CCC(=O)[O-])NC(=O)C(CO)NC(=O)C(Cc1c[nH]c2ccccc12)NC(=O)C([NH3+])Cc1c[nH]c2ccccc12)C(C)C)C(O)CC(C)C(=O)NC(C)C(=O)NC(CCC(=O)[O-])C(=O)NC(Cc1ccccc1)C(=O)[O-],1,0.6907216494845361,1.4477611940298507,1.4477611940298507
BACE,CCCc1cc(=O)[nH]c(N)n1,0,0.6363636363636364,1.5714285714285714,1.5714285714285714
BACE,Cc1ccc(C)c(OCC(O)C[NH+]2CCOCC2)c1,0,0.8421052631578947,0.7916666666666666,1.1875
BACE,Nc1ccc2ccccc2n1,0,0.9090909090909091,1.1,1.1
BACE,Nc1nccc2ccccc12,0,0.9090909090909091,0.7333333333333333,0.7333333333333333
BACE,Nc1ncccc1CCc1cccc(Cl)c1,0,0.875,1.1428571428571428,1.1428571428571428
BACE,Nc1nc2ccccc2nc1N1CCCC1,0,0.9375,1.0666666666666667,1.0666666666666667
BACE,Fc1ccc(CC2CC[NH2+]CC2)cc1,0,0.9285714285714286,1.0769230769230769,1.0769230769230769
BACE,Nc1ncccc1NCc1ccccc1,0,0.9333333333333333,1.0714285714285714,1.0714285714285714
BACE,C[N@@H+](Cc1cccc(CCc2cccnc2N)c1)Cc1ccco1,0,0.9166666666666666,1.090909090909091,1.090909090909091
BACE,Nc1nc(CCc2ccc3cc[nH]c3c2)cc(=O)[nH]1,0,0.9473684210526315,1.0555555555555556,1.0555555555555556
BACE,C[C@@]1(c2cccc(-c3cccnc3)c2)N=C(c2ccccc2)C(N)=[NH+]1,0,0.92,1.0869565217391304,1.0869565217391304
BACE,NC1=N[C@@]2(c3cccc(-c4cncnc4)c3)CCOC[C@H]2O1,0,0.9545454545454546,1.0476190476190477,1.0476190476190477
BACE,Nc1cccc(CCc2ccc3cc[nH]c3c2)n1,0,0.9444444444444444,1.0588235294117647,1.0588235294117647
BACE,COc1ccc([C@]2(C)CCSC(N)=N2)cc1,0,0.75,0.4444444444444444,1.3333333333333333
BACE,CC1(C)Cc2ccccc2/C(=[NH+]/[C@@H](Cc2ccccc2)C(=O)[O-])N1,0,0.7916666666666666,0.8421052631578947,0.8421052631578947
BACE,CN(C(=O)CCCn1c(N)nc2cc(Cl)ccc21)C1CCCCC1,0,0.875,1.1428571428571428,0.7619047619047619
BACE,N#CC1(OC(=O)[C@H]2C[C@]3(C[NH2+]2)C(=O)Nc2ccccc23)CCCCC1,0,0.92,1.0869565217391304,1.0869565217391304
BACE,COc1cccc(-c2cccc(CCc3cccc(N)n3)c2)c1,0,0.8695652173913043,1.1500000000000001,1.1500000000000001
BACE,Cc1ccc(Nc2cc(-c3ccccc3)ncn2)cc1NS(C)(=O)=O,0,0.76,0.8771929824561403,0.8771929824561403
BACE,O=C(O[C@H]1CCSc2ccc(Br)cc21)[C@H]1C[C@]2(C[NH2+]1)C(=O)Nc1ccccc12,0,0.9642857142857143,1.037037037037037,1.037037037037037
BACE,CN1C(=N)N[C@](C)([C@@H]2C[C@H]2c2ccccc2)CC1=O,0,0.8947368421052632,0.7450980392156862,1.1176470588235294
BACE,Nc1ncccc1NCc1cccc(-c2ccc3cc[nH]c3c2)c1,0,0.9583333333333334,1.0434782608695652,1.0434782608695652
BACE,CC[C@@H](CC(=O)NC1C2CC3CC(C2)CC1C3)n1c(N)nc2cc(Cl)ccc21,0,0.8571428571428571,1.1666666666666667,1.1666666666666667
BACE,COc1ccc([C@@]2(c3cccc(-c4cncnc4)c3)CCC(N)=[NH+]2)cc1,0,0.8846153846153846,1.1304347826086958,1.1304347826086958
BACE,CC(C)C[C@@]1(C)NC(=N)N(Cc2ccc(CNC(=O)Nc3ccc(C#N)cc3)cc2)C1=O,0,0.78125,0.8533333333333333,1.28
BACE,C[C@]1(c2cccc(-c3cccc(Cl)c3)c2)[NH+]=C(N)CCO1,0,0.8571428571428571,1.1666666666666667,1.1666666666666667
BACE,Nc1ncccc1NCc1cc(-c2ccc3cc[nH]c3c2)ccc1OCc1ccccn1,0,0.96875,1.032258064516129,1.032258064516129
BACE,O=C(O[C@H]1CCS(=O)(=O)c2ccc(Br)cc21)[C@H]1C[C@]2(C[NH2+]1)C(=O)Nc1ccccc12,0,0.9666666666666667,1.0344827586206897,1.0344827586206897
BACE,NC(=[NH2+])NC(=O)Cn1c(-c2ccccc2)ccc1-c1ccccc1,0,0.7083333333333334,0.9411764705882352,0.0
BACE,COc1ccc([C@@]2(c3cccc(-c4cccnc4)c3)C[C@@H](OC)C(N)=[NH+]2)cc1,0,0.8214285714285714,1.2173913043478262,0.8115942028985507
BACE,CC(=O)Nc1ccc(C[NH+]2CCC3(CC2)C(NC2CCCCC2)=NC(=O)N3c2cccc(F)c2)cc1,0,0.8611111111111112,1.161290322580645,1.161290322580645
BACE,CCCCCS(=O)(=O)c1cccc(C(=O)N[C@@H](Cc2ccccc2)[C@H](O)C[NH2+][C@@H](C)C(=O)NC2CCCCC2)c1,0,0.75,1.3333333333333333,1.3333333333333333
BACE,C[C@@H]1CCc2cccc(c2)C[C@@](C)([NH3+])C(=O)OCc2cc(nc(N(C)S(C)(=O)=O)c2)CC1,0,0.71875,0.9275362318840579,0.9275362318840579
BACE,C[C@@H](NC(=O)c1cc(OCC(=O)NCCCCC[NH3+])cc(OS(=O)(=O)Cc2ccccc2)c1)c1ccc(F)cc1,0,0.675,0.9876543209876542,0.9876543209876542
BACE,CCCN(CCC)C(=O)c1cc(C)cc(C(=O)N[C@@H](Cc2cc(F)cc(F)c2)[C@H](O)[C@H]2CN(C(=O)c3ccccc3)CC[NH2+]2)c1,0,0.7111111111111111,0.9374999999999999,0.9374999999999999
BACE,CC(=O)Nc1c(Cl)cc(C/N=C(\N)NC(=O)Cn2ccc3ccccc32)cc1Cl,0,0.7586206896551724,1.3181818181818183,1.3181818181818183
BACE,O=S1(=O)C[C@@H](Cc2ccc(O)c(Br)c2)[C@H](O)[C@@H]([NH2+]Cc2cccc(C3CC3)c2)C1,0,0.896551724137931,0.7435897435897435,0.37179487179487175
BACE,CC1(C)Cc2cc(Cl)ccc2C(N[C@@H](Cc2ccccc2)c2noc(=O)[n-]2)=[NH+]1,0,0.8928571428571429,0.7466666666666666,1.1199999999999999
BACE,CC(=O)c1ccc(Oc2ccc(-c3ccc(-c4ccccc4Cl)n3CC(=O)NC(N)=[NH2+])cc2)cc1,0,0.6857142857142857,0.9722222222222222,0.0
BACE,COc1ccc([C@]2(c3cccc(-c4cncnc4)c3)[NH+]=C(N)c3nc(C)sc32)cc1,0,0.8666666666666667,1.1538461538461537,1.1538461538461537
BACE,CN1C(=N)N[C@](CCC2CCCCC2)(CC2CCCCC2)C1=O,0,0.9565217391304348,0.6969696969696969,1.0454545454545454
BACE,NC(=[NH2+])NC(=O)Cn1c(-c2ccccc2)ccc1-c1ccc(NC(=O)c2cccc(Br)c2)cc1,0,0.7647058823529411,0.4358974358974359,0.4358974358974359
BACE,CCCCNC(=O)[C@H](C)C[C@H](O)[C@@H]1C[C@H](C)CCCCCCCC(=O)N[C@@H](C)C(=O)N1,0,0.5483870967741935,1.823529411764706,1.215686274509804
BACE,CCCOc1ccc(-c2csc(-c3ccccc3Cl)c2CC(=O)NC(N)=[NH2+])cc1,0,0.5862068965517241,1.7058823529411766,1.7058823529411766
BACE,CC1(C)Cc2cc(Cl)ccc2C(N[C@@H](Cc2ccccc2)c2ncc(C#N)c(=O)[nH]2)=[NH+]1,0,0.8387096774193549,1.1923076923076923,1.1923076923076923
BACE,CC1(C)Cc2cc(Cl)ccc2C(N[C@@H](Cc2cscc2-c2cn[nH]c2)C(=O)[O-])=[NH+]1,0,0.7931034482758621,0.8405797101449275,0.8405797101449275
BACE,CN1CC(N)=[NH+][C@](C)(c2cccc(NC(=O)c3ccc(Cl)cn3)c2)C1=O,0,0.8461538461538461,1.1818181818181819,1.1818181818181819
BACE,CCc1ccnc2c(N3CCCC3=O)cc(C(=O)N[C@@H](Cc3ccccc3)[C@H](O)C[NH2+]Cc3cccc(C(F)(F)F)c3)cc12,0,0.8409090909090909,1.1891891891891893,0.7927927927927927
BACE,CC(C)C[C@H](NC(=O)[C@@H](NC(=O)[C@@H]([NH3+])CNC(=O)c1nnn[n-]1)C(C)C)C(=O)NC[C@](O)(CCc1ccccc1)C(=O)Nc1cccc(C(=O)[O-])c1,0,0.7692307692307693,1.2999999999999998,1.2999999999999998
BACE,CCCCNC(=O)[C@H](C)C[C@H](O)[C@@H]1CSC/C=C/CS[C@H]2CCC[NH2+][C@H]2C(=O)N[C@@H](C)C(=O)N1,0,0.6176470588235294,1.619047619047619,1.0793650793650793
BACE,COC(=O)[C@@H]1CCCN1C(=O)[C@@H](CC1CCCCC1)N(C)C(=O)[C@H](C)NC(=O)[C@H](CC(C)C)NC(=O)C[C@H](O)[C@H](CC1CCCCC1)NC(=O)[C@H](CCC(N)=O)N(C)C(=O)[C@@H](NC(=O)[C@H](C)O)C(C)C,0,0.5142857142857142,1.9444444444444446,1.2962962962962963
BACE,CCNc1cc(C(=O)N[C@@H](Cc2ccccc2)[C@H](O)C[NH2+]C2CCCCC2)cc(N2CCCC2=O)c1,0,0.8888888888888888,1.125,1.125
BACE,CC1(C)Cc2cc(Cl)ccc2C(N[C@@H](Cc2ccccc2)c2nc3ccncc3c(=O)[nH]2)=[NH+]1,0,0.9090909090909091,1.1,1.1
BACE,CCCCNC(=O)[C@@H](NC(=O)[C@H](C)C[C@H](O)[C@@H]1CSC/C=C/CSC[C@H](NC(=O)OC(C)(C)C)C(=O)N[C@@H](C)C(=O)N1)C(C)C,0,0.37777777777777777,1.7647058823529411,0.0
BACE,CCCN1C(=O)OC[C@@H]1Cc1cc(C[C@@H]2CS(=O)(=O)C[C@H]([NH2+]Cc3cccc(C(C)C)c3)[C@H]2O)ccc1O,0,0.7894736842105263,0.8444444444444443,1.2666666666666666
BACE,CC(C)(C)c1cccc(C[NH2+][C@H]2CS(=O)(=O)C[C@@H](Cc3cc(F)c4c(c3)C3(CCC(F)(F)CC3)CN4)[C@@H]2O)c1,0,0.7948717948717948,1.2580645161290323,1.2580645161290323
BACE,COC(=O)[C@@H]1CCCN1C(=O)[C@@H](CC1CCCCC1)N(C)C(=O)[C@H](C)NC(=O)[C@H](CC(C)C)NC(=O)C[C@H](O)[C@H](CC1CCCCC1)NC(=O)[C@@H]1C[C@H](NS(C)(=O)=O)C[C@@H](C(=O)N[C@H](C)C2CCCCC2)C1,0,0.7638888888888888,1.309090909090909,0.8727272727272727
BACE,CCCN(CCC)C(=O)c1cc(C)cc(C(=O)N[C@@H](Cc2cc(F)cc(F)c2)[C@H](O)[C@H]2C[N@@H+](Cc3ccccc3)CC[NH2+]2)c1,0,0.7045454545454546,0.9462365591397849,0.9462365591397849
BACE,CCCC(CCC)S(=O)(=O)C[C@@H](NC(=O)OCc1ccccc1)C(=O)N[C@@H](Cc1ccccc1)[C@H](O)C[NH2+]Cc1cccc(OC)c1,0,0.7021276595744681,1.4242424242424243,1.4242424242424243
BACE,CN(c1cc(C(=O)N[C@@H](Cc2ccccc2)[C@H](O)C[NH2+]C2CC2)cc(C(=O)c2ccccc2)c1)S(C)(=O)=O,1,0.8157894736842105,0.8172043010752688,0.8172043010752688
BACE,C[C@@]1(c2cc(NC(=O)c3ccc(Cl)cn3)ccc2F)C[C@@H]2C[C@@H]2C(N)=[NH+]1,1,0.8461538461538461,1.1818181818181819,1.1818181818181819
BACE,CC#Cc1cncc(-c2cccc([C@]3(C4CC4)N=C(C)C(N)=[NH+]3)c2)c1,1,0.8,1.25,1.25
BACE,Cc1cc2cc(c1)[C@@H](O)[NH2+][C@@H](c1ccccc1)C/C=C/COC[C@@H]([C@H](O)C[NH2+]Cc1cccc(C(C)C)c1)NC2=O,1,0.8536585365853658,1.1714285714285715,1.1714285714285715
BACE,O=C(N[C@@H](Cc1ccccc1)[C@H](O)C[NH2+]Cc1cccc(C(F)(F)F)c1)c1cc(N2CCCC2=O)c(=O)n(C2CCCC2)c1,1,0.8863636363636364,1.1282051282051282,1.1282051282051282
BACE,CC(C)C[C@H](NC(=O)C[C@H](O)[C@H](CC1CCCCC1)NC(=O)[C@H](CCC(N)=O)N(C)C(=O)[C@@H](NC(=O)[C@H](C)O)C(C)C)C(=O)N[C@@H](C)C(=O)N(C)[C@H](CC1CCCCC1)C(=O)[O-],1,0.46774193548387094,0.7126436781609196,1.4252873563218391
BACE,C[C@@H](NC(=O)c1cc(C(=O)N[C@@H](Cc2ccccc2)[C@H](O)[C@@H]2[NH2+]C(C)(C)N(C)C2=O)cc(N(C)S(C)(=O)=O)c1)c1ccc(F)cc1,1,0.7391304347826086,0.9019607843137255,0.9019607843137255
BACE,CC(=O)N[C@@H](Cc1cc(F)cc(F)c1)[C@H](O)C[NH2+]C1(c2cccc(-n3cccn3)c2)CCCCC1,1,0.8,0.8333333333333333,0.8333333333333333
BACE,COC(=O)[C@@H]1CCCN1C(=O)[C@@H](Cc1ccccc1)N(C)C(=O)[C@H](C)NC(=O)[C@H](CC(C)C)NC(=O)C[C@H](O)[C@H](Cc1ccccc1)NC(=O)c1cc(C(=O)N[C@H](C)c2ccccc2)cc(N(C)S(C)(=O)=O)c1,1,0.7534246575342466,0.8848484848484848,0.8848484848484848
BACE,CCC[N@H+]1CCC[C@@]12CCN([C@@H](C)C(=O)N[C@@H](Cc1ccccc1)[C@H](O)C[NH2+]Cc1cccc(C(C)C)c1)C2=O,1,0.8,1.25,1.25
BACE,COC(=O)[C@H]1CCCN1C(=O)[C@@H](Cc1ccccc1)N(C)C(=O)[C@H](C)NC(=O)[C@H](CC(C)C)NC(=O)C[C@H](O)[C@H](Cc1ccccc1)NC(=O)[C@H](CCC(N)=O)N(C)C(=O)[C@@H](NC(=O)OC(C)(C)C)C(C)C,1,0.5,0.6666666666666666,1.3333333333333333
BACE,CC(=O)Nc1c(Cl)cc(CNC(=N)NC(=O)Cn2ccc3ccc(C#N)cc32)cc1Cl,1,0.7419354838709677,0.8985507246376812,0.8985507246376812
BACE,CC(=O)N[C@@H](Cc1ccccc1)[C@H](O)C[NH2+][C@H]1CC(C)(C)Cc2nn(CC(C)(C)C)cc21,1,0.625,1.0666666666666667,1.0666666666666667
BACE,COc1cccc(-c2cccc([C@@]3(c4ccncc4)[NH+]=C(N)N4CC(F)(F)CN=C43)c2)c1F,1,0.8181818181818182,1.222222222222222,1.222222222222222
BACE,CC(C)C[C@H](NC(=O)[C@H](CC(N)=O)NC(=O)[C@@H](NC(=O)[C@@H]([NH3+])CCC(=O)[O-])C(C)C)[C@@H](O)[C@@H]1CCC[C@H]1C(=O)N[C@@H](C)C(=O)[O-],1,0.1111111111111111,0.0,0.0
BACE,CC(C)[C@H](NC(=O)C[C@H](O)[C@H](COc1cc(F)cc(F)c1)NC(=O)c1cc(C(=O)N[C@H](C)c2ccccc2)cc(N(C)S(C)(=O)=O)c1)C(=O)Nc1cc(C(=O)[O-])cc(C(=O)[O-])c1,1,0.6935483870967742,0.9612403100775193,0.9612403100775193
BACE,CCc1ccc2c(c1)[C@@H]([NH2+]C[C@@H](O)[C@@H]1Cc3cccc(c3)CCCCCCCC(=O)N1)CC1(CCC1)O2,1,0.918918918918919,1.088235294117647,1.088235294117647
BACE,CCNc1cc(C(=O)N[C@@H](Cc2ccccc2)[C@H](O)C[NH2+]C(C)(C)CCCC(C)C)cc(N2CCCC2=O)c1,1,0.5897435897435898,1.1304347826086956,1.6956521739130435
BACE,CC(C)c1cccc(C[NH2+]C[C@@H](O)[C@@H]2C[C@H](C)CCCCCCCCC(=O)N(C)[C@@H](C)C(=O)N2)c1,1,0.8,1.25,0.8333333333333333
BACE,C[C@@]1([NH3+])Cc2cccc(c2)CC[C@H](c2ccccc2)NC(=O)c2cc(cc(-c3ccccc3C#N)c2)COC1=O,1,0.9,1.1111111111111112,1.1111111111111112
BACE,CCC[C@H]1CN(Cc2ccc(CN3C(=N)N[C@](CCC4CCCCC4)(CC4CCCCC4)C3=O)cc2)C(=O)N1,1,0.9230769230769231,1.0833333333333333,1.0833333333333333
BACE,CCN1CCN2CCS(=O)(=O)N(C)c3cc(C(=O)N[C@@H](Cc4ccccc4)[C@H](O)C[NH2+]Cc4cccc(OC)c4)cc1c32,1,0.8604651162790697,1.1621621621621623,1.1621621621621623
BACE,CCn1ccc2c(N3CCCC3=O)cc(C(=O)N[C@@H](CC3=CC=CCC3)[C@H](O)C[NH2+]Cc3cccc(OC)c3)cc21,1,0.8780487804878049,1.1388888888888888,1.1388888888888888
BACE,CCc1ccc2c(c1)[C@@H]([NH2+]C[C@@H](O)[C@@H]1Cc3cccc(c3)CCCCCCC(=O)N1)CC1(CCC1)O2,1,0.9166666666666666,1.090909090909091,1.090909090909091
BACE,C[C@@H](NC(=O)c1cc(C(=O)N[C@@H](Cc2ccccc2)[C@H](O)C[NH2+]C2CC2)cc(N(C)S(C)(=O)=O)c1)c1ccccc1,1,0.8048780487804879,0.8282828282828282,0.8282828282828282
BACE,CC(=O)N[C@@H](Cc1cc(F)cc(F)c1)[C@H](O)C[NH2+][C@@]1(c2cccc(C(C)(C)C)c2)CCc2n[nH]cc2C1,1,0.7027027027027027,1.423076923076923,0.9487179487179486
BACE,COc1c(C)cc([C@@]2(c3cccc(-c4cncnc4)c3)N=C(C)C(N)=[NH+]2)cc1C,1,0.7931034482758621,0.8405797101449275,0.8405797101449275
BACE,C[C@@H](NC(=O)c1cc(-c2nnc([C@](C)([NH3+])Cc3ccccc3)o2)cc(N(C)S(C)(=O)=O)c1)c1ccc(F)cc1,1,0.7435897435897436,0.8965517241379309,1.3448275862068966
BACE,CCCC[C@H]([NH3+])[C@H](Cc1ccsc1)NC(=O)c1cc(NC[C@H]2C[C@@H]2C)nc(N(C)S(C)(=O)=O)c1,1,0.6176470588235294,0.5396825396825397,0.5396825396825397
BACE,CCCC[NH2+]C(=O)[C@@H](NC(=O)[C@@H]1CC(=O)C[C@H]1[C@H](O)[C@H](CC(C)C)NC(=O)[C@H](CCSC)NC(=O)[C@H](CC(C)C)NC(C)=O)C(C)C,1,0.1276595744680851,0.0,0.0
BACE,CC(=O)N[C@@H](Cc1ccccc1)[C@H](O)C[NH2+][C@H]1CC(C)(C)Oc2sc(CC(C)(C)C)cc21,1,0.625,1.0666666666666667,1.0666666666666667
BACE,CCC[C@H]1SC=C(c2cn[nH]c2)[C@H]1C[C@H](NC1=[NH+]C(C)(C)Cc2cc(Cl)ccc21)C(=O)[O-],1,0.71875,0.9275362318840579,0.9275362318840579
BACE,CCCN(CCC)C(=O)c1cc(C)cc(C(=O)N[C@@H](Cc2cc(F)cc(F)c2)[C@H](O)[C@H]2CN(S(=O)(=O)c3ccccc3)CC[NH2+]2)c1,1,0.717391304347826,0.9292929292929293,0.9292929292929293
BACE,CCCN(CCC)C(=O)c1cc(C)cc(C(=O)N[C@@H](Cc2cc(F)cc(F)c2)[C@H](O)[C@@H]2[NH2+]CN(Cc3ccccc3)C2=O)c1,1,0.7045454545454546,0.9462365591397849,0.9462365591397849
BACE,CCCN(CCC)C(=O)c1cc(C)cc(C(=O)N[C@@H](Cc2cc(F)cc(F)c2)[C@H](O)[C@H]2C[C@@H](OCc3ccccc3)C[NH2+]2)c1,1,0.7045454545454546,0.9462365591397849,0.9462365591397849
BACE,CCCN(CCC)C(=O)c1cc(C)cc(C(=O)N[C@@H](Cc2cc(F)cc(F)c2)[C@H](O)[C@@H]2[NH2+]CCN(Cc3ccccc3)C2=O)c1,1,0.7111111111111111,0.9374999999999999,0.9374999999999999
BACE,CCCN(CCC)C(=O)c1cc(C)cc(C(=O)N[C@@H](Cc2cc(F)cc(F)c2)[C@H](O)[C@H]2C[C@@H](Oc3ccccc3)C[NH2+]2)c1,1,0.6976744186046512,0.9555555555555555,0.9555555555555555
BACE,CC(C)c1cccc(C[NH2+]C[C@@H](O)[C@H](Cc2ccccc2)NC(=O)[C@@H]2CCC[C@H](C(C)(C)N3CCCCC3=O)C2)c1,1,0.8536585365853658,1.1714285714285715,1.1714285714285715
BACE,CCc1ccc2c(c1)[C@@H]([NH2+]C[C@@H](O)[C@@H]1Cc3cccc(c3)CCCCn3cc(ccc3=O)C(=O)N1)CC1(CCC1)O2,1,0.926829268292683,1.0789473684210527,1.0789473684210527
BACE,CC#Cc1cncc(-c2cccc([C@@]3(c4cc(C)c(=O)n(CC)c4)[NH+]=C(N)c4c(F)cccc43)c2)c1,1,0.7777777777777778,0.8571428571428571,1.2857142857142856
BACE,CCCCCS(=O)(=O)C[C@@H](NC(=O)c1cccnc1)C(=O)N[C@@H](Cc1cc(F)cc(F)c1)[C@H](O)C[NH2+]Cc1cccc(CC)c1,1,0.6888888888888889,1.4516129032258065,1.4516129032258065
BACE,Cc1ccccc1-c1ccc2nc(N)c(C[C@@H](C)C(=O)N[C@@H]3CCOC(C)(C)C3)cc2c1,1,0.84375,1.1851851851851851,1.1851851851851851
druglikeRandom,CN1C(C(=O)NC2=CC=CC=N2)=C(O)C2=C(C=C(Cl)S2)S1(=O)=O,1,0.8695652173913043,1.1500000000000001,0.7666666666666666
druglikeRandom,[H][C@@]1(CC[C@@]2([H])[C@]3([H])CC=C4C[C@@H](O)CC[C@]4(C)[C@@]3([H])CC[C@]12C)[C@H](C)CCCC(C)C,1,0.6071428571428571,0.0,1.0980392156862746
druglikeRandom,NC1=C2N=CN([C@H]3C[C@H](O)[C@@H](CO)O3)C2=NC(Cl)=N1,1,0.7368421052631579,1.3571428571428572,0.9047619047619048
druglikeRandom,C[C@@H](NCCCC1=CC(=CC=C1)C(F)(F)F)C1=CC=CC2=CC=CC=C12,1,0.8076923076923077,1.2380952380952381,1.2380952380952381
druglikeRandom,CN(C)c1ccc(C[N@H+]2CC[C@@]3(CC2)CN(c2ccccc2)C3=O)cc1,0,0.8846153846153846,1.1304347826086958,0.7536231884057971
druglikeRandom,COC(=O)c1cc(OC)c2ccccc2c1OC,0,0.5555555555555556,1.2,1.2
druglikeRandom,CCCCc1ccc(NC(=S)N2CCN(c3ccc(OC)cc3)CC2)cc1,0,0.7777777777777778,1.2857142857142856,0.8571428571428571
druglikeRandom,[H][C@]12SCC(C=CC)=C(N1C(=O)[C@@]2([H])NC(=O)[C@H](N)C1=CC=C(O)C=C1)C(O)=O,1,0.7037037037037037,0.9473684210526315,1.4210526315789473
druglikeRandom,CC(C)Cc1ccc([C@H](C)NC(=O)CSc2nnc(N3CCCC3)s2)cc1,0,0.8148148148148148,0.4090909090909091,1.2272727272727273
druglikeRandom,Cc1cccc(C)c1NS(=O)(=O)c1cc(F)ccc1CN1C(=O)c2cccnc2C1=O,0,0.9032258064516129,1.1071428571428572,1.1071428571428572
druglikeRandom,CCC1=C(NC2CCOCC2)N=C(NC2=CC=C(N3CCC(CC3)N3CCN(C)CC3)C(OC)=C2)C(=N1)C(N)=O,1,0.8,1.25,1.25
druglikeRandom,CCN(CC)CCOCCOC(=O)C(CC)(CC)C1=CC=CC=C1,1,0.25,0.0,0.0
druglikeRandom,CCOC1=CC=CC=C1OCC1CNCCO1,1,0.8235294117647058,1.2142857142857144,1.2142857142857144
druglikeRandom,[H]C(CCN(C)C)=C1C2=CC=CC=C2COC2=CC=CC=C12,1,0.7619047619047619,0.875,1.3125
druglikeRandom,CN1C2=C(C=C(Cl)C=C2)C(=NCC1=O)C1=CC=CC=C1,1,0.9,1.1111111111111112,1.1111111111111112
druglikeRandom,CCOC(=O)c1ccc(N2C(=O)C(O)=C(C(=O)c3ccc(OC)cc3)[C@H]2c2ccccc2F)cc1,0,0.7428571428571429,1.346153846153846,1.346153846153846
druglikeRandom,O=C(Nc1cccc(C(=O)Nc2ccc(F)c(F)c2)c1)c1ccccc1,0,0.9230769230769231,1.0833333333333333,1.0833333333333333
druglikeRandom,NC1=CC(=CNC1=O)C1=CC=NC=C1,1,0.9285714285714286,0.7179487179487178,0.7179487179487178
druglikeRandom,Cc1cccc(NC(=O)[C@H]2Cc3ccccc3C(=O)O2)c1,0,0.9523809523809523,1.05,0.7
druglikeRandom,CC(C)Sc1ccc(CC(=O)NC[C@H](O)c2ccsc2)cc1,0,0.7727272727272727,1.2941176470588236,0.8627450980392156
druglikeRandom,COc1cccc(CN(C(=O)c2oc3cc(C)c(Cl)cc3c2C)[C@@H]2CCS(=O)(=O)C2)c1,0,0.8387096774193549,1.1923076923076923,1.1923076923076923
druglikeRandom,Cc1cccc(NC(=O)[C@@H]2CC=CC[C@@H]2C(=O)N2CCCCC2)c1,0,0.9583333333333334,1.0434782608695652,1.0434782608695652
druglikeRandom,CC[C@]1(O)CC[C@@H](COC)C1,0,0.45454545454545453,0.7333333333333333,0.0
druglikeRandom,Cc1cccc(NC(=S)NNC(=O)[C@H](C)Oc2cccc(C#N)c2)c1C,0,0.8076923076923077,1.2380952380952381,1.2380952380952381
druglikeRandom,[H][C@](NC(=O)[C@H](CC1=CC=C(OS(O)(=O)=O)C=C1)NC(=O)[C@H](CC(O)=O)NC(=O)[C@H](CCC(N)=O)NC(=O)[C@@H]1CCC(=O)N1)([C@@H](C)O)C(=O)NCC(=O)N[C@@H](CC1=CNC2=CC=CC=C12)C(=O)N[C@@H](CCSC)C(=O)N[C@@H](CC(O)=O)C(=O)N[C@@H](CC1=CC=CC=C1)C(N)=O,1,0.7021276595744681,0.4747474747474747,0.9494949494949494
druglikeRandom,CC[N+](C)(CC)CCOC(=O)C1C2=CC=CC=C2OC2=CC=CC=C12,1,0.56,1.1904761904761902,1.7857142857142856
druglikeRandom,CCCOC1=C(C=C(C=C1)S(=O)(=O)NCCC1CCCN1C)C1=NC(=O)C2=C(N1)C(CCC)=NN2C,1,0.75,1.3333333333333333,1.3333333333333333
druglikeRandom,[H][C@@]1(C[C@@](C)(OC)[C@@H](O)[C@H](C)O1)O[C@H]1[C@H](C)[C@@H](O[C@]2([H])O[C@H](C)C[C@@H]([C@H]2O)N(C)C)[C@@](C)(C[C@@H](C)C(=O)[C@H](C)[C@@H](O)[C@](C)(O)[C@@H](CC)OC(=O)[C@@H]1C)OC,1,0.5769230769230769,1.1555555555555557,1.1555555555555557
druglikeRandom,COCC(=O)NC1=C(I)C(C(=O)N(C)CC(O)CO)=C(I)C(C(=O)NCC(O)CO)=C1I,1,0.1875,1.7777777777777777,3.5555555555555554
druglikeRandom,COCCNc1nc(N[C@@H]2CCNC2=O)c2c([nH+]1)CCNCC2,0,0.782608695652174,0.8518518518518517,0.8518518518518517
druglikeRandom,CC(=O)Nc1c(-c2ccccc2)c(C)nn1-c1ccc(C(=O)NCc2ccc3c(c2)OCO3)cc1,0,0.8571428571428571,0.7777777777777778,0.7777777777777778
druglikeRandom,CSc1cccc(NC(=O)Nc2cccn3c(C)nnc23)c1,0,0.8636363636363636,0.7719298245614035,0.7719298245614035
druglikeRandom,O=[N+]([O-])c1cc(Cl)cc(/C=N/[C@@H]2CCN(CC(F)(F)F)C2)c1O,0,0.5652173913043478,1.1794871794871795,1.1794871794871795
druglikeRandom,[H][C@@]12CN(C[C@]1([H])[C@H]2N)C1=NC2=C(C=C1F)C(=O)C(=CN2C1=C(F)C=C(F)C=C1)C(O)=O,1,0.7666666666666667,1.3043478260869565,0.8695652173913042
druglikeRandom,Cc1ccccc1NC(=O)[C@@H](C)n1nc(Cc2ccccc2)c2ccccc2c1=O,0,0.9333333333333333,1.0714285714285714,1.0714285714285714
druglikeRandom,CCN(CC)C1=CC=C(C=C1)C(C1=CC=CC=C1)=C1C=CC(C=C1)=[N+](CC)CC,1,0.6896551724137931,0.9666666666666666,1.45
druglikeRandom,C[N@H+]1CCC[C@@H]1CCN1CCc2onc(-c3cccc4ccccc34)c2C1,0,0.9629629629629629,1.0384615384615385,1.0384615384615385
druglikeRandom,O=C(c1ccccc1[N+](=O)[O-])N1CCN(c2[nH+]ccn2-c2ccccc2F)CC1,0,0.8620689655172413,0.7733333333333333,1.1600000000000001
druglikeRandom,COC1=CC(O)=C(C=C1)C(=O)C1=CC=CC=C1,1,0.8235294117647058,0.8095238095238095,0.8095238095238095
druglikeRandom,NCC(CC(O)=O)C1=CC=C(Cl)C=C1,1,0.42857142857142855,0.7777777777777778,0.0
druglikeRandom,O=C(NC1CCCCC1)c1c[nH]c2ccc(S(=O)(=O)Nc3cccc(C(F)(F)F)c3)cc2c1=O,0,0.8823529411764706,1.1333333333333333,1.1333333333333333
druglikeRandom,Cc1c(NC(=O)COc2ccc(Br)cc2)cccc1-c1nc2ncccc2o1,0,0.9285714285714286,0.7179487179487178,0.7179487179487178
druglikeRandom,CN(C)C1=NC(=NC(=N1)N(C)C)N(C)C,1,0.4,0.0,0.0
druglikeRandom,CC(CNC1CCCCC1)OC(=O)C1=CC=CC=C1,1,0.9473684210526315,0.7037037037037037,0.7037037037037037
druglikeRandom,O=C(Nc1ccc(OC(F)F)cc1)[C@H]1CCCN1C(=O)C12C[C@H]3C[C@@H](C1)C[C@@H](C2)C3,0,0.8666666666666667,0.7692307692307692,0.7692307692307692
druglikeRandom,CCCNS(=O)(=O)NC1=C(C(OCCOC2=NC=C(Br)C=N2)=NC=N1)C1=CC=C(Br)C=C1,1,0.6875,0.9696969696969696,0.9696969696969696
druglikeRandom,[H][C@@]12CCCC[C@@]11CCN(CC=C)[C@@H]2CC2=C1C=C(O)C=C2,1,0.8095238095238095,1.2352941176470589,1.2352941176470589
druglikeRandom,CSc1ccc(N2C[C@@H](C(=O)NCCCOC3CCCCC3)CC2=O)cc1,0,0.9259259259259259,0.72,0.72
druglikeRandom,OC1=CC=C2C(OC3=CC(O)=CC=C3C22OC(=O)C3=C2C=CC=C3)=C1,1,0.92,1.0869565217391304,1.0869565217391304
druglikeRandom,CC[C@H](C)Oc1ccc(NC(=O)[C@H](NC(N)=O)[C@H](C)CC)cc1,0,0.2608695652173913,0.0,0.0
druglikeRandom,[H][C@@]12CSSC[C@H](NC(=O)CNC(=O)[C@@]([H])(NC(=O)[C@]([H])(CSSC[C@H](NC(=O)[C@H](CCC(O)=O)NC(=O)[C@H](CC(O)=O)NC(=O)[C@@H](N)CC(N)=O)C(=O)N[C@@H](CCC(O)=O)C(=O)N[C@@H](CC(C)C)C(=O)N1)NC(=O)[C@H](C)NC(=O)[C@@H](NC(=O)[C@H](CC(N)=O)NC(=O)[C@@H](NC2=O)C(C)C)C(C)C)[C@@H](C)O)C(=O)N[C@@H](CC(C)C)C(O)=O,1,0.4690265486725664,2.132075471698113,2.132075471698113
druglikeRandom,COc1ccc(C2(CNC(=O)c3ccc(Br)cc3)CCCC2)cc1,0,0.875,0.7619047619047619,1.1428571428571428
druglikeRandom,OC1=CC=C(C=C1)C1(OC(=O)C2=CC=CC=C12)C1=CC=C(O)C=C1,1,0.9166666666666666,1.090909090909091,1.090909090909091
druglikeRandom,CC(C)Cn1c([C@@H](C)NC(=S)Nc2ccccc2F)nc2cc(C(=O)O)ccc21,0,0.6896551724137931,0.9666666666666666,0.9666666666666666
druglikeRandom,OC(=O)COC(=O)CC1=CC=CC=C1NC1=C(Cl)C=CC=C1Cl,1,0.5652173913043478,1.1794871794871795,1.7692307692307694
druglikeRandom,COC1=CC2=C(SC3=C(C=CC=C3)N2C[C@H](C)CN(C)C)C=C1,1,0.6086956521739131,1.6428571428571428,0.5476190476190476
druglikeRandom,Cc1occc1C(=O)NNC(=S)N[C@@H]1CCCC[C@@H]1C,0,0.9,1.1111111111111112,1.1111111111111112
druglikeRandom,N#Cc1ccc(OCC(=O)Nc2ccc(N3CCCC3)cc2)cc1,0,0.9166666666666666,0.7272727272727273,1.090909090909091
druglikeRandom,O=C(O)[C@H]1CC=CC[C@@H]1C(=O)Nc1nc2c(s1)CCCC2,0,0.8571428571428571,0.7777777777777778,0.7777777777777778
druglikeRandom,O[C@@H](CNCCCCC1=CC=C(O)C=C1)C1=CC(O)=C(O)C=C1,1,0.8260869565217391,1.2105263157894737,0.40350877192982454
druglikeRandom,CC(C)COCCC(=O)OCc1coc(-c2ccccc2)n1,0,0.5,0.6666666666666666,0.6666666666666666
druglikeRandom,NC1=CC=NC=C1,1,0.8571428571428571,0.7777777777777778,1.1666666666666667
druglikeRandom,C[C@H](CS)C(=O)N1CCC[C@H]1C(O)=O,1,0.35714285714285715,0.9333333333333332,0.9333333333333332
druglikeRandom,CN1CCC(CC1)C(=O)C1=CC=CC(NC(=O)C2=C(F)C=C(F)C=C2F)=N1,1,0.8518518518518519,0.7826086956521738,1.1739130434782608
druglikeRandom,[H][C@@]12CC[C@@](O)(C#C)[C@@]1(CC)CC[C@]1([H])[C@@]3([H])CCC(=O)C=C3CC[C@@]21[H],1,0.782608695652174,0.8518518518518517,0.8518518518518517
druglikeRandom,Nc1nc(N2CCC[C@](CO)(CCc3ccccc3)C2)c2cn[nH]c2n1,0,0.8846153846153846,0.7536231884057971,1.1304347826086958
druglikeRandom,COC1=C(C=C(C=C1C1=CC2=CC=C(NS(C)(=O)=O)C=C2C=C1)N1C=CC(=O)NC1=O)C(C)(C)C,1,0.6857142857142857,0.9722222222222222,1.4583333333333333
druglikeRandom,Cn1cc(C[C@H]2[C@H](N(C)C)CCN2Cc2cccc(F)c2)cn1,0,0.782608695652174,1.2777777777777777,1.2777777777777777
druglikeRandom,CCn1nc(C)c(CN/C(=N\C(=O)c2ccc(C)c(F)c2)Nc2cccc(C)c2)c1C,0,0.7741935483870968,1.2916666666666667,1.2916666666666667
druglikeRandom,C[C@@H]1C[C@@H](C)CN(C[C@@H](C)NC(=O)NCc2ccnc(-n3cccn3)c2)C1,0,0.8888888888888888,1.125,1.125
druglikeRandom,CCN1C=CC(NS(=O)(=O)C2=CC=C(N)C=C2)=NC1=O,1,0.85,1.1764705882352942,1.1764705882352942
druglikeRandom,COC1=C(C=C2C(OC3=CC=C(NC(=O)NC4CC4)C(Cl)=C3)=CC=NC2=C1)C(N)=O,1,0.8,1.25,1.25
druglikeRandom,Cc1cc([C@H](C)N[C@H](C)c2ccc(-n3cncn3)cc2)c(C)o1,0,0.8260869565217391,1.2105263157894737,1.2105263157894737
druglikeRandom,CCC(=O)NCC[C@@H]1CCC2=C1C1=C(OCC1)C=C2,1,0.631578947368421,0.5277777777777778,0.5277777777777778
druglikeRandom,CC(=O)CC(C1=CC=CC=C1)C1=C(O)C2=C(OC1=O)C=CC=C2,1,0.782608695652174,1.2777777777777777,1.2777777777777777
druglikeRandom,CCCC[C@H](CC)CNC(=O)Nc1ccc(NC(=O)[C@@H]2CCCO2)cc1,0,0.5384615384615384,0.0,0.6190476190476191
druglikeRandom,C[C@H]1NN(C)c2[nH+]cc(NC(=O)CCC3=c4ccccc4=NC3)cc21,0,0.92,1.0869565217391304,1.0869565217391304
druglikeRandom,COC(=O)C1=C(C)NC2=C(C(=O)c3ccccc32)[C@@H]1c1ccccc1Br,0,0.7692307692307693,0.8666666666666666,0.8666666666666666
druglikeRandom,CCC1(C)OC(=O)N(C)C1=O,1,0.6363636363636364,0.5238095238095238,1.0476190476190477
druglikeRandom,O=C1C[C@H](C(=O)N2CCCc3cccc(OC(F)F)c32)CN1Cc1ccco1,0,0.8571428571428571,0.7777777777777778,0.7777777777777778
druglikeRandom,Cc1cn2nc(NCCS(=O)(=O)N3CCSCC3)sc2n1,0,0.9523809523809523,1.05,1.05
druglikeRandom,[H][C@]12C[C@@H](OC(=O)C3=CC(OC)=C(OC)C(OC)=C3)[C@H](OC)[C@@H](C(=O)OC)[C@@]1([H])C[C@@]1([H])N(CCC3=C1NC1=CC=CC=C31)C2,1,0.7142857142857143,1.4,1.4
druglikeRandom,C[C@H]1OC(C)(C)N(C(=O)OC(C)(C)C)[C@H]1C(=O)NCc1ccc[nH+]c1N1CCCCC1,0,0.6774193548387096,1.4761904761904763,1.4761904761904763
druglikeRandom,CC1(C)O[C@@H]2C[C@H]3[C@@H]4C[C@H](F)C5=CC(=O)CC[C@]5(C)[C@H]4[C@@H](O)C[C@]3(C)[C@@]2(O1)C(=O)CO,1,0.6774193548387096,1.4761904761904763,0.9841269841269842
druglikeRandom,CC(C)(OC1=CC=C(C=C1)C(=O)C1=CC=C(Cl)C=C1)C(O)=O,1,0.6363636363636364,1.0476190476190477,0.5238095238095238
druglikeRandom,Cc1cccc(NC(=O)[C@@H](C)Sc2nc(C3CC3)n(-c3ccccc3)n2)c1,0,0.9259259259259259,1.08,1.08
druglikeRandom,CC1=NOC(NS(=O)(=O)C2=C(SC=C2)C(=O)CC2=CC3=C(OCO3)C=C2C)=C1Cl,1,0.896551724137931,1.1153846153846154,1.1153846153846154
druglikeRandom,CCCNC(C)C(=O)NC1=CC=CC=C1C,1,0.375,0.0,0.0
druglikeRandom,CC(C)CCNC(=O)COC(=O)c1ccc2ncsc2c1,0,0.42857142857142855,0.7777777777777778,0.7777777777777778
druglikeRandom,O=C1COc2ccc(OC(F)(F)F)cc21,0,0.6666666666666666,1.5,1.5
druglikeRandom,CS(=O)(=O)c1ccc(N2CCN([C@@H]3CC(=O)N(c4ccc5c(c4)OCO5)C3=O)CC2)cc1,0,0.875,1.1428571428571428,1.1428571428571428
druglikeRandom,Fc1ccc(F)c(CN[C@H]2CCCOc3ccc(F)cc32)c1,0,0.8636363636363636,1.1578947368421053,1.1578947368421053
druglikeRandom,COc1ccc(OC)c(/C=C/[C@@]23NC(=O)CCN2c2ccccc2C3(C)C)c1,0,0.7857142857142857,1.2727272727272727,1.2727272727272727
druglikeRandom,C#CCN1CCC(C(=O)NCC2(c3ccc4c(c3)OCO4)CCCCC2)CC1,0,0.8928571428571429,0.3733333333333333,0.3733333333333333
druglikeRandom,COc1ccc(CC(=O)Nc2cc(-c3cn4nc(OC)ccc4n3)ccc2Cl)cc1,0,0.8333333333333334,1.2,1.2
druglikeRandom,CCOC1=C(OCC)C=C(\C=C2/NCCC3=CC(OCC)=C(OCC)C=C23)C=C1,1,0.5862068965517241,1.1372549019607843,1.7058823529411766
druglikeRandom,CC1=CC(OCCCC(C)(C)C(O)=O)=C(C)C=C1,1,0.3333333333333333,1.0,0.0
druglikeRandom,CN1C(C(=O)NC2=CC=CC=N2)=C(O)C2=C(C=CS2)S1(=O)=O,1,0.9090909090909091,1.1,1.1
druglikeRandom,CCN(CC)CCCC(C)NC1=C2C=CC(Cl)=CC2=NC=C1,1,0.45454545454545453,1.4666666666666666,1.4666666666666666
druglikeRandom,CCc1cnn2c(=O)cc(-c3ccccc3OC)[nH]c12,0,0.8,0.8333333333333333,0.8333333333333333
druglikeRandom,CC(O)=NC1=C(I)C(C(O)=NCCO)=C(I)C(C(O)=O)=C1I,1,0.2727272727272727,3.666666666666667,0.0
druglikeRandom,CC(C)C1=CC=CC(C(C)C)=C1OCOP(O)(O)=O,1,0.3157894736842105,1.0555555555555556,2.111111111111111
druglikeRandom,CN(C)CCN1C2=CC=CC=C2N(C)C2=CC=CC=C2C1=O,1,0.7272727272727273,1.375,1.375
druglikeRandom,Cc1ccc(Cl)cc1NC(=O)c1cnc2c(-c3ccc(F)cc3)c(C)nn2c1C,0,0.8275862068965517,0.8055555555555555,0.8055555555555555
druglikeRandom,FC(F)(F)COCCC[N@H+]1CCCSCC1,0,0.4375,1.5238095238095237,0.7619047619047619
druglikeRandom,O=C(Cc1ccccc1F)N1CCN(C(=O)NC2CCCC2)CC1,0,0.9583333333333334,1.0434782608695652,1.0434782608695652
druglikeRandom,COC1=CC(O)=C(C=C1)C(=O)C1=CC=CC=C1O,1,0.7777777777777778,1.2857142857142856,0.8571428571428571
druglikeRandom,CC(C)NC1=C(N=CC=C1)N1CCN(CC1)C(=O)C1=CC2=C(N1)C=CC(NS(C)(=O)=O)=C2,1,0.71875,0.46376811594202894,0.46376811594202894
druglikeRandom,CC(C)COC[C@H](O)CNCc1cnn(-c2ccccc2)c1,0,0.5,0.0,0.0
druglikeRandom,CCc1n[nH]c(S[C@@H](C)C(=O)NCc2ccccc2F)n1,0,0.8095238095238095,1.2352941176470589,1.2352941176470589
druglikeRandom,CSC[C@@H](C)NC(=O)N[C@@H](C(N)=O)c1ccccc1,0,0.3157894736842105,0.0,0.0
druglikeRandom,ClC1=CC=C2N=C3NC(=O)CN3CC2=C1Cl,1,0.875,1.1428571428571428,1.1428571428571428
druglikeRandom,Cc1cc(C)n(CCN2CCCN(S(=O)(=O)c3ccc4c(c3)CCCC4)CC2)n1,0,0.9310344827586207,1.0740740740740742,1.0740740740740742
druglikeRandom,CC[C@H]1C[N@@H+](Cc2ccc(O[C@@H](C)C(=O)OC)cc2)C[C@H](C)O1,0,0.5652173913043478,1.7692307692307694,1.1794871794871795
druglikeRandom,[H]C1=NOC(=C1C(=O)C1=C(C([H])=C(C([H])=C1[H])C(F)(F)F)S(=O)(=O)C([H])([H])[H])C1([H])C([H])([H])C1([H])[H],1,0.6666666666666666,1.5,1.5
druglikeRandom,CCCc1c[nH+]c(C)nc1NCC(=O)NC(C)(C)C,0,0.3157894736842105,0.0,1.0555555555555556
druglikeRandom,Cn1cc(NC(=O)/C=C/c2ccc(-c3cccc(Br)c3)s2)cn1,0,0.9130434782608695,0.36507936507936506,0.7301587301587301
druglikeRandom,CC(=O)c1nn(-c2cccc(Cl)c2)cc1C(=O)c1cccs1,0,0.8181818181818182,0.8148148148148148,0.8148148148148148
druglikeRandom,CCC1=CC(=CC=C1CN1CC(C1)C(O)=O)C(\C)=N\OCC1=CC=C(C2CCCCC2)C(=C1)C(F)(F)F,1,0.7297297297297297,0.4567901234567901,0.9135802469135802
druglikeRandom,NC1=CC=C(C=C1)S(=O)(=O)NC1=CC=NN1C1=CC=CC=C1,1,0.9545454545454546,1.0476190476190477,1.0476190476190477
druglikeRandom,C[C@H]1CC[N@H+](CCCNC(=O)CCNS(=O)(=O)c2cccs2)CC1,0,0.9583333333333334,1.0434782608695652,1.0434782608695652
druglikeRandom,CCN(CC)CC(=O)NC1=C(C)C=CC=C1C,1,0.35294117647058826,0.0,0.0
druglikeRandom,C[C@@H]1O[C@@H]1P(O)(O)=O,1,0.375,0.8888888888888888,1.7777777777777777
druglikeRandom,CN(C)CCOC(C)(C1=CC=CC=C1)C1=CC=CC=N1,1,0.65,1.0256410256410255,1.5384615384615383
druglikeRandom,CCN(CCO)C(=O)c1ccc(F)cc1Cl,0,0.375,0.8888888888888888,0.0
druglikeRandom,COc1cc(Nc2ncc3c(n2)CCN(Cc2cccc(Br)c2)C3)cc(OC)c1,0,0.8275862068965517,1.2083333333333333,1.2083333333333333
druglikeRandom,NC1=NC(=O)C2=C(N1)N(COCCO)C=N2,1,0.625,1.0666666666666667,1.6
druglikeRandom,CCCCC1=NC(Cl)=C(CO)N1CC1=CC=C(C=C1)C1=CC=CC=C1C1=NNN=N1,1,0.7666666666666667,1.3043478260869565,1.3043478260869565
druglikeRandom,Cc1cc(Br)cc(C)c1NC(=O)c1cccs1,0,0.8235294117647058,1.2142857142857144,1.2142857142857144
druglikeRandom,COc1ccc(OC)c([C@@H](C)NC(=O)C[N@H+]2CCC[C@@H]2c2ccc3c(c2)OCCO3)c1,0,0.8387096774193549,1.1923076923076923,1.1923076923076923
druglikeRandom,COC(=O)[C@@H]1C[C@H](O)C[N@@H+]1CCn1cccn1,0,0.7058823529411765,1.4166666666666665,0.9444444444444443
druglikeRandom,[H]\C(=C(\[H])C1=CC(OC)=C(O)C=C1)C(=O)OCC,1,0.375,1.7777777777777777,1.7777777777777777
druglikeRandom,O=C(Nc1ccc([N+](=O)[O-])cn1)C(Cl)(Cl)Cl,0,0.375,2.6666666666666665,0.8888888888888888
druglikeRandom,[H][C@]1(C)C[C@@]2([H])[C@]3([H])CCC4=CC(=O)C=C[C@]4(C)[C@@]3([H])C(=O)C[C@]2(C)[C@@]1(O)C(=O)CO,1,0.7037037037037037,0.9473684210526315,1.4210526315789473
druglikeRandom,OCC1(CO)O[C@H](O)[C@@H](O)O1,0,0.45454545454545453,2.2,0.7333333333333333
druglikeRandom,COc1cccc(CC(=O)OCC(=O)Nc2c(C)cccc2C)c1,0,0.8333333333333334,1.2,0.7999999999999999
druglikeRandom,CCOC(=O)C1(CCN(CCC2=CC=C(N)C=C2)CC1)C1=CC=CC=C1,1,0.7692307692307693,0.8666666666666666,1.2999999999999998
druglikeRandom,CC1(C)OC[C@H](COC(=O)[C@@H]2CCC[N@H+]2Cc2ccccc2)O1,0,0.9130434782608695,1.0952380952380953,1.0952380952380953
druglikeRandom,CCN(C(=O)C=CC)C1=CC=CC=C1C,1,0.4,0.8333333333333333,0.0
druglikeRandom,COc1ccccc1-n1c(SCC(=O)OC(C)(C)C)nc2ccccc2c1=O,0,0.6071428571428571,0.5490196078431373,1.0980392156862746
druglikeRandom,CC1=C(S(=O)(=O)Nc2ccc(F)c(F)c2)[C@H](C)N=N1,0,0.7894736842105263,1.2666666666666666,1.2666666666666666
druglikeRandom,Cc1cc(-c2ccccc2)nc(SCC(=O)N[C@@H]2CCCC[C@@H]2C)n1,0,0.92,1.0869565217391304,1.0869565217391304
druglikeRandom,[H][C@@]12CCCC[C@@]11CCN(C)[C@@H]2CC2=C1C=C(O)C=C2,1,0.8947368421052632,0.7450980392156862,1.1176470588235294
druglikeRandom,Cc1cc(NC(=O)c2cccc(OCc3cccc(Cl)c3)c2)n([C@H]2CCS(=O)(=O)C2)n1,0,0.9354838709677419,1.0689655172413794,1.0689655172413794
druglikeRandom,BrC1=C(NC2=NCCN2)C=CC2=NC=CN=C12,1,0.9411764705882353,1.0625,1.0625
druglikeRandom,CC1(C)C[C@@H]1C(=O)N\C(=C/CCCCSC[C@H](N)C(O)=O)C(O)=O,1,0.125,0.0,0.0
druglikeRandom,[H][C@@]12CC[C@](O)(C(=O)OCCl)[C@@]1(C)C[C@H](O)[C@@]1([H])[C@@]2([H])CCC2=CC(=O)C=C[C@]12C,1,0.6666666666666666,1.0,1.0
druglikeRandom,OC(C1CCCCN1)C1=CC(=NC2=C1C=CC=C2C(F)(F)F)C(F)(F)F,1,0.6538461538461539,1.5294117647058822,1.0196078431372548
druglikeRandom,C[C@@H](OC[C@]1(CC[C@]2(CCC(=O)N2)CN1)C1=CC=CC=C1)C1=CC(=CC(=C1)C(F)(F)F)C(F)(F)F,1,0.7428571428571429,0.8974358974358974,1.346153846153846
druglikeRandom,CC(C)[C@@H]1CC[C@@H](C)C[C@H]1OC(=O)C1=CC=CC=C1O,1,0.75,0.8888888888888888,1.3333333333333333
druglikeRandom,CC(C)[C@H](N1CCCNC1=O)C(=O)N[C@H](C[C@H](O)[C@H](CC1=CC=CC=C1)NC(=O)COC1=C(C)C=CC=C1C)CC1=CC=CC=C1,1,0.8695652173913043,1.1500000000000001,0.7666666666666666
druglikeRandom,C[C@@H](O)[C@@H]1NC(=O)[C@H](CC2=CC=CC=C2)NC(=O)[C@@H](NC(=O)[C@H](CCCCN)NC(=O)[C@H](CC2=CNC3=C2C=CC=C3)NC(=O)[C@H](CC2=CC=CC=C2)NC(=O)[C@H](CC2=CC=CC=C2)NC(=O)[C@H](CC(N)=O)NC(=O)[C@H](CCCCN)NC(=O)[C@H](CSSC[C@H](NC(=O)[C@H](CO)NC1=O)C(O)=O)NC(=O)CNC(=O)[C@H](C)N)[C@@H](C)O,1,0.6956521739130435,0.9583333333333333,0.9583333333333333
druglikeRandom,CNCCC=C1C2=CC=CC=C2CCC2=CC=CC=C12,1,0.8,0.8333333333333333,1.25
druglikeRandom,CCOC(=O)C(C)(C)OC1=CC=C(Cl)C=C1,1,0.375,1.7777777777777777,2.6666666666666665
druglikeRandom,OC(=O)[C@@H]1CCC(=O)N1,1,0.6666666666666666,1.0,1.5
druglikeRandom,NC1=CC2=NC3=C(C=CC(N)=C3)C=C2C=C1,1,0.875,1.1428571428571428,0.7619047619047619
druglikeRandom,[H][C@@]12CC[C@](O)(C(=O)COC(C)=O)[C@@]1(C)CC(=O)[C@@]1([H])[C@@]2([H])CCC2=CC(=O)C=C[C@]12C,1,0.6551724137931034,1.5263157894736843,1.0175438596491229
druglikeRandom,COc1ccc(Br)cc1/C=C/C(=O)c1cccs1,0,0.8333333333333334,0.7999999999999999,0.7999999999999999
druglikeRandom,CCCSC1=CC2=C(C=C1)N=C(NC(=O)OC)N2,1,0.5,0.6666666666666666,0.6666666666666666
druglikeRandom,CN1CCC(CC1)=C1C2=CC=CC=C2SC2=CC=CC=C12,1,0.9523809523809523,0.7,0.7
druglikeRandom,CC(CN1CCCCC1)CC1=CC=C(C=C1)C(C)(C)C,1,0.75,0.4444444444444444,0.8888888888888888
druglikeRandom,NC1=CC=C(C=C1)C(=O)NCC(O)=O,1,0.42857142857142855,1.5555555555555556,0.7777777777777778
druglikeRandom,O=C1N[C@H](c2cccc(Br)c2)c2c1oc1ccc(Cl)cc1c2=O,0,0.9130434782608695,1.0952380952380953,1.0952380952380953
druglikeRandom,COc1ncc(NC(=O)CCc2ccccc2)c(OC)n1,0,0.8095238095238095,0.4117647058823529,0.8235294117647058
druglikeRandom,CSc1ccc(CNC(=O)c2ccc(NC(=O)N3C[C@H](C)Sc4ccccc43)cc2)cc1,0,0.90625,0.735632183908046,0.735632183908046
druglikeRandom,Cc1nc2nc(S[C@H](C)C(=O)NC3(C#N)CCCCC3)nn2c(C)c1CCC(=O)O,0,0.6666666666666666,1.5,0.5
druglikeRandom,CCN(CC)c1ccc(/C=N/c2ccc(S(=O)(=O)NC(C)=O)cc2)c(O)c1,0,0.5185185185185185,0.6428571428571429,1.2857142857142858
druglikeRandom,CC(O)CC1(CC=C)C(=O)NC(=O)NC1=O,1,0.5625,0.5925925925925926,1.1851851851851851
druglikeRandom,Brc1ccccc1-c1nc2c3ccccc3ncn2n1,0,0.95,0.7017543859649122,1.0526315789473684
druglikeRandom,Cc1nc([C@@H]2CCCCN2C(=O)c2cccnc2N)nc2c1CCC(=O)N2CC1CC1,0,0.9354838709677419,1.0689655172413794,1.0689655172413794
druglikeRandom,[H][C@]1([C@@H](C)O)C(=O)N2C(C(O)=O)=C(S[C@@H]3CN[C@@H](C3)C(=O)N(C)C)[C@H](C)[C@]12[H],1,0.5384615384615384,1.2380952380952381,0.6190476190476191
druglikeRandom,COc1ccc(NC(=S)N2CCn3cccc3[C@@H]2c2ccc(OC)cc2)cc1,0,0.8571428571428571,1.1666666666666667,0.3888888888888889
druglikeRandom,CC(N)CC1=CC=C(O)C=C1,1,0.5454545454545454,1.2222222222222223,0.0
druglikeRandom,CN1N=NC(=N1)C1=NC=C(C=C1)C1=C(F)C=C(C=C1)N1C[C@H](CO)OC1=O,1,0.8518518518518519,1.1739130434782608,1.1739130434782608
druglikeRandom,CCCCN(CCOC)C(=O)Nc1ccc(C(=O)N(C)C)c(C)c1,0,0.25,2.6666666666666665,1.3333333333333333
druglikeRandom,COc1ccc(-c2noc([C@@H]3CCCN3C(=O)Nc3cc(C)cc(C)c3)n2)cc1,0,0.8620689655172413,0.7733333333333333,1.1600000000000001
druglikeRandom,CCCCOc1ccc(C(=O)Nc2c3c(nn2C(C)(C)C)CSC3)cc1,0,0.6538461538461539,1.5294117647058822,1.5294117647058822
druglikeRandom,[H][C@@]12CC3=CNC4=CC=CC(=C34)C1=C[C@H](CN2C)C(=O)N[C@@H](C)CO,1,0.6666666666666666,1.0,1.5
druglikeRandom,CCC(C1=CC=CC=C1)C1=C(O)C2=C(OC1=O)C=CC=C2,1,0.8571428571428571,1.1666666666666667,1.1666666666666667
druglikeRandom,OC1=NN=C(CC2=CC(C(=O)N3CCN(CC3)C(=O)C3CC3)=C(F)C=C2)C2=CC=CC=C12,1,0.9375,1.0666666666666667,0.711111111111111
druglikeRandom,CC(N)C(=O)NC1=C(C)C=CC=C1C,1,0.42857142857142855,0.0,0.0
druglikeRandom,CN[C@@H]1[C@@H](O)[C@@H](O[C@H]2[C@@H](C[C@H](N)[C@@H](O[C@H]3OC(CNCCO)=CC[C@H]3N)[C@@H]2O)NC(=O)[C@@H](O)CCN)OC[C@]1(C)O,1,0.4878048780487805,2.0500000000000003,1.3666666666666667
druglikeRandom,[H][C@]12COC(=O)[C@]1([H])[C@H](C1=CC(OC)=C(O)C(OC)=C1)C1=CC3=C(OCO3)C=C1[C@H]2O[C@@H]1O[C@]2([H])CO[C@@H](C)O[C@@]2([H])[C@H](O)[C@H]1O,1,0.8095238095238095,1.2352941176470589,1.2352941176470589
druglikeRandom,CC1=C(CCN2CCC(CC2)C2=NOC3=C2C=CC(F)=C3)C(=O)N2CCCC(O)C2=N1,1,0.9032258064516129,1.1071428571428572,1.1071428571428572
druglikeRandom,CO\N=C1/CN(CC1CN)C1=NC2=C(C=C1F)C(=O)C(=CN2C1CC1)C(O)=O,1,0.7142857142857143,1.4,0.9333333333333332
druglikeRandom,[O-][N+](=O)C1=CN2C[C@@H](COC2=N1)OCC1=CC=C(OC(F)(F)F)C=C1,1,0.68,0.980392156862745,1.4705882352941175
druglikeRandom,[H][C@@]1(CC[C@@]2([H])[C@]3([H])CC[C@@]4([H])NC(=O)C=C[C@]4(C)[C@@]3([H])CC[C@]12C)C(=O)NC1=CC(=CC=C1C(F)(F)F)C(F)(F)F,1,0.7297297297297297,1.3703703703703705,1.3703703703703705
druglikeRandom,[H][C@@]12C[C@H](O)C[C@]3(O)C[C@H](O)[C@@H](C(O)=O)[C@]([H])(C[C@@H](O[C@]4([H])O[C@H](C)[C@@H](O)[C@H](N)[C@@H]4O)\C=C\C=C\C=C\C=C\C[C@@H](C)OC(=O)\C=C\[C@@]1([H])O2)O3,1,0.7659574468085106,1.3055555555555556,0.8703703703703703
druglikeRandom,CN(C[C@@H]1CCCOC1)C(=O)Nc1ccncc1F,0,0.8947368421052632,0.7450980392156862,0.7450980392156862
druglikeRandom,Cc1cc(N2CCC(c3noc(C)n3)CC2)nc[nH+]1,0,0.8947368421052632,0.7450980392156862,0.7450980392156862
druglikeRandom,[H][C@@]12C[C@@H]([C@H](OC(C)=O)[C@@]1(C)CC[C@@]1([H])[C@@]2([H])CC[C@@]2([H])C[C@H](OC(C)=O)[C@H](C[C@]12C)N1CCCCC1)[N+]1(C)CCCCC1,1,0.725,0.9195402298850575,0.9195402298850575
druglikeRandom,CC[C@@H]1NC(=O)[C@H]([C@H](O)[C@H](C)C\C=C\C)N(C)C(=O)[C@H](C(C)C)N(C)C(=O)[C@H](CC(C)C)N(C)C(=O)[C@H](CC(C)C)N(C)C(=O)[C@@H](C)NC(=O)[C@H](C)NC(=O)[C@H](CC(C)C)N(C)C(=O)[C@@H](NC(=O)[C@H](CC(C)C)N(C)C(=O)CN(C)C1=O)C(C)C,1,0.5176470588235295,1.2878787878787876,1.9318181818181817
druglikeRandom,COc1cn(-c2ccccc2)nc1C(=O)N(C)Cc1nc2ccccc2s1,0,0.8888888888888888,0.75,0.75
druglikeRandom,Cc1ccc(-c2cc3c(c(OC[C@H]4CCC[N@@H+](C)C4)c2)OCCN(C(=O)Cc2ccc(F)cc2)C3)s1,0,0.9166666666666666,1.090909090909091,1.090909090909091
druglikeRandom,NC(=N)NC(=O)CC1=C(Cl)C=CC=C1Cl,1,0.4,0.8333333333333333,1.6666666666666665
druglikeRandom,CC(C)(C)c1nc(CNCc2ccc(N3CCOCC3)c(F)c2)cs1,0,0.8,1.25,1.25
druglikeRandom,O=C1C[C@@H](c2noc(-c3ccncc3)n2)CN1c1cccc(F)c1,0,0.9583333333333334,1.0434782608695652,1.0434782608695652
druglikeRandom,CC(=O)N1CCC[C@@H](COc2ccc(F)cc2)C1,0,0.7777777777777778,0.42857142857142855,0.8571428571428571
druglikeRandom,Cc1ccsc1-c1nnco1,0,0.9090909090909091,1.1,1.1
druglikeRandom,NCCCC[C@H](N[C@@H](CCC1=CC=CC=C1)C(O)=O)C(=O)N1CCC[C@H]1C(O)=O,1,0.6206896551724138,1.6111111111111112,1.6111111111111112
druglikeRandom,COc1ccc(F)c(NC(=O)[C@H](C)SCc2ccccc2)c1,0,0.8181818181818182,1.222222222222222,0.4074074074074074
druglikeRandom,[H][C@]12CC[C@]([H])(C[C@@]([H])(C1)OC(=O)C1=CNC3=CC=CC=C13)N2C,1,0.9523809523809523,1.05,0.7
druglikeRandom,N#Cc1ccnc(S(=O)(=O)N2CCC[C@H](N)C2)c1,0,0.8333333333333334,1.2,0.7999999999999999
druglikeRandom,C[C@H](O)C[C@H](C)CNC(=O)NCCCSc1ccc(F)cc1,0,0.2727272727272727,0.0,0.0
druglikeRandom,CCCC(C)C1(CC=C)C(=O)NC(=S)NC1=O,1,0.5294117647058824,1.259259259259259,1.8888888888888888
druglikeRandom,CCNC(=O)c1ccc(CNC(=O)CNc2ccc(C#N)cc2)cc1,0,0.72,0.9259259259259259,0.9259259259259259
druglikeRandom,Cc1cc(Nc2ncnc(NC3CCCCCC3)c2N)no1,0,0.9090909090909091,1.1,0.7333333333333333
druglikeRandom,[H][C@@]1(CC[C@@]2([H])\C(CCC[C@]12C)=C\C=C1\C[C@@H](O)C[C@H](O)C1=C)[C@H](C)\C=C\[C@H](C)C(C)C,1,0.6,1.1111111111111112,1.6666666666666667
druglikeRandom,COc1ccc(/N=C/C2C(=O)CCCC2=O)cc1,0,0.8888888888888888,0.75,0.75
druglikeRandom,CCCCCn1c(CCCCCNC(=O)CCC)nc2ccccc21,0,0.36,0.0,0.0
druglikeRandom,CO[C@@H]([C@@H]1CC2=CC3=CC(O[C@H]4C[C@@H](O[C@H]5C[C@@H](O)[C@H](O)[C@@H](C)O5)[C@H](O)[C@@H](C)O4)=C(C)C(O)=C3C(O)=C2C(=O)[C@H]1O[C@H]1C[C@@H](O[C@H]2C[C@@H](O[C@H]3C[C@](C)(O)[C@H](O)[C@@H](C)O3)[C@@H](O)[C@@H](C)O2)[C@H](O)[C@@H](C)O1)C(=O)[C@@H](O)[C@@H](C)O,1,0.6578947368421053,1.5199999999999998,0.5066666666666666
druglikeRandom,C[C@@H]1CCC[C@@](C#N)(NC(=O)Cc2cccc(OCC#N)c2)C1,0,0.6956521739130435,0.0,0.47916666666666663
druglikeRandom,CC(C)CCSCC(=O)N1CCOC[C@@H]1C1CC1,0,0.5,1.3333333333333333,1.3333333333333333
druglikeRandom,CCCCOCC1=CC(OC)=C(O)C=C1,1,0.4,0.8333333333333333,0.8333333333333333
druglikeRandom,CCC1(C(=O)NC(=O)N(C)C1=O)C1=CC=CC=C1,1,0.8333333333333334,0.7999999999999999,0.7999999999999999
druglikeRandom,OC(CCN1CCCCC1)(C1CCCC1)C1=CC=CC=C1,1,0.9523809523809523,0.7,1.05
druglikeRandom,O=C(O)[C@H]1[C@H]2CC[C@H](C2)[C@@H]1C(=O)Nc1nc2ccccc2s1,0,0.8636363636363636,1.1578947368421053,1.1578947368421053
druglikeRandom,Cc1ccc(-c2nc3ccc(/N=C/c4cc(Br)ccc4O)cc3o2)cc1,0,0.8846153846153846,0.7536231884057971,0.7536231884057971
druglikeRandom,CS(=O)(=O)C1=CC(C[C@H](NC(=O)C2=C(Cl)C3=C(CN(CC3)C(=O)C3=CC=C4C=COC4=C3)C=C2Cl)C(O)=O)=CC=C1,1,0.7804878048780488,0.8541666666666666,0.8541666666666666
druglikeRandom,CC1CCN(CC2=NC(=O)[C@@H]3SC=CC3=N2)CC1,0,0.9444444444444444,1.0588235294117647,1.0588235294117647
druglikeRandom,C=C1N=C2C[C@H](C)[C@H](C(=O)OC)C(=O)C2[C@@H](c2ccccc2C)C1C(=O)OCCC,0,0.6,1.6666666666666667,1.1111111111111112
druglikeRandom,CCOc1cccc([C@H]2c3c(oc4ccc(Cl)cc4c3=O)C(=O)N2c2ccc(C)cc2)c1,0,0.84375,1.1851851851851851,1.1851851851851851
druglikeRandom,NC1=CC=C(C=C1)C(O)=O,1,0.6,1.6666666666666667,1.6666666666666667
druglikeRandom,Cc1ccc(CNC(=O)C(=O)N/N=C/c2ccccc2O)cc1,0,0.9130434782608695,1.0952380952380953,1.0952380952380953
druglikeRandom,NC1=NC(N2C=C(C(O)=O)C(=O)C3=CC(F)=C(N4CC(O)C4)C(Cl)=C23)=C(F)C=C1F,1,0.7,1.4285714285714286,1.4285714285714286
druglikeRandom,CN1C(CCl)NC2=CC(Cl)=C(C=C2S1(=O)=O)S(N)(=O)=O,1,0.6,0.5555555555555556,1.6666666666666667
druglikeRandom,Cc1noc(/C=C\N(C)C)c1S(=O)(=O)N1CCC[C@@H](C(=O)NC2CCCC2)C1,0,0.7857142857142857,0.8484848484848485,0.8484848484848485
druglikeRandom,COCCCN(Cc1csc(COc2cc(C)cc(C)c2C)n1)C(=O)c1ccccc1F,0,0.71875,0.9275362318840579,0.0
druglikeRandom,CC(C)COC(=O)c1ccc(Nc2ncnc(NC(c3ccccc3)c3ccccc3)c2[N+](=O)[O-])cc1,0,0.7297297297297297,1.3703703703703705,1.3703703703703705
druglikeRandom,Cc1ccc(CNC(=O)[C@@H](C)OC(=O)[C@H]2CC(=O)N(c3ccc(C)cc3)C2)cc1,0,0.896551724137931,1.1153846153846154,0.7435897435897435
druglikeRandom,[H][C@@]12CO[C@@]3(COS(N)(=O)=O)OC(C)(C)O[C@@]3([H])[C@]1([H])OC(C)(C)O2,1,0.5454545454545454,1.2222222222222223,1.2222222222222223
druglikeRandom,[H][C@]12SC(C)(C)[C@@H](N1C(=O)[C@H]2NC(=O)[C@H](N)C1=CC=CC=C1)C(=O)OC(C)OC(=O)OCC,1,0.5625,1.1851851851851851,1.1851851851851851
druglikeRandom,NS(=O)(=O)C1=CC(=C(Cl)C(Cl)=C1)S(N)(=O)=O,1,0.375,1.7777777777777777,0.8888888888888888
druglikeRandom,CC1(C)CCC(NC(=O)c2ccnc(F)c2)(C(N)=O)CC1,0,0.7142857142857143,0.9333333333333332,0.9333333333333332
druglikeRandom,CO[C@@H]1C[C@@H](CC[C@H]1O)\C=C(/C)[C@H]1OC(=O)[C@@H]2CCCCN2C(=O)C(=O)[C@]2(O)O[C@@H]([C@H](C[C@H]2C)OC)[C@H](C[C@@H](C)C\C(C)=C\[C@@H](CC=C)C(=O)C[C@H](O)[C@H]1C)OC,1,0.7017543859649122,0.475,1.425
druglikeRandom,C=CCn1c(=O)[nH]c(O)c(C(=O)/C=C/c2ccc(OCC)cc2)c1=O,0,0.72,0.9259259259259259,1.3888888888888888
druglikeRandom,Cc1ccn2cc(C[N@@H+]3CC[C@@]4(CCCN(C(C)C)C4=O)C3)nc2c1,0,0.84,1.1904761904761905,1.1904761904761905
druglikeRandom,CC(=O)C1=CC=C(C=C1)S(=O)(=O)NC(=O)NC1CCCCC1,1,0.8636363636363636,1.1578947368421053,1.1578947368421053
druglikeRandom,CN(C)CCOC(C1=CC=CC=C1)C1=CC=C(Br)C=C1,1,0.65,1.0256410256410255,1.0256410256410255
druglikeRandom,C[C@@H](c1nc(-c2cccnc2)no1)[N@H+]1CC[C@H](Cc2ccccc2)CC1,0,0.9615384615384616,1.04,1.04
druglikeRandom,COc1ccc([C@@H]2[C@H]3N=c4ccccc4=C3C[C@H]3C(=O)N(CCCN4CCOCC4)CC(=O)N32)cc1OC,0,0.8947368421052632,1.1176470588235294,1.1176470588235294
druglikeRandom,COC(=O)C1=C(C)NC(C)=C(C1C1=CC=CC2=NON=C12)C(=O)OC(C)C,1,0.5555555555555556,0.6,0.6
druglikeRandom,Cc1cc([C@@](C)(O)CN[C@H]2CCC[C@@H]2C)c(C)o1,0,0.7222222222222222,0.923076923076923,0.923076923076923
druglikeRandom,CC(=O)N[C@H]1[C@H](O)O[C@H](CO)[C@@H](O)C1O[C@@H]1O[C@@H]([C@@H](O[C@@H]2O[C@H](CO)[C@@H](O)C(O[C@@H]3O[C@@H]([C@@H](O)[C@H](O)[C@H]3O)C(O)=O)[C@H]2NC(C)=O)[C@H](O)[C@H]1O)C(O)=O,1,0.5094339622641509,1.962962962962963,1.308641975308642
druglikeRandom,COc1ccc(NS(=O)(=O)c2cc(NC(=O)c3cccc4cccnc34)ccc2OC)cc1,0,0.8787878787878788,1.1379310344827587,1.1379310344827587
druglikeRandom,COc1ccc([C@H]2C/C(=C3/C(=O)N(C)C(=O)N=C3O)NN2C(C)=O)cc1,0,0.7307692307692307,1.368421052631579,1.368421052631579
druglikeRandom,[H][C@]12SC(C)(C)[C@@H](N1C(=O)[C@H]2NC(=O)CC1=CC=CC=C1)C(O)=O,1,0.782608695652174,1.2777777777777777,0.8518518518518517
druglikeRandom,COc1ccccc1N1CCN(S(=O)(=O)c2ccc(-c3onc(C)c3C)s2)CC1,0,0.8620689655172413,1.1600000000000001,0.7733333333333333
druglikeRandom,CC(C)N1CCC(NCc2ccc(OCc3cn4ccccc4[nH+]3)cc2)CC1,0,0.8928571428571429,0.7466666666666666,1.1199999999999999
druglikeRandom,CCN(C(C)=O)C1=CC=CC(=C1)C1=CC=NC2=C(C=NN12)C#N,1,0.6521739130434783,0.0,0.5111111111111111
druglikeRandom,COc1ccc2c(c1)OC[C@@H](C(=O)[C@H](C#N)c1ccccn1)C2,0,0.8260869565217391,0.8070175438596491,0.8070175438596491
druglikeRandom,COC1=CC=CC=C1OCC(O)CN1CCN(CC(=O)NC2=C(C)C=CC=C2C)CC1,1,0.8387096774193549,1.1923076923076923,0.7948717948717948
druglikeRandom,CCc1[nH]c(C(=O)N2Cc3ccccc3C[C@@H]2C(N)=O)c(C)c1C(=O)OC,0,0.6296296296296297,1.588235294117647,1.0588235294117647
druglikeRandom,[H][C@@]12CCCN1C(=O)[C@]([H])([C@H](C)CC)N1C(=O)[C@](NC(=O)[C@H]3CN(C)[C@]4([H])CC5=CNC6=CC=CC(=C56)[C@@]4([H])C3)(O[C@@]21O)C(C)C,1,0.7857142857142857,1.2727272727272727,1.2727272727272727
druglikeRandom,COc1ccc2ccccc2c1-c1nc2ccccc2[nH]1,0,0.9047619047619048,0.7368421052631579,0.7368421052631579
druglikeRandom,[H][C@@]12CC3=CN(C)C4=CC=CC(=C34)[C@@]1([H])C[C@@H](CNC(=O)OCC1=CC=CC=C1)CN2C,1,0.9333333333333333,1.0714285714285714,1.0714285714285714
druglikeRandom,COc1ccc(C#CCNS(=O)(=O)c2cc(OC)ccc2OC)cc1,0,0.76,1.3157894736842106,1.3157894736842106
druglikeRandom,[H][C@@]12CCC(=O)[C@@]1(C)CC[C@]1([H])C3=C(CC[C@@]21[H])C=C(O)C=C3,1,0.9,1.1111111111111112,1.1111111111111112
druglikeRandom,C[C@H](CCc1ccccc1)n1c(=O)c2sccc2n(CC(=O)O)c1=O,0,0.8,0.8333333333333333,0.41666666666666663
druglikeRandom,C[C@@]12CC[C@@H](OC(=O)Nc3cccc(F)c3)[C@@](C)(CO)[C@@H]1CC[C@@H](O)[C@H]2CC(=O)N1CCC[C@H]1CO,0,0.7777777777777778,1.2857142857142856,1.2857142857142856
druglikeRandom,COC1=C(NC2=C3C=CC=CC3=NC3=CC=CC=C23)C=CC(NS(C)(=O)=O)=C1,1,0.75,0.8888888888888888,1.3333333333333333
druglikeRandom,Cc1cccc2[nH+]c(CN3CCC[C@H]3c3cccn3C)cc(=O)n12,0,0.9166666666666666,0.36363636363636365,0.7272727272727273
druglikeRandom,O=C(CSc1nc2ccccc2c(=O)n1-c1ccc(Br)cc1)N/N=C/c1cccc(F)c1,0,0.9375,1.0666666666666667,0.711111111111111
druglikeRandom,CCn1c(=O)n(CC)c2cc(S(=O)(=O)c3ccc(OC)cc3)c(NC(=O)c3ccccc3C)cc21,0,0.8,1.25,1.25
druglikeRandom,C[C@H](Oc1cccc(F)c1)C(=O)N1CCC([C@@H]2C[C@H](C(F)F)n3ncnc3N2)CC1,0,0.8333333333333334,1.2,1.2
druglikeRandom,CCN1C[C@H](C(=O)NCc2cccc(OC)c2)CC1=O,0,0.8,1.25,0.8333333333333333
druglikeRandom,CCOC(=O)C1=C(C)NC(C)=C(C1C1=CC(=CC=C1)[N+]([O-])=O)C(=O)OC,1,0.46153846153846156,0.7222222222222221,0.7222222222222221
druglikeRandom,[H][C@@](CO)(C(C)C)N1C=C(C(O)=O)C(=O)C2=C1C=C(OC)C(CC1=C(F)C(Cl)=CC=C1)=C2,1,0.5806451612903226,0.574074074074074,1.148148148148148
druglikeRandom,CCOC(=O)CSc1nnc(N)n1[C@H](C)C(=O)Nc1nc2ccc(C(=O)OCC)cc2s1,0,0.5625,1.7777777777777777,1.1851851851851851
druglikeRandom,COc1ccc(N2CCN(C(=O)CCC(=O)c3ccc(C)cc3)CC2)cc1,0,0.8888888888888888,1.125,0.75
druglikeRandom,N#C/C(=C\c1ccc(-c2ccccc2)cc1)c1nc(-c2ccccc2)cs1,0,0.9259259259259259,1.08,0.72
druglikeRandom,Cc1ccoc1C(=O)NC[C@@H]([C@H]1CCOC1)N1CCOCC1,0,0.9545454545454546,1.0476190476190477,1.0476190476190477
druglikeRandom,CC(C)(C)OC(=O)NCCCc1c[nH]cc(C=O)c1=O,0,0.35,0.9523809523809524,0.0
druglikeRandom,CCN(C(=O)CCN1C(=O)c2ccc(C)cc2C1=O)c1nc2ccccc2s1,0,0.8928571428571429,0.7466666666666666,0.3733333333333333
druglikeRandom,CN[C@@H](C)CC1=CC=CC=C1,1,0.5454545454545454,0.6111111111111112,0.6111111111111112
druglikeRandom,CC(C)NS(=O)(=O)c1ccc(C(=O)N[C@H]2CCOc3ccccc32)cc1,0,0.7307692307692307,0.45614035087719296,0.9122807017543859
druglikeRandom,O[C@@H]1CO[C@@H](O[C@@H]2CO[C@@H](O)[C@H](OS(O)(=O)=O)[C@H]2OS(O)(=O)=O)[C@H](OS(O)(=O)=O)[C@H]1OS(O)(=O)=O,1,0.37142857142857144,0.8974358974358974,0.0
druglikeRandom,CCN(CC)C(=O)N1CCN(C)CC1,1,0.42857142857142855,0.0,0.0
druglikeRandom,COc1ccc(CNC(=O)C2CCN(c3[nH+]cccc3-c3nc(-c4ccc(C)cc4)no3)CC2)cc1,0,0.9166666666666666,1.090909090909091,1.090909090909091
druglikeRandom,Cc1cc(F)c(C(=O)OCc2nccn2C)cc1F,0,0.7894736842105263,0.8444444444444443,1.2666666666666666
druglikeRandom,Cc1cccc(OC(F)F)c1NC(=O)N[C@@](C)(CO)C1CC1,0,0.6363636363636364,1.0476190476190477,1.0476190476190477
druglikeRandom,CN(C)[C@H]1[C@@H](N)[C@@]2(C)CC[C@@H]1C2(C)C,0,0.5,1.3333333333333333,1.3333333333333333
druglikeRandom,[H][C@@]12CC[C@H](O)[C@@]1(C)CC[C@]1([H])C3=C(CC[C@@]21[H])C=C(O)C=C3,1,0.85,0.7843137254901961,0.7843137254901961
druglikeRandom,CC(=O)N(CC(O)CN(C(C)=O)C1=C(I)C(C(=O)NCC(O)CO)=C(I)C(C(=O)NCC(O)CO)=C1I)C1=C(I)C(C(=O)NCC(O)CO)=C(I)C(C(=O)NCC(O)CO)=C1I,1,0.27419354838709675,2.431372549019608,0.0
druglikeRandom,O=C(NCCN1C(=O)S/C(=C\c2ccc(F)cc2)C1=O)c1cccc(C(F)(F)F)c1,0,0.8333333333333334,1.2,1.2
druglikeRandom,O=C(OCc1ccc(Br)cc1)[C@@H]1CC(=O)N(c2ccccc2)C1,0,0.9565217391304348,1.0454545454545454,1.0454545454545454
druglikeRandom,COc1ccc(CN(CC(=O)NC[C@H]2CCCO2)C(=O)CCC(=O)Nc2nccs2)cc1,0,0.9375,0.711111111111111,1.0666666666666667
druglikeRandom,O=C(NNC(=O)c1ccccc1O)c1ccc2c(c1)OCO2,0,0.9545454545454546,1.0476190476190477,1.0476190476190477
druglikeRandom,CC(=O)C1=C(O)C(=O)N(CCCn2cc[nH+]c2)[C@@H]1c1ccc(Br)cc1,0,0.8,0.8333333333333333,1.25
druglikeRandom,O=C(NN1C(=O)/C(=C2\C(=O)N(Cc3ccccc3)c3ccccc32)SC1=S)c1ccccc1Cl,0,0.9705882352941176,1.0303030303030303,0.6868686868686869
druglikeRandom,CN(C)c1ncc(-c2ccc(F)cc2)c([C@H]2CCCCN2C(=O)COc2ccccc2)n1,0,0.875,1.1428571428571428,0.7619047619047619
druglikeRandom,CCCOC(=O)CCc1cc2c(C)cc(=O)oc2c(C[N@@H+]2C[C@@H]3C[C@@H](Cn4c3cccc4=O)C2)c1O,0,0.7222222222222222,1.3846153846153846,0.923076923076923
druglikeRandom,Cc1ccc([C@@H](CNC(=O)c2ccco2)N2CCOCC2)o1,0,0.9545454545454546,1.0476190476190477,1.0476190476190477
druglikeRandom,NC(=N)C1=CC=C(OCCCCCOC2=CC=C(C=C2)C(N)=N)C=C1,1,0.76,0.43859649122807015,1.3157894736842106
druglikeRandom,OC(=O)C1=CC=CC=C1O,1,0.6,1.6666666666666667,0.5555555555555556
druglikeRandom,CN1C(=O)N[C@@H](c2ccccc2)C2=C1CN(c1ccc3ccccc3c1)C2=O,0,0.9642857142857143,1.037037037037037,1.037037037037037
druglikeRandom,CC(=O)OC1=C(C=CC(=C1)C(F)(F)F)C(O)=O,1,0.35294117647058826,2.833333333333333,0.9444444444444443
druglikeRandom,ClC1=C(NC2=NCCN2)C2=NSN=C2C=C1,1,0.9375,1.0666666666666667,1.0666666666666667
druglikeRandom,CN(C)Cc1ccc(C(N)=O)cc1NC(=O)c1c[nH]c2cccc(F)c12,0,0.6923076923076923,0.9629629629629629,1.4444444444444444
druglikeRandom,CN1C(C(=O)NC2=NC=CC=C2)=C(O)C2=C(C=CC=C2)S1(=O)=O,1,0.9130434782608695,1.0952380952380953,1.0952380952380953
druglikeRandom,[H][C@]12CC[C@]([H])(O1)[C@]1(C)C(=O)OC(=O)[C@]21C,1,0.8571428571428571,1.1666666666666667,1.1666666666666667
druglikeRandom,CCCCOC1=CC=C(CC(=O)NO)C=C1,1,0.375,0.8888888888888888,0.0
druglikeRandom,ClC1=CC=CC(Cl)=C1NC1=NCCN1,1,0.8571428571428571,1.1666666666666667,0.7777777777777778
druglikeRandom,COC1=C(OC)C=C(CCN(C)CCCC(C#N)(C(C)C)C2=CC(OC)=C(OC)C=C2)C=C1,1,0.5757575757575758,1.157894736842105,1.7368421052631577
druglikeRandom,NC1=C(Br)C=C(Br)C=C1CN[C@H]1CC[C@H](O)CC1,1,0.7777777777777778,0.8571428571428571,0.8571428571428571
druglikeRandom,Cc1ccccc1CN1C(=O)N[C@](C)(c2ccccc2)C1=O,0,0.9090909090909091,0.7333333333333333,0.7333333333333333
druglikeRandom,[H][C@@]12C[C@@H](C)[C@](O)(C(=O)CCl)[C@@]1(C)C[C@H](O)[C@@]1(Cl)[C@@]2([H])CCC2=CC(=O)C=C[C@]12C,1,0.6428571428571429,1.5555555555555554,1.5555555555555554
druglikeRandom,Cc1cc(S(=O)(=O)NC[C@H](c2cccnc2)S(=O)(=O)c2ccccc2)c(C)cc1OC(C)C,0,0.8181818181818182,0.8148148148148148,0.8148148148148148
druglikeRandom,Cc1cc(C)n(CCC(=O)N2CCC[C@@H](Nc3ccc(C)c(C)c3)C2)n1,0,0.8461538461538461,1.1818181818181819,0.7878787878787878
druglikeRandom,[H][C@@]12CC[C@H](OC(=O)CC)[C@@]1(C)CC[C@@]1([H])[C@@]2([H])CCC2=CC(=O)CC[C@]12C,1,0.72,0.9259259259259259,1.3888888888888888
druglikeRandom,O=C(C1CCN([C@@H]2N=c3ccc(Cl)cc3=N2)CC1)N1CCN(Cc2ccccc2)CC1,0,0.967741935483871,1.0333333333333332,1.0333333333333332
druglikeRandom,Cc1cccc(C(=O)OCc2csc(Br)c2)n1,0,0.8823529411764706,1.1333333333333333,1.1333333333333333
druglikeRandom,C[C@@H](O)[C@H](NC(=O)[C@@H](C)[C@H](O)[C@@H](C)NC(=O)[C@@H](NC(=O)C1=C(C)C(N)=NC(=N1)[C@H](CC(N)=O)NC[C@H](N)C(N)=O)[C@@H](OC1OC(CO)C(O)C(O)C1OC1OC(CO)C(O)C(OC(N)=O)C1O)C1=CN=CN1)C(=O)NCCC1=NC(=CS1)C1=NC(=CS1)C(=O)NCCC[S+](C)C,1,0.5729166666666666,1.1636363636363636,1.1636363636363636
druglikeRandom,COc1ccc(NC(=O)CN2CSCC2=O)c2cccnc12,0,0.9090909090909091,1.1,1.1
druglikeRandom,COc1ccc(CN(C)C(=O)COC(=O)c2ccc(Cl)c(Cl)c2)cc1,0,0.8,0.8333333333333333,1.25
druglikeRandom,Cc1cc(=O)oc2ccc(OC(=O)c3ccc(C(C)(C)C)cc3)cc12,0,0.8,0.8333333333333333,1.25
druglikeRandom,FC(F)(F)CN1C2=C(C=C(Cl)C=C2)C(=NCC1=O)C1=CC=CC=C1,1,0.75,1.3333333333333333,1.3333333333333333
druglikeRandom,CNC(NCCSCC1=CSC(CN(C)C)=N1)=C[N+]([O-])=O,1,0.23809523809523808,0.0,0.0
druglikeRandom,CC(C)(C)SCC(=O)Oc1ccccc1C(=O)NCc1ccccc1,0,0.64,1.0416666666666665,1.0416666666666665
druglikeRandom,CN(C)c1ccc(CNCc2ccc(-n3cncn3)c(F)c2)cc1,0,0.8333333333333334,1.2,1.2
druglikeRandom,C[N+]1(C)CCC(C1)OC(=O)C(O)(C1CCCC1)C1=CC=CC=C1,1,0.8695652173913043,0.7666666666666666,1.1500000000000001
druglikeRandom,C[C@@H](C(=O)O)n1nc(C(=O)N2CCCCCC2)ccc1=O,0,0.7619047619047619,1.3125,0.875
druglikeRandom,NCCNC1=CC=C(NCCN)C2=C1C(=O)C1=C(C=NC=C1)C2=O,1,0.6666666666666666,1.0,1.5
druglikeRandom,[H][C@@]12C[C@]3([H])C[C@@H](CC[C@@]3([H])[C@H](\C=C\C3=CC=C(C=N3)C3=CC(F)=CC=C3)[C@]1([H])[C@@H](C)OC2=O)NC(=O)OCC,1,0.7777777777777778,0.42857142857142855,0.0
druglikeRandom,OC(=O)C1=C(I)C(NC(=O)CCCCC(=O)NC2=C(I)C=C(I)C(C(O)=O)=C2I)=C(I)C=C1I,1,0.6470588235294118,1.5454545454545454,1.5454545454545454
druglikeRandom,NCCC1=CNC=N1,1,0.625,0.5333333333333333,1.0666666666666667
druglikeRandom,COC(=O)C1=CN=CC=C1,1,0.6,0.5555555555555556,1.1111111111111112
druglikeRandom,CC1(C)S[C@@H]2[C@H](NC(=O)[C@H](N)C3=CC=CC=C3)C(=O)N2[C@H]1C(=O)OCOC(=O)[C@@H]1N2[C@@H](CC2=O)S(=O)(=O)C1(C)C,1,0.875,1.1428571428571428,1.1428571428571428
druglikeRandom,CC1=CN([C@@H]2C[C@@H](O)[C@H](CO)O2)C(=O)NC1=O,1,0.7647058823529411,0.4358974358974359,0.8717948717948718
druglikeRandom,Cc1cccc(C)c1NC(=O)c1ccc(S(=O)(=O)c2ccccc2)o1,0,0.92,1.0869565217391304,1.0869565217391304
druglikeRandom,Cn1nc(C(=O)N2CCSCC2)c2c1CC[C@H](NC1CCCCCC1)C2,0,0.9615384615384616,0.6933333333333332,1.04
druglikeRandom,CC1(C)NC(=O)N(C1=O)C1=CC(=C(C=C1)[N+]([O-])=O)C(F)(F)F,1,0.5909090909090909,1.1282051282051282,1.6923076923076923
druglikeRandom,CCCC(=O)Nc1nc2cc3c(cc2s1)OCO3,0,0.6666666666666666,1.0,1.0
druglikeRandom,[H][C@]12[C@H](OC(=O)C3=CC=CC=C3)[C@]3(O)C[C@H](OC(=O)[C@H](O)[C@@H](NC(=O)OC(C)(C)C)C4=CC=CC=C4)C(C)=C([C@@H](OC)C(=O)[C@]1(C)[C@H](C[C@H]1OC[C@@]21OC(C)=O)OC)C3(C)C,1,0.6333333333333333,0.5263157894736842,1.5789473684210527
druglikeRandom,CN(C(=O)C(Cl)Cl)C1=CC=C(OC(=O)C2=CC=CO2)C=C1,1,0.6666666666666666,0.0,0.0
druglikeRandom,CN(C)c1c[nH+]cc(C(F)(F)F)c1OC1CC1,0,0.5882352941176471,1.7,1.7
druglikeRandom,C=CCNS(=O)(=O)c1ccc(NC(=O)c2csc(C)c2)cc1,0,0.6363636363636364,1.0476190476190477,0.5238095238095238
druglikeRandom,[H][C@@]12CC[C@H](O)[C@@]1(C)CC[C@]1([H])C3=CC=C(O)C=C3C[C@@H](CCCCCCCCCS(=O)CCCC(F)(F)C(F)(F)F)[C@@]21[H],1,0.4146341463414634,1.607843137254902,1.607843137254902
druglikeRandom,COc1ccc(/C=C/C(=O)NCc2cc(C(=O)O)c(C)o2)cc1S(=O)(=O)N(C)C,0,0.5862068965517241,0.5686274509803921,0.0
druglikeRandom,CC(C)[C@@H](C)\C=C\[C@@H](C)[C@H]1CC[C@H]2C3=CC=C4C[C@@H](O)CC[C@]4(C)[C@H]3CC[C@]12C,1,0.5862068965517241,1.1372549019607843,1.7058823529411766
druglikeRandom,CC(N)COC1=C(C)C=CC=C1C,1,0.46153846153846156,0.7222222222222221,1.4444444444444442
druglikeRandom,C/C(=N\N=C(N)N)c1cccc(/C(C)=N/NC(N)=N)n1,0,0.3,0.0,0.0
druglikeRandom,CCOc1cc([C@@H]2c3c(oc4ccccc4c3=O)C(=O)N2c2ccc(C)cn2)ccc1OCCC(C)C,0,0.7297297297297297,1.3703703703703705,1.3703703703703705
druglikeRandom,OC[C@H]1O[C@@H](OC2=CC(O)=CC(\C=C\C3=CC=C(O)C=C3)=C2)[C@H](O)[C@@H](O)[C@@H]1O,1,0.75,1.3333333333333333,0.4444444444444444
druglikeRandom,CC(C)=C[C@@H]1[C@@H](C(=O)OC2CC(=O)C(CC=C)=C2C)C1(C)C,1,0.5454545454545454,1.2222222222222223,1.8333333333333335
druglikeRandom,CO[C@H](C)[C@H](NC(=O)OC)C(=O)N1CCC[C@H]1C1=NC2=C(N1)C=C(F)C(=C2)[C@H]1CC[C@@H](N1C1=CC(F)=C(N2CCC(CC2)C2=CC=C(F)C=C2)C(F)=C1)C1=CC2=C(NC(=N2)[C@@H]2CCCN2C(=O)[C@@H](NC(=O)OC)[C@@H](C)OC)C=C1F,1,0.6375,1.5686274509803924,0.0
druglikeRandom,Fc1ccc2c(c1)c1nc3ccccc3nc1n2Cc1cccnc1,0,0.96,0.6944444444444444,1.0416666666666667
druglikeRandom,[H]N1CCCCC1C(O)(C1=CC=CC=C1)C1=CC=CC=C1,1,0.95,1.0526315789473684,1.0526315789473684
druglikeRandom,O=C1Nc2ccc(S(=O)(=O)N3CCN(c4ccccc4F)CC3)cc2C1=C1CCCC1,0,0.967741935483871,1.0333333333333332,1.0333333333333332
druglikeRandom,COc1ccccc1N1CCN(S(=O)(=O)Cc2ccc(Cl)cc2)CC1,0,0.88,0.3787878787878788,0.7575757575757576
druglikeRandom,CCCn1c(C)nn(C[N@@H+](C)Cc2c(C)noc2C)c1=S,0,0.6666666666666666,1.5,0.5
druglikeRandom,CNC(=O)C1=CC=C(C=C1F)N1C(=S)N(C(=O)C11CCC1)C1=CC(=C(N=C1)C#N)C(F)(F)F,1,0.6666666666666666,1.0,0.5
druglikeRandom,Cc1cc(OCC(=O)N(Cc2ccc(F)cc2)[C@@H]2CCS(=O)(=O)C2)ccc1Cl,0,0.8928571428571429,1.1199999999999999,1.1199999999999999
druglikeRandom,CCN(CC)C(C)CN1C2=CC=CC=C2SC2=CC=CC=C12,1,0.6363636363636364,1.5714285714285714,1.0476190476190477
druglikeRandom,CN(Cc1ccccc1O)C(=O)CCCc1nc2ccccc2c(=O)[nH]1,0,0.9230769230769231,0.7222222222222221,0.7222222222222221
druglikeRandom,CC(=O)[C@H](C)CSc1nnc(-c2ccncc2)n1-c1ccc(C)c(C)c1,0,0.6538461538461539,1.0196078431372548,0.0
druglikeRandom,CC1=C2NC(=O)C3=C(N=CC=C3)N(C3CC3)C2=NC=C1,1,0.95,1.0526315789473684,1.0526315789473684
druglikeRandom,CC(C)C(=O)N[C@@H](C)c1nc2ccccc2[nH]1,0,0.5294117647058824,1.259259259259259,0.6296296296296295
druglikeRandom,CCOc1ccc(NC(=O)Cn2nc(O)c3ccccc3c2=O)c(C)c1,0,0.8076923076923077,0.8253968253968254,0.8253968253968254
druglikeRandom,[H][C@@]1(CCC(C)=CC1)[C@@](C)(O)CCC=C(C)C,1,0.375,1.7777777777777777,1.7777777777777777
druglikeRandom,CN1CCN(CC1)C1=NC2=CC(Cl)=CC=C2NC2=CC=CC=C12,1,0.9130434782608695,1.0952380952380953,1.0952380952380953
druglikeRandom,[H][C@@]12CC[C@](OC(=O)CC)(C(=O)COC(C)=O)[C@@]1(C)C[C@H](O)[C@@]1([H])[C@@]2([H])C[C@H](C)C2=CC(=O)C=C[C@]12C,1,0.5294117647058824,1.259259259259259,1.259259259259259
druglikeRandom,Cc1cc(NC(=O)[C@H](C)SCC(=O)N[C@H]2CC[N@H+](Cc3ccccc3)CC2)no1,0,0.9310344827586207,1.0740740740740742,0.7160493827160493
druglikeRandom,Cc1cnn([C@H](C)C2CC2)c1NC(=O)CSc1ccncc1,0,0.9090909090909091,1.1,0.7333333333333333
druglikeRandom,CCCCC\C(C=O)=C\C1=CC=CC=C1,1,0.4,1.6666666666666665,1.6666666666666665
druglikeRandom,CCOC(=O)N1C=CN(C)C1=S,1,0.5,0.0,2.0
druglikeRandom,[H][C@@]12CC[C@](O)(C(=O)COP(O)(O)=O)[C@@]1(C)C[C@H](O)[C@@]1([H])[C@@]2([H])CCC2=CC(=O)C=C[C@]12C,1,0.6,0.0,1.6666666666666667
druglikeRandom,COCCOCC(=O)Nc1ccc(OC2CCCC2)c(Cl)c1,0,0.5454545454545454,0.6111111111111112,1.2222222222222223
druglikeRandom,C[C@H]1CCCC[C@H]1OCCSc1nnnn1Cc1ccco1,0,0.9545454545454546,0.6984126984126984,1.0476190476190477
druglikeRandom,O=c1[nH]c(CNCc2ccc(Cl)cc2)nc2ccccc12,0,0.9523809523809523,1.05,1.05
druglikeRandom,CCCNCC(O)COC1=C(C=CC=C1)C(=O)CCC1=CC=CC=C1,1,0.64,1.0416666666666665,0.0
druglikeRandom,O=c1c([C@H]2NCCC3=c4ccccc4=N[C@@H]32)c(O)[nH]c(=S)n1-c1ccccc1,0,0.9642857142857143,1.037037037037037,1.037037037037037
druglikeRandom,C[C@H](NC(=O)N[C@H]1CCS(=O)(=O)C1)C(=O)Nc1ccccc1F,0,0.9130434782608695,1.0952380952380953,1.0952380952380953
druglikeRandom,O=C(Nc1ccc(F)c(F)c1F)[C@H]1CC(=O)N(CCc2ccccc2)C1,0,0.8846153846153846,1.1304347826086958,1.1304347826086958
druglikeRandom,COC1=C(OC)C(OC)=C2C(CCC(NC(C)=O)C3=CC(=O)C(O)=CC=C23)=C1,1,0.6071428571428571,1.647058823529412,1.647058823529412
druglikeRandom,CSc1ccc(CCNC(=O)CSc2cc(C)nc3c(-c4ccc(F)cc4)cnn23)cc1,0,0.875,0.7619047619047619,0.7619047619047619
druglikeRandom,CC(=O)c1cccoc1=O,0,0.7,1.4285714285714286,1.4285714285714286
druglikeRandom,CC(C)(OC1=CC=C(CCNC(=O)C2=CC=C(Cl)C=C2)C=C1)C(O)=O,1,0.68,0.980392156862745,1.4705882352941175
druglikeRandom,[H][C@]12COC(=O)[C@]1([H])[C@]([H])(C1=CC(OC)=C(O)C(OC)=C1)C1=CC3=C(OCO3)C=C1[C@@]2([H])O[C@]1([H])O[C@]2([H])CO[C@]([H])(O[C@@]2([H])[C@]([H])(O)[C@@]1([H])O)C1=CC=CS1,1,0.8478260869565217,1.1794871794871795,0.39316239316239315
druglikeRandom,FC(F)(F)C1=CC=C(CNC2=NC=C(CC3=CNC4=NC=C(Cl)C=C34)C=C2)C=N1,1,0.8275862068965517,1.2083333333333333,1.2083333333333333
druglikeRandom,CCC[C@@H]1N=C2c3ccccc3N=C(SCC(=O)NCc3ccccc3Cl)N2C1=O,0,0.8666666666666667,1.1538461538461537,1.1538461538461537
druglikeRandom,Cc1ccccc1NC(=O)/C(C#N)=C\c1ccccc1OCc1ccc(C(=O)O)cc1,0,0.8064516129032258,0.8266666666666667,0.41333333333333333
druglikeRandom,CCOC(=O)C[C@H](C)CNC(=O)N[C@@H]1CCCc2ccccc21,0,0.43478260869565216,0.7666666666666666,1.5333333333333332
druglikeRandom,[H][C@@]12CC3=C(C=C(CNCC(C)(C)C)C(O)=C3C(=O)C1=C(O)[C@]1(O)C(=O)C(C(N)=O)=C(O)[C@@H](N(C)C)[C@]1([H])C2)N(C)C,1,0.5,1.3333333333333333,0.6666666666666666
druglikeRandom,CCOC(=O)[C@@H](C)N[C@H](C)c1cccc(OC(F)F)c1,0,0.3,0.0,1.1111111111111112
druglikeRandom,CCN(CC)C(=O)Cn1cc(C(=O)N(C)Cc2n[nH]c3c2CCCC3)nn1,0,0.6666666666666666,1.0,0.5
druglikeRandom,[H][C@]12SCC(C)=C(N1C(=O)[C@H]2NC(=O)[C@H](N)C1=CC=C(O)C=C1)C(O)=O,1,0.76,1.3157894736842106,1.3157894736842106
druglikeScaffold,COc1ccccc1CCN1COc2c(cc3c(c2C)O/C(=C\c2ccc(OC)c(OC)c2OC)C3=O)C1,0,0.7631578947368421,1.3103448275862069,1.3103448275862069
druglikeScaffold,CC(C)N1C(\C=C\[C@H](O)C[C@H](O)CC(O)=O)=C(C2=CC=C(F)C=C2)C2=CC=CC=C12,1,0.5,1.3333333333333333,2.0
druglikeScaffold,COc1ccccc1CN1CCN(CC(=O)Nc2ccc(C)cc2)CC1,0,0.8846153846153846,1.1304347826086958,1.1304347826086958
druglikeScaffold,CC(CCC1=CC=CC=C1)NC(C)C(O)C1=CC=C(O)C=C1,1,0.8181818181818182,1.222222222222222,0.8148148148148148
druglikeScaffold,CC(CCC1=CC=C(O)C=C1)NCCC1=CC(O)=C(O)C=C1,1,0.8181818181818182,1.222222222222222,1.222222222222222
druglikeScaffold,CC(CCC1=CC=CC=C1)NCC(O)C1=CC(C(N)=O)=C(O)C=C1,1,0.75,1.3333333333333333,0.8888888888888888
druglikeScaffold,CNC(=O)CN(c1cccc(C)c1)S(=O)(=O)c1ccc2c(c1)n(C)c(=O)n2C,0,0.7142857142857143,0.4666666666666666,0.4666666666666666
druglikeScaffold,C[C@H](NCC(=O)Nc1nccs1)c1ccc(-c2cccnc2)cc1,0,0.9583333333333334,1.0434782608695652,1.0434782608695652
druglikeScaffold,CCOC(=O)[C@@H]1C(=O)C2=C(C[C@H]1c1ccco1)NC(=O)C[C@H]2c1cccc([N+](=O)[O-])c1,0,0.7419354838709677,1.3478260869565217,0.8985507246376812
druglikeScaffold,Cc1cnn([C@H](C)C2CC2)c1NC(=O)CSc1ccncc1,0,0.9090909090909091,1.1,1.1
druglikeScaffold,C[C@H](Sc1nnnn1C(C)(C)C)c1nc(-c2cccc(C(F)(F)F)c2)no1,0,0.6666666666666666,1.5,1.5
druglikeScaffold,CCC1=C(C)NC2=C1C(=O)C(CN1CCOCC1)CC2,1,0.85,1.1764705882352942,1.1764705882352942
druglikeScaffold,CC(=O)c1ccc(NC(=O)CSc2nc3ccsc3c(=O)n2-c2cccc(C)c2)cc1,0,0.8709677419354839,1.1481481481481481,1.1481481481481481
druglikeScaffold,Cc1occc1C(=O)NNC(=S)N[C@@H]1CCCC[C@@H]1C,0,0.9,1.1111111111111112,1.1111111111111112
druglikeScaffold,NC(=N)NCC1COC2=C(O1)C=CC=C2,1,0.6666666666666666,0.5,1.5
druglikeScaffold,CCC[N@@H+](CCOCC)C[C@H]1COc2ccccc2O1,0,0.5,1.3333333333333333,1.3333333333333333
druglikeScaffold,COc1ccc(C(=O)C2C(=O)C(=O)N(CCN(C)C)[C@@H]2c2ccc([N+](=O)[O-])cc2)cc1Cl,0,0.65625,1.5238095238095237,1.0158730158730158
druglikeScaffold,[H][C@@]12CC[C@H](OP(O)(O)=O)[C@@]1(C)CC[C@]1([H])C3=C(CC[C@@]21[H])C=C(OC(=O)N(CCCl)CCCl)C=C3,1,0.5151515151515151,1.2941176470588236,1.2941176470588236
druglikeScaffold,[H][C@@]12CC[C@@](O)(C#C)[C@@]1(C)CC[C@]1([H])C3=C(CC[C@@]21[H])C=C(O)C=C3,1,0.7727272727272727,0.8627450980392156,0.8627450980392156
druglikeScaffold,CCCCCCC(=O)O[C@H]1CC[C@H]2[C@@H]3CCC4=CC(OC(=O)CCCCCC)=CC=C4[C@H]3CC[C@]12C,1,0.4722222222222222,2.1176470588235294,2.1176470588235294
druglikeScaffold,[H][C@@]12CC[C@H](OC(=O)CCCC)[C@@]1(C)CC[C@]1([H])C3=C(CC[C@@]21[H])C=C(O)C=C3,1,0.6538461538461539,1.5294117647058822,1.5294117647058822
druglikeScaffold,[H][C@@]12C[C@@H](O)[C@H](O)[C@@]1(C)CC[C@]1([H])C3=C(CC[C@@]21[H])C=C(O)C=C3,1,0.8095238095238095,1.2352941176470589,1.2352941176470589
druglikeScaffold,[H][C@@]12CC[C@@](O)(C#C)[C@@]1(C)CC[C@]1([H])C3=C(CC[C@@]21[H])C=C(OC)C=C3,1,0.7391304347826086,0.9019607843137255,0.9019607843137255
druglikeScaffold,[H][C@@]12CC[C@H](O)[C@@]1(C)CC[C@]1([H])C3=CC=C(O)C=C3C[C@@H](CCCCCCCCCS(=O)CCCC(F)(F)C(F)(F)F)[C@@]21[H],1,0.4146341463414634,2.4117647058823533,2.4117647058823533
druglikeScaffold,[H][C@@]12CC[C@H](O)[C@@]1(C)CC[C@]1([H])C3=CC=C(OC(C)=O)C=C3CC[C@@]21[H],1,0.7391304347826086,0.9019607843137255,0.45098039215686275
druglikeScaffold,[H][C@@]12CC[C@H](O)[C@@]1(C)CC[C@]1([H])C3=C(CC[C@@]21[H])C=C(O)C=C3,1,0.85,1.1764705882352942,1.1764705882352942
druglikeScaffold,[H][C@@]12CC[C@H](O)[C@@]1(C)CC[C@]1([H])C3=CC=C(OC(=O)N(CCCl)CCCl)C=C3CC[C@@]21[H],1,0.5862068965517241,1.7058823529411766,1.1372549019607843
druglikeScaffold,O=C(C[C@H]1NC(=O)c2ccccc21)N[C@@H]1N=Nc2ccc(Br)cc21,0,0.9583333333333334,1.0434782608695652,1.0434782608695652
druglikeScaffold,[H][C@]12[C@H](C[C@H](O)C=C1C=C[C@H](C)[C@@H]2CC[C@@H](O)C[C@@H](O)CC(O)=O)OC(=O)[C@@H](C)CC,1,0.3333333333333333,2.0,1.0
druglikeScaffold,COC1=CC(NC2=NC=C(F)C(NC3=NC4=C(OC(C)(C)C(=O)N4COP(O)(O)=O)C=C3)=N2)=CC(OC)=C1OC,1,0.625,0.0,1.6
druglikeScaffold,NS(=O)(=O)CC1=NOC2=CC=CC=C12,1,0.6428571428571429,0.5185185185185185,1.037037037037037
druglikeScaffold,CN1C(=O)CC(C)(C1=O)C1=CC=CC=C1,1,0.8666666666666667,1.1538461538461537,1.1538461538461537
druglikeScaffold,CN1C(=O)CC(C1=O)C1=CC=CC=C1,1,0.9285714285714286,1.0769230769230769,1.0769230769230769
druglikeScaffold,CC1=[N+]([O-])C=C(N=C1)C(O)=O,1,0.5454545454545454,0.6111111111111112,1.2222222222222223
druglikeScaffold,COc1ccc(NS(=O)(=O)c2cc(NC(=O)c3cccc4cccnc34)ccc2OC)cc1,0,0.8787878787878788,1.1379310344827587,1.1379310344827587
druglikeScaffold,COC1=CC(=CC(OC)=C1)N(CCNC(C)C)C1=CC=C2N=CC(=NC2=C1)C1=CN(C)N=C1,1,0.6666666666666666,1.0,1.0
druglikeScaffold,OC(CN1C=NC=N1)(CN1C=NC=N1)C1=C(F)C=C(F)C=C1,1,0.8636363636363636,1.1578947368421053,1.1578947368421053
druglikeScaffold,Fc1ccc2c(c1)CCCN2Cc1cccnc1,0,0.9444444444444444,1.0588235294117647,1.0588235294117647
druglikeScaffold,CSc1nc(O)nnc1SCc1ccccc1,0,0.8235294117647058,1.2142857142857144,0.40476190476190477
druglikeScaffold,CCc1nc2n(n1)C[C@H](NCCS(C)(=O)=O)CC2,0,0.5,2.0,2.0
druglikeScaffold,ClC1=CC=C(CCC(CN2C=CN=C2)SC2=C(Cl)C=CC=C2Cl)C=C1,1,0.88,1.1363636363636365,0.7575757575757576
druglikeScaffold,CC(C)c1noc([C@@H]2CCCN2C(=O)COCc2nc3ccccc3[nH]2)n1,0,0.8888888888888888,1.125,1.125
druglikeScaffold,C[C@H](NC(=O)c1cnsn1)c1ccccc1,0,0.9375,1.0666666666666667,1.0666666666666667
druglikeScaffold,C=CCOc1ccc([C@@H]2c3c(oc4ccc(C)cc4c3=O)C(=O)N2c2ccc(C(C)=O)cc2)cc1,0,0.7714285714285715,0.8641975308641975,0.8641975308641975
druglikeScaffold,CCOc1cccc([C@H]2c3c(oc4ccc(Cl)cc4c3=O)C(=O)N2c2ccc(C)cc2)c1,0,0.84375,0.7901234567901234,0.7901234567901234
druglikeScaffold,[H][C@]12SCC(CSC3=NN=NN3C)=C(N1C(=O)[C@]2(NC(=O)C1SC(S1)=C(C(N)=O)C(O)=O)OC)C(O)=O,1,0.6666666666666666,1.5,1.0
druglikeScaffold,COc1cc(OC)nc(Oc2ccccc2C(N)=O)n1,0,0.65,1.5384615384615383,1.5384615384615383
druglikeScaffold,CO[C@]1(NC(=O)C(C(O)=O)C2=CSC=C2)[C@H]2SC(C)(C)[C@@H](N2C1=O)C(O)=O,1,0.6296296296296297,1.588235294117647,1.0588235294117647
druglikeScaffold,[H][C@]12SC(C)(C)[C@@H](N1C(=O)[C@H]2NC(=O)[C@H](C(O)=O)C1=CSC=C1)C(O)=O,1,0.68,1.4705882352941175,0.980392156862745
druglikeScaffold,CC(C)NC(=O)Cc1ccc(NC(=O)c2cc3sccn3c2)cc1,0,0.7083333333333334,0.0,0.4705882352941176
druglikeScaffold,CC(C)COC1=CC=C(CNC(=O)N(CC2=CC=C(F)C=C2)C2CCN(C)CC2)C=C1,1,0.7741935483870968,0.861111111111111,0.4305555555555555
druglikeScaffold,CCC(=O)Nc1nc2ccc(NC(=S)NC(=O)c3ccccc3Br)cc2s1,0,0.7777777777777778,0.8571428571428571,0.8571428571428571
druglikeScaffold,OC1=CC=C(C=C1)C1=C(C(=O)C2=CC=C(OCCN3CCCCC3)C=C2)C2=C(S1)C=C(O)C=C2,1,0.9411764705882353,1.0625,1.0625
druglikeScaffold,CN(CCCNS(=O)(=O)c1ccc(O)c(C(=O)O)c1)c1ccccc1,0,0.8,1.25,0.41666666666666663
druglikeScaffold,CCOC1=C(OCC)C(OCC)=C(N)C2=C1C(OC2=O)C1N(C)CCC2=CC3=C(OCO3)C(OC)=C12,1,0.6388888888888888,1.0434782608695652,1.565217391304348
druglikeScaffold,[H][C@@]1(OC(=O)C2=C1C=CC(OC)=C2OC)[C@]1([H])N(C)CCC2=CC3=C(OCO3)C(OC)=C12,1,0.7666666666666667,1.3043478260869565,1.3043478260869565
druglikeScaffold,COC1=CC(C[C@@H]2C3=CC(OC)=C(OC)C=C3CC[N+]2(C)CCCOC(=O)CC\C=C\CCC(=O)OCCC[N+]2(C)CCC3=CC(OC)=C(OC)C=C3[C@H]2CC2=CC(OC)=C(OC)C(OC)=C2)=CC(OC)=C1OC,1,0.7027027027027027,1.423076923076923,0.9487179487179486
druglikeScaffold,CC(C)[C@H](N)C(=O)N1CCC(C[N@@H+](Cc2ccccc2)C(C)C)CC1,0,0.6,0.5555555555555556,1.1111111111111112
druglikeScaffold,Cn1cc(C(=O)NCCc2ccccc2)c(=O)c2cc(S(=O)(=O)N3CCOCC3)ccc21,0,0.96875,1.032258064516129,1.032258064516129
druglikeScaffold,Cc1cc(C)nc(NS(=O)(=O)c2ccc(NC(=O)[C@H](C)Oc3cc(C)c(Cl)c(C)c3)cc2)n1,0,0.8181818181818182,1.222222222222222,1.222222222222222
druglikeScaffold,O=C1/C(=C\c2ccc(-c3ccc([N+](=O)[O-])cc3)o2)C(O)=NC(=S)N1c1ccc(Br)cc1,0,0.8387096774193549,0.7948717948717948,0.7948717948717948
druglikeScaffold,C=CCn1c(CNC(=O)c2ccccc2F)nnc1SCC(=O)Nc1cccc(F)c1,0,0.8387096774193549,1.1923076923076923,0.7948717948717948
druglikeScaffold,COC(=O)c1ccc([C@@H]2C3=C(CC(C)(C)CC3=O)Nc3nc(SCc4ccccc4F)nn32)cc1,0,0.8,1.25,1.25
druglikeScaffold,O=C(CN1C(=O)/C(=C/c2ccccc2F)SC1=S)Nc1cc(Cl)ccc1O,0,0.8888888888888888,1.125,1.125
druglikeScaffold,[H]N(C1=C([H])C([H])=C(\C([H])=C(/[H])C2=C([H])N=C(OC([H])([H])C([H])([H])OC([H])([H])C([H])([H])OC([H])([H])C([H])([H])[18F])C([H])=C2[H])C([H])=C1[H])C([H])([H])[H],1,0.5384615384615384,0.0,0.0
druglikeScaffold,COC1=CC=C(CC(C)(C)NC[C@H](O)C2=C3OCC(=O)NC3=CC(O)=C2)C=C1,1,0.7857142857142857,0.8484848484848485,1.2727272727272727
druglikeScaffold,CN(CC1=CC=C(C=C1)C(C)(C)C)CC1=CC=CC2=CC=CC=C12,1,0.7916666666666666,0.8421052631578947,0.8421052631578947
druglikeScaffold,Cc1cc(NC(=O)[C@H]2CCCN(S(=O)(=O)c3c(C)nc(O)[nH]c3=O)C2)ccc1Br,0,0.8620689655172413,1.1600000000000001,0.7733333333333333
druglikeScaffold,Cc1cccc(NC(=O)C2CCN(C(=O)c3cnc(-c4ccncc4)[nH]c3=O)CC2)c1,0,0.967741935483871,1.0333333333333332,1.0333333333333332
druglikeScaffold,Cc1c(-c2noc(C(=O)NC[C@H]3CC[N@H+](Cc4ccc(Cl)cc4)CC3)n2)oc2ccccc12,0,0.9393939393939394,1.064516129032258,0.7096774193548386
druglikeScaffold,CCc1ccc([C@H]2C(C(=O)c3cccs3)C(=O)C(=O)N2CCCOC(C)C)cc1,0,0.6896551724137931,0.4833333333333333,0.9666666666666666
druglikeScaffold,O=C(OCCOc1ccccc1F)c1sccc1-n1cnnn1,0,0.9565217391304348,1.0454545454545454,1.0454545454545454
druglikeScaffold,Cc1ccc(C)c(N2CCN(c3ccc(NC(=O)c4cccs4)cc3C(=O)O)CC2)c1,0,0.8387096774193549,1.1923076923076923,0.7948717948717948
druglikeScaffold,COc1ccc(C(=O)ON=C2C=CC(=O)C=C2)cc1,0,0.8947368421052632,1.1176470588235294,0.7450980392156862
druglikeScaffold,CC(=O)Nc1cccc2c1CCN(c1nc3ccccc3nc1N1C[C@H](C)O[C@H](C)C1)C2,0,0.8125,0.8205128205128205,0.41025641025641024
druglikeScaffold,CC(C)CC(=O)C1=C(O)C(=O)N(CC2(c3ccccc3)CCCC2)[C@@H]1c1ccc([N+](=O)[O-])cc1,0,0.7058823529411765,1.4166666666666665,0.9444444444444443
druglikeScaffold,CCCCOC(=O)CSc1nc2ccccc2c(=O)n1Cc1ccco1,0,0.6538461538461539,1.0196078431372548,1.0196078431372548
druglikeScaffold,OC(=O)CC1(CC1)CS[C@H](CCC1=CC=CC=C1C(O)(C)C)C1=CC=CC(\C=C\C2=NC3=C(C=CC(Cl)=C3)C=C2)=C1,1,0.7804878048780488,1.28125,0.4270833333333333
druglikeScaffold,Cc1c(CCC(=O)Nc2nccs2)c(=O)oc2cc3occ(C(C)(C)C)c3cc12,0,0.8275862068965517,0.8055555555555555,0.8055555555555555
druglikeScaffold,CN1CCC(CC1)OC(C1=CC=CC=C1)C1=CC=CC=C1,1,0.9523809523809523,1.05,0.7
druglikeScaffold,COc1ccc(Cn2nnc3c(O)nc(C4CCN(C(=O)c5ccccc5Cl)CC4)nc32)cc1OC,0,0.8333333333333334,0.7999999999999999,1.2
druglikeScaffold,[H][C@@]1(CNC2=C(N1)C(=O)NC(N)=N2)[C@@H](O)[C@H](C)O,1,0.6470588235294118,0.5151515151515151,0.5151515151515151
druglikeScaffold,CC(C)(C)OC(=O)N1CCCC[C@@H]1COCc1ccc(Cl)nn1,0,0.6521739130434783,0.0,0.5111111111111111
druglikeScaffold,Cc1cc(C)cc(CS(=O)(=O)C[C@@H](O)c2cccc(Br)c2)c1,0,0.8181818181818182,0.8148148148148148,0.8148148148148148
druglikeScaffold,Cc1ccccc1-c1noc(COC(=O)c2cccnc2N(C)C)n1,0,0.84,0.7936507936507936,0.7936507936507936
druglikeScaffold,CC(=O)OC1=CC=CC=C1C(=O)NC1=NC=C(S1)[N+]([O-])=O,1,0.6666666666666666,0.5,0.5
druglikeScaffold,CCN1CCN(CC(=O)NCc2ccc3c(c2)=C(C)[C@@H](c2ccccc2F)N=3)CC1,0,0.8666666666666667,1.1538461538461537,1.1538461538461537
druglikeScaffold,Cc1ncc(CO)c(CN2CCC[C@H]2c2ccccn2)c1O,0,0.8181818181818182,1.222222222222222,1.222222222222222
druglikeScaffold,CC1=CC=C(NC(=O)C2(CC2)C2=CC=C3OC(F)(F)OC3=C2)N=C1C1=CC(=CC=C1)C(O)=O,1,0.8181818181818182,1.222222222222222,1.222222222222222
druglikeScaffold,CC[C@@]12C=CCN3CC[C@@]4([C@H]13)[C@@H](N(C)C1=CC(OC)=C(C=C41)[C@]1(C[C@@H]3C[C@H](C[N@@](C3)CC3=C1NC1=CC=CC=C31)C(C)(F)F)C(=O)OC)[C@](O)([C@@H]2OC(C)=O)C(=O)OC,1,0.6271186440677966,1.5945945945945945,1.063063063063063
druglikeScaffold,Cc1ccc(-c2nc(OC(C)C)nn2-c2ccc(NC(=O)c3ccccc3F)cc2)cc1,0,0.8125,0.41025641025641024,0.41025641025641024
druglikeScaffold,CC(C)Sc1ccc(CC(=O)NC[C@H](O)c2ccsc2)cc1,0,0.7727272727272727,1.2941176470588236,0.8627450980392156
druglikeScaffold,O=C(c1ccc([N+](=O)[O-])o1)N1CCC(Oc2cnccn2)CC1,0,0.8695652173913043,0.3833333333333333,0.7666666666666666
druglikeScaffold,CC(C(O)=O)C1=CC2=C(C=C1)C1=C(N2)C=CC(Cl)=C1,1,0.6842105263157895,0.0,0.0
druglikeScaffold,CCC(CC)NCc1ccc2c(c1)c1ccccc1n2CC,0,0.5909090909090909,1.1282051282051282,0.5641025641025641
druglikeScaffold,CCC(=O)NS(=O)(=O)C1=CC=C(C=C1)C1=C(C)ON=C1C1=CC=CC=C1,1,0.6538461538461539,0.5098039215686274,0.0
druglikeScaffold,CC1=C(C(=NO1)C1=CC=CC=C1)C1=CC=C(C=C1)S(N)(=O)=O,1,0.7727272727272727,0.8627450980392156,0.8627450980392156
druglikeScaffold,COc1cc(OC)c(CCC(=O)N2CC[C@H](S(=O)(=O)c3ccc(Cl)cc3)C2)c(OC)c1,0,0.7741935483870968,1.2916666666666667,1.2916666666666667
druglikeScaffold,Cn1cc([N-]S(=O)(=O)c2cnc[nH]2)cc(Br)c1=O,0,0.8888888888888888,0.75,1.125
druglikeScaffold,O=C(Nc1ccc(-c2cccc(F)c2)cc1)[C@H]1CCCN(C(=O)Cn2cncn2)C1,0,0.9666666666666667,1.0344827586206897,1.0344827586206897
druglikeScaffold,COC1=C(NC(=O)\C=C\CN2CCCCC2)C=C2C(NC3=CC(Cl)=C(F)C=C3)=NC=NC2=C1,1,0.8787878787878788,1.1379310344827587,1.1379310344827587
druglikeScaffold,COC(=O)C1=C(Nc2ccccc2NS(=O)(=O)c2ccccc2Cl)CSC1,0,0.8148148148148148,1.2272727272727273,1.2272727272727273
druglikeScaffold,CCOc1ccc(/C=N/n2cnnc2SCc2ccccc2)cc1OCC,0,0.7777777777777778,0.8571428571428571,0.42857142857142855
druglikeScaffold,CCCCCNC(=O)[C@@H](C)[N@H+]1CC[C@H](OCc2ccc(F)cc2)CC1,0,0.56,0.5952380952380951,0.5952380952380951
druglikeScaffold,CC(=O)CCCSc1nnnn1Cc1ccccc1,0,0.631578947368421,1.5833333333333335,1.0555555555555556
druglikeScaffold,O=C(CSc1nc2cc3c(cc2c(=O)n1Cc1ccco1)OCO3)Nc1cc(C(F)(F)F)ccc1Cl,0,0.8611111111111112,0.7741935483870966,1.161290322580645
druglikeScaffold,COC(=O)NC1=NC2=C(N1)C=C(C=C2)C(=O)C1=CC=CC=C1,1,0.7727272727272727,0.8627450980392156,0.8627450980392156
druglikeScaffold,CC(=O)NCc1ccc(C(=O)OC[C@@H]2CC2(Cl)Cl)cc1,0,0.65,1.5384615384615383,0.5128205128205128
druglikeScaffold,CCN(CC)S(=O)(=O)c1ccc2c(c1)CCN2C(=O)c1ccc(C)nc1,0,0.6538461538461539,1.5294117647058822,1.5294117647058822
druglikeScaffold,CN(Cc1cn(-c2ccccc2)nc1-c1cccs1)C(=O)C1CCCC1,0,0.9615384615384616,1.04,1.04
druglikeScaffold,[H][C@@]12CC[C@](O)(C(=O)COC(=O)CCC3CCCC3)[C@@]1(C)C[C@H](O)[C@@]1([H])[C@@]2([H])CCC2=CC(=O)CC[C@]12C,1,0.8857142857142857,1.1290322580645162,1.1290322580645162
druglikeScaffold,CCN1c2ccccc2-c2nc(SCc3cc(F)cc(F)c3)ncc2S1(=O)=O,0,0.8571428571428571,1.1666666666666667,1.1666666666666667
druglikeScaffold,CN1C(C(=O)NC2=CC=CC=N2)=C(O)C2=C(C=CS2)S1(=O)=O,1,0.9090909090909091,1.1,1.1
druglikeScaffold,CN1C(C(=O)NC2=CC=CC=N2)=C(O)C2=C(C=C(Cl)S2)S1(=O)=O,1,0.8695652173913043,1.1500000000000001,1.1500000000000001
druglikeScaffold,O=[N+]([O-])c1ccccc1S(=O)(=O)N(Cc1cnc2ccccn12)C1CC1,0,0.8846153846153846,0.37681159420289856,0.7536231884057971
druglikeScaffold,CCCCOC1=CC=C(OCCCN2CCOCC2)C=C1,1,0.7619047619047619,0.875,0.875
druglikeScaffold,NC1=CC=C(C=C1)S(=O)(=O)NC1=CC=CC=N1,1,0.9411764705882353,0.7083333333333333,0.7083333333333333
druglikeScaffold,Cc1ccccc1C(=O)Nc1ccc2nc(-c3ccc(C(C)C)cc3)oc2c1,0,0.8571428571428571,1.1666666666666667,0.7777777777777778
druglikeScaffold,CCOCc1cc(C[N@@H+]2CCc3[nH]c(-c4ccncc4)nc(=O)c3C2)ccc1OC,0,0.8,0.8333333333333333,0.8333333333333333
druglikeScaffold,COc1ccc(C(=O)N(C)[C@@H]2CCOC2)cc1O[C@H]1CC[N@H+](C(C)C)CC1,0,0.7777777777777778,1.2857142857142856,1.2857142857142856
druglikeScaffold,CCC/C(=N/NC(=O)c1cc(OC)c(OC)c(OC)c1)c1ccccc1,0,0.6538461538461539,1.5294117647058822,1.5294117647058822
druglikeScaffold,COc1cc(/C=N/NC(=O)c2cccc(F)c2)cc(I)c1O,0,0.7727272727272727,1.2941176470588236,0.8627450980392156
druglikeScaffold,CC(=O)N(c1nc2ccccc2n(CC(=O)Nc2cccc(Cl)c2C)c1=O)C1CCCCC1,0,0.8484848484848485,0.7857142857142857,0.39285714285714285
druglikeScaffold,O=C(CCCn1cc[nH+]c1)Nc1n[nH]c(-c2ccccc2F)n1,0,0.9565217391304348,1.0454545454545454,1.0454545454545454
druglikeScaffold,CC1=NN=C(NS(=O)(=O)C2=CC=C(N)C=C2)S1,1,0.8823529411764706,0.7555555555555555,0.7555555555555555
druglikeScaffold,COc1cc([C@H]2N(c3ccc(Cl)cc3)N=C(C(C)=O)N2c2ccc(N3CCOCC3)cc2)ccc1OCc1ccc(Cl)cc1,0,0.8409090909090909,1.1891891891891893,1.1891891891891893
druglikeScaffold,Cc1ccc(/C=C/C(=O)Nc2nccs2)cc1,0,0.9411764705882353,1.0625,1.0625
druglikeScaffold,[H][C@]12C[C@@H](O)[C@H](\C=C\[C@@H](O)CCCCC)[C@@]1([H])C\C(O2)=C\CCCC(O)=O,1,0.36,1.8518518518518519,1.8518518518518519
druglikeScaffold,CCCCCOc1ccc(C(=O)NC[C@@H](C)NC(=O)c2ccc(OCCCCC)cc2)cc1,0,0.6060606060606061,1.65,1.65
druglikeScaffold,C[N@@H+](CC(=O)NCC(=O)N[C@@H]1CCS(=O)(=O)C1)C1CC1,0,0.95,0.7017543859649122,1.0526315789473684
druglikeScaffold,CC(C)C[C@H](NC(=O)[C@@H](CC1=CC=C(NC(N)=O)C=C1)NC(=O)[C@H](CC1=CC=C(NC(=O)[C@@H]2CC(=O)NC(=O)N2)C=C1)NC(=O)[C@H](CO)NC(=O)[C@@H](CC1=CC=CN=C1)NC(=O)[C@@H](CC1=CC=C(Cl)C=C1)NC(=O)[C@@H](CC1=CC=C2C=CC=CC2=C1)NC(C)=O)C(=O)N[C@@H](CCCCNC(C)C)C(=O)N1CCC[C@H]1C(=O)N[C@H](C)C(N)=O,1,0.7350427350427351,0.9069767441860463,0.4534883720930232
druglikeScaffold,O=C(C[C@@H]1Sc2ccccc2NC1=O)NCc1c(O)ccc2c1CCCC2,0,0.9629629629629629,1.0384615384615385,1.0384615384615385
druglikeScaffold,O=C(NCCC1=CCCCC1)[C@@H]1CCCN(c2nc3ccc(F)cc3s2)C1,0,0.9629629629629629,1.0384615384615385,1.0384615384615385
druglikeScaffold,O=C(Nc1cnn(Cc2cccc(F)c2)c1)Nc1ccccc1C(F)(F)F,0,0.8148148148148148,0.8181818181818182,0.8181818181818182
druglikeScaffold,Cc1nc(C)c(C(=O)N(C)Cc2ccc(Cl)c(Cl)c2)s1,0,0.75,1.3333333333333333,1.3333333333333333
druglikeScaffold,[H][C@@]12O[C@@]3([H])CCC4CC(=O)C[C@H]5[C@H](C[C@H]6O[C@H](C[C@@H](C)C6=C)CC[C@@H]6O[C@H](CC6=C)CC[C@@]67C[C@@H](O[C@H]1[C@@H](O6)[C@@]3([H])O4)[C@@H]2O7)O[C@H](C[C@H](O)CN)[C@@H]5OC,1,0.8461538461538461,0.7878787878787878,1.1818181818181819
druglikeScaffold,CS(=O)(=O)CC[N@H+]1CC[C@H](NC(=O)c2ccc(Br)c(F)c2)CC1,0,0.6521739130434783,1.5333333333333332,1.5333333333333332
druglikeScaffold,C[C@@H]1COCC[N@H+]1C[C@H](O)Cn1c2ccccc2c2ccccc21,0,0.9166666666666666,1.090909090909091,1.090909090909091
druglikeScaffold,CC(O)COCC1OC(OC2C(COCC(C)O)OC(OCC(C)O)C(OCC(C)O)C2OCC(C)O)C(OCC(C)O)C(OCC(C)O)C1OCC(C)O,1,0.23636363636363636,1.4102564102564101,4.230769230769231
druglikeScaffold,O[C@@H]1CO[C@@H](O[C@@H]2CO[C@@H](O)[C@H](OS(O)(=O)=O)[C@H]2OS(O)(=O)=O)[C@H](OS(O)(=O)=O)[C@H]1OS(O)(=O)=O,1,0.37142857142857144,0.0,0.0
druglikeScaffold,OC[C@H]1O[C@@H](O[C@H]2[C@H](O)[C@@H](O)C(O)O[C@@H]2CO)[C@H](O)[C@@H](O)[C@H]1O,1,0.5652173913043478,1.7692307692307694,1.7692307692307694
druglikeScaffold,OC1C(O)C(OC2C(O)C(O)C(OP)OC2C(O)=O)OC(C1P)C(O)=O,1,0.5,1.3333333333333333,0.0
druglikeScaffold,CC[C@@]1(c2ccc(Cl)cc2)NC(=O)N(CC(=O)N2CCCC[C@@H]2C)C1=O,0,0.8461538461538461,1.1818181818181819,1.1818181818181819
druglikeScaffold,[H][C@@]1(O[C@@H]2[C@@H](O)[C@H](N)C[C@H](N)[C@H]2O[C@H]2O[C@H](CN)[C@@H](O)[C@H](O)[C@H]2N)O[C@H](CO)[C@@H](O)[C@H]1O,1,0.6129032258064516,1.631578947368421,1.0877192982456139
druglikeScaffold,Cc1ccccc1NC(=O)/C(C#N)=C\c1ccccc1OCc1ccc(C(=O)O)cc1,0,0.8064516129032258,1.24,0.41333333333333333
druglikeScaffold,COC1=C(OC)C=C2C(N)=NC(=NC2=C1)N1CCN(CC1)C(=O)C1=CC=CO1,1,0.8214285714285714,1.2173913043478262,1.2173913043478262
druglikeScaffold,Cc1ccc(-c2cc3c(c(OC[C@H]4CCC[N@@H+](C)C4)c2)OCCN(C(=O)Cc2ccc(F)cc2)C3)s1,0,0.9166666666666666,1.090909090909091,1.090909090909091
druglikeScaffold,CCCN(CCC1=CC=CS1)[C@H]1CCC2=C(O)C=CC=C2C1,1,0.8181818181818182,1.222222222222222,1.222222222222222
druglikeScaffold,CS(=O)(=O)c1ccc(N2CCN([C@@H]3CC(=O)N(c4ccc5c(c4)OCO5)C3=O)CC2)cc1,0,0.875,0.38095238095238093,0.38095238095238093
druglikeScaffold,COC1=C(OCCCN2CCOCC2)C=C2C(NC3=CC(Cl)=C(F)C=C3)=NC=NC2=C1,1,0.8709677419354839,1.1481481481481481,1.1481481481481481
druglikeScaffold,C[N+]1(C)CCCC(C1)OC(=O)C(O)(C1=CC=CC=C1)C1=CC=CC=C1,1,0.88,1.1363636363636365,0.7575757575757576
druglikeScaffold,COC1=CC=C(CCN2CCC(CC2)NC2=NC3=CC=CC=C3N2CC2=CC=C(F)C=C2)C=C1,1,0.9117647058823529,1.096774193548387,1.096774193548387
druglikeScaffold,Cl[C@H]1[C@H](Cl)[C@@H](Cl)[C@@H](Cl)[C@H](Cl)[C@H]1Cl,1,0.5,2.0,0.0
druglikeScaffold,NC(=O)OC1(CCCCC1)C#C,1,0.5,0.6666666666666666,0.6666666666666666
druglikeScaffold,NCC1(CC(O)=O)CCCCC1,1,0.5,0.0,0.0
druglikeScaffold,CC(C)[C@@H]1CC[C@@H](C)C[C@H]1O,1,0.5454545454545454,1.8333333333333335,0.6111111111111112
druglikeScaffold,NC[C@H]1CC[C@@H](CC1)C(O)=O,1,0.5454545454545454,0.0,0.0
druglikeScaffold,CNC(C)CC1CCCCC1,1,0.5454545454545454,0.0,0.6111111111111112
druglikeScaffold,ClCCN(N=O)C(=O)NC1CCCCC1,1,0.4,0.0,0.0
druglikeScaffold,O[C@H]1[C@H](O)[C@@H](O)[C@H](O)[C@H](O)[C@@H]1O,1,0.5,2.0,2.0
druglikeScaffold,CC(C)C(=O)OC(C)OC(=O)NCC1(CC(O)=O)CCCCC1,1,0.2608695652173913,0.0,0.0
druglikeScaffold,COC(=O)[C@@H]1CCCC[C@H]1O,0,0.5454545454545454,1.8333333333333335,1.2222222222222223
druglikeScaffold,C[C@H]1C[C@H](NN(C)C)C(C#N)(C#N)CC1(C#N)C#N,0,0.3157894736842105,2.111111111111111,2.111111111111111
druglikeScaffold,CNC(=O)NCC(=O)NCCC[N@@H+](C)C1CCCCC1,0,0.3,0.0,0.0
druglikeScaffold,NCCCC[C@@H]1NC(=O)[C@@H](CC2=CNC3=C2C=CC=C3)NC(=O)[C@@H](NC(=O)[C@@H]2C[C@H](CN2C(=O)[C@H](CC2=CC=CC=C2)NC(=O)[C@H](CC2=CC=C(OCC3=CC=CC=C3)C=C2)NC1=O)OC(=O)NCCN)C1=CC=CC=C1,1,0.8441558441558441,0.39487179487179486,0.7897435897435897
druglikeScaffold,[H]\C(=C(\[H])C1=NCCCN1C)C1=CC=CS1,1,0.9285714285714286,0.7179487179487178,0.7179487179487178
druglikeScaffold,Cc1nc2cc(F)cc(C(=O)NNC(=O)[C@H]3CCCO3)c2nc1C,0,0.875,1.1428571428571428,1.1428571428571428
druglikeScaffold,Cc1cc(C)n2c(CNCc3ccc(OC(F)F)cc3)cnc2n1,0,0.75,0.8888888888888888,1.3333333333333333
druglikeScaffold,CCOc1ccc(F)c(C(=O)N[C@@H](C)CN2C[C@@H](C)C[C@H](C)C2)c1F,0,0.68,1.4705882352941175,1.4705882352941175
druglikeScaffold,COCCN(C)c1ccc(NCc2cccc3cn[nH]c23)nc1,0,0.7391304347826086,1.3529411764705883,0.9019607843137255
druglikeScaffold,CCOC(=O)C1=C(C)N(c2ccccc2OC)C(C)=C(C(=O)OCC)C1c1ccc([N+](=O)[O-])cc1,0,0.5142857142857142,0.6481481481481481,0.6481481481481481
druglikeScaffold,COc1cc(CNCc2cccnc2)ccc1OCc1c(Cl)cccc1Cl,0,0.8518518518518519,1.1739130434782608,0.7826086956521738
druglikeScaffold,CCOc1ccc([N+](=O)[O-])cc1CNCc1ccnc(OC2CCC2)c1,0,0.7692307692307693,0.8666666666666666,0.4333333333333333
druglikeScaffold,C=CCn1c(=O)[nH]c(O)c(C(=O)/C=C/c2ccc(OCC)cc2)c1=O,0,0.72,0.9259259259259259,0.46296296296296297
druglikeScaffold,O=C(CNCCC1=CCCCC1)NCc1ccccc1Cl,0,0.9523809523809523,1.05,0.7
druglikeScaffold,C[C@H](Oc1cccc(F)c1)C(=O)N1CCC([C@@H]2C[C@H](C(F)F)n3ncnc3N2)CC1,0,0.8333333333333334,1.2,1.2
druglikeScaffold,C[C@H]1CN(S(=O)(=O)c2ccc3c(c2)NCCS3)c2ccccc2S1,0,0.9583333333333334,1.0434782608695652,1.0434782608695652
druglikeScaffold,CN(C)C(=O)[C@H]1CC[C@H](NC(=O)C(=O)NC2=NC=C(Cl)C=C2)[C@@H](C1)NC(=O)C1=NC2=C(CN(C)CC2)S1,1,0.8108108108108109,0.8222222222222221,0.8222222222222221
druglikeScaffold,CN(Cc1cccc(C#N)c1)C(=O)c1cc(C2CC2)nc2c1c(O)nn2C,0,0.8148148148148148,1.2272727272727273,1.2272727272727273
druglikeScaffold,CCOC(=O)c1ccc(CN2CCOC[C@H]2c2ccc(C)o2)o1,0,0.7391304347826086,1.3529411764705883,1.3529411764705883
druglikeScaffold,CCC(=O)O[C@@](CC1=CC=CC=C1)([C@H](C)CN(C)C)C1=CC=CC=C1,1,0.56,0.5952380952380951,0.5952380952380951
druglikeScaffold,CN(C)S(=O)(=O)C1=CC2=C(SC3=CC=CC=C3\C2=C\CCN2CCN(C)CC2)C=C1,1,0.7666666666666667,1.3043478260869565,0.8695652173913042
druglikeScaffold,OCCN1CCN(CC\C=C2\C3=CC=CC=C3SC3=C2C=C(Cl)C=C3)CC1,1,0.8518518518518519,1.1739130434782608,0.7826086956521738
druglikeScaffold,[H]\C(CCN1CCN(CCO)CC1)=C1/C2=CC=CC=C2SC2=C1C=C(C=C2)C(F)(F)F,1,0.7666666666666667,1.3043478260869565,0.4347826086956521
druglikeScaffold,COc1ccc([C@@H]2[C@@H](C(=O)Nc3cc(OC)c(OC)c(OC)c3)c3ccccc3C(=O)N2C)cc1OC,0,0.7027027027027027,1.423076923076923,1.423076923076923
druglikeScaffold,CC[C@H]1[C@@H]2C[C@H]3[C@@H]4N(C)C5=CC=CC=C5[C@]44C[C@@H](C2[C@H]4O)N3[C@@H]1O,1,0.7916666666666666,1.2631578947368423,0.8421052631578947
druglikeScaffold,Cc1ccc(C(=O)NCC(=O)O[C@H](C)C(=O)Nc2ccccc2C)cc1,0,0.8846153846153846,1.1304347826086958,1.1304347826086958
druglikeScaffold,COc1cc(C#N)ccc1O[C@H](C)C(=O)N[C@H]1CCCC[C@@H]1C,0,0.7391304347826086,1.3529411764705883,1.3529411764705883
druglikeScaffold,COc1cc(C(C)=O)ccc1OCC(=O)N[C@H]1CCCC[C@@H]1C,0,0.7391304347826086,1.3529411764705883,1.3529411764705883
druglikeScaffold,C[C@@H](Oc1ccc(Cl)cc1Cl)C(=O)N[C@H]1CCCC[C@H]1C,0,0.8095238095238095,1.2352941176470589,1.2352941176470589
druglikeScaffold,C[C@H](CCc1ccccc1)n1c(=O)c2sccc2n(CC(=O)O)c1=O,0,0.8,0.8333333333333333,0.8333333333333333
druglikeScaffold,C=CCn1nc(C(=O)O)c2c1CC[C@H](N1CCN(C(=O)C(C)(C)C)CC1)C2,0,0.5555555555555556,1.7999999999999998,0.6
druglikeScaffold,COC(=O)c1ccc(/C=N/Nc2nncn2N)cc1,0,0.7368421052631579,1.3571428571428572,1.3571428571428572
druglikeScaffold,Cc1c(NC(=O)COc2ccc(Br)cc2)cccc1-c1nc2ncccc2o1,0,0.9285714285714286,1.0769230769230769,1.0769230769230769
druglikeScaffold,[S-]c1nnc(-c2ccc(Cl)cc2Cl)[nH]1,0,0.7857142857142857,1.2727272727272727,0.8484848484848485
druglikeScaffold,Cn1c(SCCCS(C)(=O)=O)nnc1-c1ccccc1F,0,0.5238095238095238,1.2727272727272725,0.6363636363636362
druglikeScaffold,CCn1c(SCC(=O)N[C@@H](C)C(=O)N(C)C)nnc1-c1ccccc1,0,0.44,0.0,0.0
druglikeScaffold,CCOC(=O)CSc1nnc(-c2ccc(OC)cc2)n1CCC(=O)O,0,0.44,0.0,0.7575757575757576
druglikeScaffold,CCNC(=O)c1ccc(CSc2[nH+]c3cccnc3n2Cc2c(F)cccc2Cl)cc1,0,0.7741935483870968,0.861111111111111,0.861111111111111
druglikeScaffold,Cc1cc(C(=O)NC2=CC3=CC=N[C@@H]3C=C2)c2c(C)noc2n1,0,0.9130434782608695,1.0952380952380953,1.0952380952380953
druglikeScaffold,CCN(CC)c1ccc(/C=C/C(=O)NCCN2CCC([N@H+](C)[C@@H]3CCCC[C@@H]3C)CC2)cc1,0,0.7878787878787878,0.8461538461538461,0.8461538461538461
druglikeScaffold,ClC1=CC=C2N=C3NC(=O)CN3CC2=C1Cl,1,0.875,1.1428571428571428,1.1428571428571428
druglikeScaffold,O[C@@H]1CC[C@@]2(C)[C@@]([H])(CC[C@@]3(C)[C@@]2([H])[C@H](O)C[C@@]2([H])\C([C@@H](OC(=O)C)C[C@]32C)=C(/CCC=C(C)C)C(O)=O)[C@@H]1C,1,0.4864864864864865,0.6851851851851851,1.3703703703703702
druglikeScaffold,CN(C[C@@H]1CCCOC1)C(=O)Nc1ccncc1F,0,0.8947368421052632,0.7450980392156862,1.1176470588235294
druglikeScaffold,O[C@H]1CCN(C1)C(=O)NC1=C2N=C(C=CN2N=C1)N1CCC[C@@H]1C1=C(F)C=CC(F)=C1,1,0.9032258064516129,1.1071428571428572,1.1071428571428572
druglikeScaffold,CC1=NN(C(=O)C1)C1=CC=CC=C1,1,0.9230769230769231,1.0833333333333333,1.0833333333333333
druglikeScaffold,Cc1nc(Sc2ncnc3sc4c(c23)CCCC4)sc1C,0,0.9047619047619048,1.1052631578947367,1.1052631578947367
druglikeScaffold,CN(C)[C@H](CNS(=O)(=O)c1ncn(C)c1Cl)c1ccccc1,0,0.7727272727272727,0.8627450980392156,1.2941176470588236
druglikeScaffold,CC[C@@H]1NC(=O)[C@H]([C@H](O)[C@H](C)C\C=C\C)N(C)C(=O)[C@H](C(C)C)N(C)C(=O)[C@H](CC(C)C)N(C)C(=O)[C@H](CC(C)C)N(C)C(=O)[C@@H](C)NC(=O)[C@H](C)NC(=O)[C@H](CC(C)C)N(C)C(=O)[C@@H](NC(=O)[C@H](CC(C)C)N(C)C(=O)CN(C)C1=O)C(C)C,1,0.5176470588235295,0.6439393939393938,1.2878787878787876
druglikeScaffold,Cc1cnc(N2CCO[C@@H](CCN(C)C)C2)nc1N(C)C,0,0.5714285714285714,1.1666666666666667,0.5833333333333334
druglikeScaffold,CCOc1ccc(Cc2nnc(Nc3ccccc3OCC)nc2O)cc1,0,0.7407407407407407,1.35,0.9
druglikeScaffold,COC1=C(C=C(C=C1C1=CC2=CC=C(NS(C)(=O)=O)C=C2C=C1)N1C=CC(=O)NC1=O)C(C)(C)C,1,0.6857142857142857,0.9722222222222222,0.4861111111111111
druglikeScaffold,Cc1ccc(/C=C2/SC(=O)N(CN3CCN(C)CC3)C2=O)cc1,0,0.9130434782608695,1.0952380952380953,1.0952380952380953
druglikeScaffold,CC1CCN(C(=O)c2ccc(NC(=O)N(C)C[C@H]3CCC[N@@H+](C)C3)cc2)CC1,0,0.8928571428571429,1.1199999999999999,1.1199999999999999
druglikeScaffold,COc1ccc2[nH]cc(CCNC(=O)CC[C@H]3C(=O)Oc4cc(OC(C)=O)ccc4[C@@H]3C)c2c1,0,0.7941176470588235,0.41975308641975306,0.41975308641975306
druglikeScaffold,C#CCOc1cccc(NC(=O)C(=O)NC[C@@](C)(O)c2ccsc2)c1,0,0.76,0.8771929824561403,0.43859649122807015
druglikeScaffold,COC(=O)C1=C(C)N=C2SCC(CC(=O)N3CCCCC3)=[N+]2[C@H]1c1ccc(Cl)cc1,0,0.8,1.25,1.25
druglikeScaffold,CCC(CC)[C@H](CNS(=O)(=O)/C=C/c1ccccc1)N1CCOCC1,0,0.8,0.8333333333333333,1.25
druglikeScaffold,Cc1nnc(S[C@@H](C)C(=O)N[C@H](C)c2ccc(Cl)cc2)s1,0,0.8095238095238095,1.2352941176470589,1.2352941176470589
druglikeScaffold,CN(Cc1cccnc1)C(=O)CNC(=O)c1cc2cccc(Br)c2o1,0,0.92,1.0869565217391304,1.0869565217391304
druglikeScaffold,COc1ccc(Br)c(C(=O)N[C@H](C)Cc2ccc(C)s2)c1,0,0.7619047619047619,1.3125,1.3125
druglikeScaffold,COC(=O)[C@H](c1cc(F)c(F)c(F)c1)N(C)CC(=O)N[C@H]1CC[C@H](C(F)(F)F)CC1,0,0.6,1.1111111111111112,0.5555555555555556
druglikeScaffold,[H][C@@]12CCCN1C(=O)[C@H](CC1=CC=CC=C1)N1C(=O)[C@](C)(NC(=O)[C@H]3CN(C)[C@]4([H])CC5=CNC6=CC=CC(=C56)[C@@]4([H])C3)O[C@@]21O,1,0.9302325581395349,1.075,1.075
druglikeScaffold,NC1=C2CCCCC2=NC2=CC=CC=C12,1,0.9333333333333333,0.7142857142857142,1.0714285714285714
druglikeScaffold,CCOC(=O)CSc1nnc(N)n1[C@H](C)C(=O)Nc1nc2ccc(C(=O)OCC)cc2s1,0,0.5625,1.7777777777777777,1.1851851851851851
druglikeScaffold,CCN(c1ccccc1)S(=O)(=O)c1ccc(NC(=S)NC(=O)c2ccccc2C)cc1,0,0.9032258064516129,0.738095238095238,0.738095238095238
druglikeScaffold,CC[C@@H]1C(=O)C2(CCCCC2)C(=O)O[C@H]1c1ccccc1,0,0.9047619047619048,1.1052631578947367,0.7368421052631579
druglikeScaffold,Cc1ccc([C@@H](O)CNC(=O)C(=O)Nc2cccc(F)c2)o1,0,0.8636363636363636,1.1578947368421053,1.1578947368421053
druglikeScaffold,CSc1nccn1-c1cccc(C(=O)N[C@H](C)c2ccc(NC(=O)C3CC3)cc2)c1,0,0.9,1.1111111111111112,1.1111111111111112
druglikeScaffold,CN(C)c1ncc(-c2ccc(F)cc2)c([C@H]2CCCCN2C(=O)COc2ccccc2)n1,0,0.875,1.1428571428571428,1.1428571428571428
druglikeScaffold,CCOC(=O)C1=NN=C[C@H]1CN1CCO[C@H](Cc2ccc(F)cc2)C1,0,0.76,1.3157894736842106,1.3157894736842106
druglikeScaffold,COc1ccc(C(=O)[C@@H]2C(=O)C(=O)N(c3cccc(C(=O)O)c3)[C@@H]2c2ccsc2)cc1OC,0,0.7878787878787878,1.2692307692307694,0.8461538461538461
druglikeScaffold,CCOC1=CC=C(CC2=C(Cl)C=CC(=C2)[C@@H]2O[C@H](CO)[C@@H](O)[C@H](O)[C@H]2O)C=C1,1,0.6785714285714286,1.4736842105263157,1.4736842105263157
druglikeScaffold,CC(C)(SC1=CC(=C(O)C(=C1)C(C)(C)C)C(C)(C)C)SC1=CC(=C(O)C(=C1)C(C)(C)C)C(C)(C)C,1,0.42857142857142855,0.7777777777777778,1.5555555555555556
druglikeScaffold,CC(C)c1ccc(NC(=O)[C@@H]2CCCN(c3ccnc(-c4ccccc4)n3)C2)cc1,0,0.9,1.1111111111111112,1.1111111111111112
druglikeScaffold,C[C@@H](O[C@H]1OCCN(CC2=NC(=O)N(N2)P(O)(O)=O)[C@H]1C1=CC=C(F)C=C1)C1=CC(=CC(=C1)C(F)(F)F)C(F)(F)F,1,0.6585365853658537,1.0123456790123455,0.5061728395061728
druglikeScaffold,Cn1c(CNC2CCCCC2)nnc1SCc1ccccc1,0,0.9545454545454546,0.6984126984126984,1.0476190476190477
druglikeScaffold,O=C(NCC[N@H+]1CCC[C@@H](c2ccccc2)C1)c1cc(COc2ccc(F)c(F)c2)on1,0,0.9375,1.0666666666666667,1.0666666666666667
druglikeScaffold,CCOc1ccc(CN2CCN(C(=O)c3ccc(C)c(S(=O)(=O)N4CCCCC4)c3)CC2)cc1,0,0.8823529411764706,0.37777777777777777,0.7555555555555555
druglikeScaffold,Cc1nnc(SC/C(O)=N/c2ncn[nH]2)n1-c1ccccc1,0,0.9090909090909091,1.1,0.7333333333333333
druglikeScaffold,[H][C@@]12CC[C@@](O)(C#C)[C@@]1(C)CC[C@]1([H])C3=C(CC[C@@]21[H])CC(=O)CC3,1,0.8181818181818182,0.8148148148148148,0.8148148148148148
druglikeScaffold,[H][C@@]12CC[C@@](O)(C#C)[C@@]1(C)CC[C@]1([H])C3=C(CC(=O)CC3)C[C@@]([H])(C)[C@@]21[H],1,0.782608695652174,0.8518518518518517,0.8518518518518517
druglikeScaffold,CN1CCN(CC2=CC=C(NC(=O)C3=CC(C#CC4=CN=C5C=CC=NN45)=C(C)C=C3)C=C2C(F)(F)F)CC1,1,0.8461538461538461,1.1818181818181819,1.1818181818181819
druglikeScaffold,C[C@@H]1CN(C2=NC(=CC=C2C(=O)NS(=O)(=O)C2=CN(C)N=C2C)N2C=CC(OCC(C)(C)C(F)(F)F)=N2)C(C)(C)C1,1,0.6585365853658537,1.0123456790123455,1.5185185185185184
druglikeScaffold,CC(O)(CS(=O)(=O)C1=CC=C(F)C=C1)C(=O)NC1=CC(=C(C=C1)C#N)C(F)(F)F,1,0.6896551724137931,0.9666666666666666,1.45
druglikeScaffold,ClC1=CC2=C(C=C1)N(CC1CC1)C(=O)CN=C2C1=CC=CC=C1,1,0.9565217391304348,1.0454545454545454,1.0454545454545454
druglikeScaffold,COc1ccc(-c2csc(C)n2)cc1S(=O)(=O)[N-]c1cccc(C#N)c1,0,0.8076923076923077,0.8253968253968254,0.8253968253968254
druglikeScaffold,Nc1nc(N2CCC[C@](CO)(CCc3ccccc3)C2)c2cn[nH]c2n1,0,0.8846153846153846,0.7536231884057971,1.1304347826086958
druglikeScaffold,CO[C@H]1\C=C\O[C@@]2(C)OC3=C(C2=O)C2=C(O)C(\C=N\N4CCN(C)CC4)=C(NC(=O)\C(C)=C/C=C/[C@H](C)[C@H](O)[C@@H](C)[C@@H](O)[C@@H](C)[C@H](OC(C)=O)[C@@H]1C)C(O)=C2C(O)=C3C,1,0.6779661016949152,1.475,0.49166666666666664
druglikeScaffold,OC(=O)CCCN1CCC(CC1)OC(C1=CC=C(Cl)C=C1)C1=CC=CC=N1,1,0.7407407407407407,1.35,0.45
druglikeScaffold,OC(CNCC(O)C1CCC2=C(O1)C=CC(F)=C2)C1CCC2=C(O1)C=CC(F)=C2,1,0.8620689655172413,1.1600000000000001,1.1600000000000001
druglikeScaffold,CC(C)[C@H]1CC[C@@H](CC1)C(=O)N[C@H](CC1=CC=CC=C1)C(O)=O,1,0.7391304347826086,1.3529411764705883,1.3529411764705883
druglikeScaffold,FC1=CC=C(C=C1)C(=O)CCCN1CCC(=CC1)N1C(=O)NC2=CC=CC=C12,1,0.9642857142857143,1.037037037037037,1.037037037037037
druglikeScaffold,CC(C)C1=NC(=NC(C2=CC=C(F)C=C2)=C1\C=C\[C@@H](O)C[C@@H](O)CC(=O)O)N(C)S(C)(=O)=O,1,0.36363636363636365,0.9166666666666666,0.0
druglikeScaffold,CC(=O)Nc1ccc(NC(=O)CCc2ccsc2)cc1Cl,0,0.7619047619047619,0.875,0.875
druglikeScaffold,NC1=NC(N2C=C(C(O)=O)C(=O)C3=CC(F)=C(N4CC(O)C4)C(Cl)=C23)=C(F)C=C1F,1,0.7,0.9523809523809524,1.4285714285714286
druglikeScaffold,Cc1cc2nn(-c3ccc(Cl)cc3)nc2cc1NC(=O)c1sc2c([N+](=O)[O-])cccc2c1Cl,0,0.8181818181818182,0.8148148148148148,0.8148148148148148
druglikeScaffold,N#Cc1ccnc(S(=O)(=O)N2CCC[C@H](N)C2)c1,0,0.8333333333333334,1.2,1.2
druglikeScaffold,CC(C)C[C@H](NC(=O)[C@@H](CC1=CNC2=CC=CC=C12)NC(=O)[C@H](CC1=CC=C(O)C=C1)NC(=O)[C@H](CO)NC(=O)[C@H](CC1=CNC2=C1C=CC=C2)NC(=O)[C@H](CC1=CNC=N1)NC(=O)[C@@H]1CCC(=O)N1)C(=O)N[C@@H](CCCNC(N)=N)C(=O)N1CCC[C@H]1C(=O)NCC(N)=O,1,0.7789473684210526,0.8558558558558559,1.2837837837837838
druglikeScaffold,O=C(Nc1ccc(N2CCCCC2)c(F)c1)[C@H]1CC(=O)N(Cc2ccncc2)C1,0,0.9655172413793104,1.0357142857142856,1.0357142857142856
druglikeScaffold,COC1=C(OC)C=C2C(N)=NC(=NC2=C1)N1CCN(CC1)C(=O)C1CCCO1,1,0.8214285714285714,1.2173913043478262,1.2173913043478262
druglikeScaffold,Cn1cc[nH+]c1C1CCN(C(=O)[C@H]2CC[N@H+](CC(N)=O)CC2)CC1,0,0.7916666666666666,0.8421052631578947,0.8421052631578947
druglikeScaffold,Cc1cc(-c2nn(C)c(Cl)c2C[N@H+]2CC[C@H]([C@@H](C)N(C)C)CC2)no1,0,0.68,0.980392156862745,0.980392156862745
druglikeScaffold,Cc1cc(C)c2c(c1)NC(=O)/C2=N\NC(=O)c1cnccn1,0,0.9090909090909091,0.7333333333333333,0.7333333333333333
druglikeScaffold,ClC1=C(COC(CN2C=CN=C2)C2=C(Cl)C=C(Cl)C=C2)C=CS1,1,0.8695652173913043,1.1500000000000001,1.1500000000000001
druglikeScaffold,COc1ccc(CNc2oc(-c3ccccc3C)nc2S(=O)(=O)c2ccccc2)cc1,0,0.9032258064516129,1.1071428571428572,0.738095238095238
druglikeScaffold,COCCn1cc2c(n1)[C@H](Nc1cc[nH+]c(C3CC3)n1)CCC2,0,0.8260869565217391,1.2105263157894737,1.2105263157894737
druglikeScaffold,C[C@H]1CNCCC2=CC=C(Cl)C=C12,1,0.8461538461538461,1.1818181818181819,1.1818181818181819
druglikeScaffold,C[C@H](Sc1nnc(C2CC2)n1C)C(=O)NC(N)=O,0,0.4444444444444444,0.0,0.75
druglikeScaffold,C[C@@H](NCCCC1=CC(=CC=C1)C(F)(F)F)C1=CC=CC2=CC=CC=C12,1,0.8076923076923077,1.2380952380952381,0.8253968253968254
druglikeScaffold,CN(CC(=O)Nc1cc(Cl)ccc1Oc1ccccc1)S(=O)(=O)c1cc(Cl)ccc1Cl,0,0.8709677419354839,1.1481481481481481,1.1481481481481481
druglikeScaffold,COc1ccccc1CCC(=O)NCC(=O)N1CCN(c2ccccn2)CC1,0,0.9285714285714286,0.7179487179487178,1.0769230769230769
druglikeScaffold,COc1cc(CCC(=O)Nc2ccc(S(=O)(=O)NCc3ccco3)cc2)cc(OC)c1OC,0,0.8181818181818182,1.222222222222222,1.222222222222222
druglikeScaffold,CC1=NN([C@@H](C#N)c2ccc(Br)cc2O)[C@@H](c2ccccc2)C1,0,0.782608695652174,1.2777777777777777,0.8518518518518517
druglikeScaffold,NC1=CC=C(C=C1)S(=O)(=O)NC1=CC=NN1C1=CC=CC=C1,1,0.9545454545454546,0.6984126984126984,0.6984126984126984
druglikeScaffold,C[C@@H]1CCCCN1S(=O)(=O)c1cccc(C(=O)N[C@@H](CC(=O)O)c2ccccc2)c1,0,0.8333333333333334,0.7999999999999999,0.7999999999999999
druglikeScaffold,CC(N(CC1=CN=C(C)NC1=N)C=O)=C(CCOP(O)(O)=O)SC(=O)C1=CC=CC=C1,1,0.6451612903225806,0.5166666666666666,1.55
druglikeScaffold,Cc1ccc(NC(=O)[C@H](C)N2CCN(C(=O)OC(C)(C)C)CC2)c(F)c1,0,0.6153846153846154,1.0833333333333333,1.0833333333333333
druglikeScaffold,Cc1cccc(NC(=O)[C@H](C)N2CCN(C(=O)CN(C)C)CC2)c1C,0,0.64,1.0416666666666665,1.0416666666666665
druglikeScaffold,Cc1ccc(NC(=O)c2cn(C)nc2C(C)(C)C)cc1C(=O)NC(C)C,0,0.5384615384615384,1.2380952380952381,1.2380952380952381
druglikeScaffold,O=C(Sc1nc2cc(Cl)ccc2o1)c1ccc(Cl)cc1,0,0.9,1.1111111111111112,1.1111111111111112
druglikeScaffold,COc1ccc(NC(=O)CC2(CC(=O)O)CCCC2)cc1OC,0,0.6521739130434783,0.5111111111111111,1.0222222222222221
druglikeScaffold,CCN1CC2(CCN(Cc3cc(=O)n4c5c(cccc35)CCC4)CC2)OC1=O,0,0.9285714285714286,1.0769230769230769,1.0769230769230769
druglikeScaffold,CN(C)[C@H]1CC[C@@H](NC(=O)C2CCN(S(=O)(=O)Cc3ccccc3)CC2)C1,0,0.8888888888888888,1.125,1.125
druglikeScaffold,C#CCN1CCC(C(=O)NCC2(c3ccc4c(c3)OCO4)CCCCC2)CC1,0,0.8928571428571429,0.7466666666666666,1.1199999999999999
druglikeScaffold,Nc1ncc(-c2cccc(F)c2)c([C@@H]2CCCN2c2ncccn2)n1,0,0.92,0.7246376811594202,1.0869565217391304
druglikeScaffold,Cc1ccc(S(=O)(=O)Oc2cccnc2[N+](=O)[O-])s1,0,0.7894736842105263,1.2666666666666666,0.8444444444444443
druglikeScaffold,COc1ccc([C@H]2CC(=O)c3cnc(Nc4nc(C)c5ccccc5n4)nc3C2)cc1,0,0.9032258064516129,1.1071428571428572,0.738095238095238
druglikeScaffold,CC[C@H]1OC(=O)[C@H](C)[C@@H](O[C@H]2C[C@@](C)(OC)[C@@H](O)[C@H](C)O2)[C@H](C)[C@@H](O[C@@H]2O[C@H](C)C[C@@H]([C@H]2O)N(C)C)[C@](C)(O)C[C@@H](C)CN(C)[C@H](C)[C@@H](O)[C@]1(C)O,1,0.5769230769230769,1.7333333333333334,0.5777777777777778
druglikeScaffold,O=C(CNC(=O)c1cc(Cl)ccn1)Nc1ccc2c(c1)OCO2,0,0.9565217391304348,1.0454545454545454,1.0454545454545454
druglikeScaffold,CSCc1nnc(S[C@@H](C(=O)N2C[C@@H](C)C[C@H](C)C2)C(C)C)o1,0,0.6521739130434783,1.0222222222222221,1.5333333333333332
druglikeScaffold,O[C@@H]1[C@@H](O)[C@@H]2O[C@H]3O[C@H](CSCCC(O)=O)[C@@H](O[C@H]4O[C@H](CSCCC(O)=O)[C@@H](O[C@H]5O[C@H](CSCCC(O)=O)[C@@H](O[C@H]6O[C@H](CSCCC(O)=O)[C@@H](O[C@H]7O[C@H](CSCCC(O)=O)[C@@H](O[C@H]8O[C@H](CSCCC(O)=O)[C@@H](O[C@H]9O[C@H](CSCCC(O)=O)[C@@H](O[C@H]1O[C@@H]2CSCCC(O)=O)[C@H](O)[C@H]9O)[C@H](O)[C@H]8O)[C@H](O)[C@H]7O)[C@H](O)[C@H]6O)[C@H](O)[C@H]5O)[C@H](O)[C@H]4O)[C@H](O)[C@H]3O,1,0.4375,0.7619047619047619,0.7619047619047619
druglikeScaffold,NN=C1NNC(=NN)C2=CC=CC=C12,1,0.8571428571428571,0.3888888888888889,0.3888888888888889
druglikeScaffold,Cc1nn(Cc2ccc(Cl)cc2Cl)c(O)c1C(=O)NCCN1CCOCC1,0,0.8518518518518519,1.1739130434782608,1.1739130434782608
druglikeScaffold,C[C@H]1COC2=C3N1C=C(C(O)=O)C(=O)C3=CC(F)=C2N1CCN(C)CC1,1,0.7692307692307693,1.2999999999999998,1.2999999999999998
druglikeScaffold,COc1cccc(CNC(=O)c2ccoc2C)c1,0,0.8333333333333334,0.7999999999999999,1.2
druglikeScaffold,NC1=CC2=NC3=C(C=CC(N)=C3)C=C2C=C1,1,0.875,0.38095238095238093,0.38095238095238093
druglikeScaffold,[H][C@@]12CC[C@@](O)(CC#N)[C@@]1(C)CCC1=C3CCC(=O)C=C3CC[C@@]21[H],1,0.782608695652174,1.2777777777777777,1.2777777777777777
druglikeScaffold,CC1=NC=C(C=C1)C1=C(C=C(Cl)C=N1)C1=CC=C(C=C1)S(C)(=O)=O,1,0.75,0.8888888888888888,0.4444444444444444
druglikeScaffold,CCCC[C@H](NC(=O)[C@H](CO)NC(=O)[C@H](CC1=CC=C(O)C=C1)NC(=O)[C@H](CO)NC(C)=O)C(=O)N[C@@H](CCC(O)=O)C(=O)N[C@@H](CC1=CN=CN1)C(=O)N[C@H](CC1=CC=CC=C1)C(=O)N[C@@H](CCCNC(N)=N)C(=O)N[C@@H](CC1=CNC2=CC=CC=C12)C(=O)NCC(=O)N[C@@H](CCCCN)C(=O)N1CCC[C@H]1C(=O)N[C@@H](C(C)C)C(N)=O,1,0.6271186440677966,1.063063063063063,1.063063063063063
druglikeScaffold,COCCn1nnnc1[C@H](c1cc2cc(OC)ccc2[nH]c1=O)[N@H+]1CC[C@H](Cc2ccccc2)CC1,0,0.8333333333333334,0.7999999999999999,1.2
druglikeScaffold,CC(C)Nc1ncc(C(=O)N[C@@H]2CCC[N@H+](CCc3ccccc3)C2)cn1,0,0.8518518518518519,0.7826086956521738,0.7826086956521738
druglikeScaffold,CCCS(=O)(=O)NC1=C(F)C(C(=O)C2=CNC3=NC=C(C=C23)C2=CC=C(Cl)C=C2)=C(F)C=C1,1,0.696969696969697,0.9565217391304347,0.47826086956521735
druglikeScaffold,OC1=CC=CC(=C1)C-1=C2\CCC(=N2)\C(=C2/N\C(\C=C2)=C(/C2=N/C(/C=C2)=C(\C2=CC=C1N2)C1=CC(O)=CC=C1)C1=CC(O)=CC=C1)\C1=CC(O)=CC=C1,1,0.9230769230769231,1.0833333333333333,1.0833333333333333
druglikeScaffold,Cc1cccc(-c2n[nH]c(=S)n2/N=C\c2cc([N+](=O)[O-])ccc2Cl)c1,0,0.8,1.25,0.8333333333333333
druglikeScaffold,CC(C)[C@H](NC(=O)N(C)CC1=CSC(=N1)C(C)C)C(=O)N[C@H](C[C@H](O)[C@H](CC1=CC=CC=C1)NC(=O)OCC1=CN=CS1)CC1=CC=CC=C1,1,0.84,1.1904761904761905,1.1904761904761905
druglikeScaffold,COc1ccc(Oc2coc3cc(OC(=O)CCc4cc(OC)no4)ccc3c2=O)cc1,0,0.875,1.1428571428571428,1.1428571428571428
druglikeScaffold,NCCC1=CC=NN1,1,0.625,0.5333333333333333,1.0666666666666667
druglikeScaffold,CC1=CNN=C1,1,0.8333333333333334,0.7999999999999999,0.7999999999999999
druglikeScaffold,C=CCN(CC=C)C(=O)CN[C@H](C)c1cn(C)nc1C,0,0.25,2.6666666666666665,1.3333333333333333
druglikeScaffold,CN(CCS(C)(=O)=O)Cn1cc(Cl)cn1,0,0.3333333333333333,2.0,3.0
druglikeScaffold,COC1=CC(=CC(OC)=C1OC)C(=O)NCC1=CC=C(OCCN(C)C)C=C1,1,0.5714285714285714,1.1666666666666667,1.1666666666666667
druglikeScaffold,CC(C)(C)SCC(=O)Oc1ccccc1C(=O)NCc1ccccc1,0,0.64,0.5208333333333333,0.0
druglikeScaffold,C[S@@](=O)c1ccc(C(=O)NCc2ccc(C(C)(C)C)cc2)cc1,0,0.6956521739130435,0.9583333333333333,0.9583333333333333
druglikeScaffold,CCCCNC(=O)CNc1ccc(C(=O)NCc2ccccc2)cc1,0,0.64,0.5208333333333333,0.5208333333333333
druglikeScaffold,COc1ccc(/N=c2\oc3c4c5c(cc3cc2C(=O)Nc2ccccc2)CCCN5CCC4)cc1OC,0,0.8918918918918919,1.1212121212121213,1.1212121212121213
druglikeScaffold,COc1ccc(C#CCNS(=O)(=O)c2cc(OC)ccc2OC)cc1,0,0.76,0.8771929824561403,0.8771929824561403
druglikeScaffold,[H][C@@]1(C)CCN(CCN1C(=O)C1=C(C=CC(C)=C1)N1N=CC=N1)C1=NC2=C(O1)C=CC(Cl)=C2,1,0.90625,1.103448275862069,1.103448275862069
druglikeScaffold,Cc1c(Cl)c(C)c([N+](=O)[O-])c(O)c1/C=N/c1ccc(O)cc1C(=O)O,0,0.56,1.7857142857142856,1.7857142857142856
druglikeScaffold,CCN(CC)c1ccc(/C=N/c2ccc(S(=O)(=O)NC(C)=O)cc2)c(O)c1,0,0.5185185185185185,1.2857142857142858,0.6428571428571429
druglikeScaffold,Cc1ccc(CNC(=O)[C@@H](C)OC(=O)[C@H]2CC(=O)N(c3ccc(C)cc3)C2)cc1,0,0.896551724137931,1.1153846153846154,0.37179487179487175
druglikeScaffold,CC(=O)NC[C@H]1CCC[N@@H+](Cn2cc(Br)cn2)C1,0,0.6666666666666666,1.0,0.5
druglikeScaffold,CC(C)OC1=C(NC2=NC=C(Cl)C(N2)=NC2=CC=CC=C2S(=O)(=O)C(C)C)C=C(C)C(=C1)C1CCNCC1,1,0.6842105263157895,0.4871794871794871,0.9743589743589742
druglikeScaffold,Cn1ncc2c(NCc3ccccc3)nc(Nc3cccc(Cl)c3)nc21,0,0.9230769230769231,1.0833333333333333,1.0833333333333333
druglikeScaffold,CCn1cc(/C=C2/C[C@@H]3[C@@H]4CC=C5C[C@H](O)CC[C@]5(C)[C@@H]4CC[C@]3(C)C2=O)cn1,0,0.8275862068965517,1.2083333333333333,0.8055555555555555
druglikeScaffold,CN1C(=O)N[C@@H](c2ccccc2)C2=C1CN(c1ccc3ccccc3c1)C2=O,0,0.9642857142857143,1.037037037037037,1.037037037037037
druglikeScaffold,CC1=NOC(NS(=O)(=O)C2=CC=C(N)C=C2)=C1C,1,0.8333333333333334,0.7999999999999999,1.2
druglikeScaffold,CC(=O)N(C1=C(C)C(C)=NO1)S(=O)(=O)C1=CC=C(N)C=C1,1,0.7142857142857143,0.9333333333333332,1.4
druglikeScaffold,[H][C@@](CC)(NC1=NC=NC2=C1N=CN2)C1=NC2=CC=CC(F)=C2C(=O)N1C1=CC=CC=C1,1,0.9032258064516129,1.1071428571428572,0.738095238095238
druglikeScaffold,CCOc1ccccc1CNC(=O)N[C@H](C)C(=O)NCc1ccccc1,0,0.8461538461538461,0.7878787878787878,0.7878787878787878
druglikeScaffold,Cc1ccsc1CNC1CCCCCC1,0,0.9333333333333333,1.0714285714285714,1.0714285714285714
druglikeScaffold,CCn1nc(C)c(CN/C(=N\C(=O)c2ccc(C)c(F)c2)Nc2cccc(C)c2)c1C,0,0.7741935483870968,1.2916666666666667,1.2916666666666667
druglikeScaffold,CC(C)COc1ccc(NC(=O)c2cn[n-]n2)cn1,0,0.7368421052631579,0.4523809523809524,0.9047619047619048
druglikeScaffold,CCc1cc(C(=O)NCCC[N@@H+]2C[C@H](C)O[C@H](C)C2)n[nH]1,0,0.8095238095238095,1.2352941176470589,1.2352941176470589
druglikeScaffold,O=C(Nc1ccc(Oc2ccccc2Cl)cc1)c1cnccn1,0,0.9565217391304348,1.0454545454545454,1.0454545454545454
druglikeScaffold,[H][C@@]12C[C@]3([H])C[C@@H](CC[C@@]3([H])[C@H](\C=C\C3=CC=C(C=N3)C3=CC(F)=CC=C3)[C@]1([H])[C@@H](C)OC2=O)NC(=O)OCC,1,0.7777777777777778,0.8571428571428571,0.42857142857142855
druglikeScaffold,Cc1cc(OC(F)F)ccc1NC(=O)N(CCO)Cc1ccco1,0,0.6666666666666666,1.0,0.5
druglikeScaffold,CCN(CCCC1=CC=CC=C1)CCCC1=CC=CC=C1,1,0.9047619047619048,0.7368421052631579,0.7368421052631579
druglikeScaffold,COc1cc(OC)c(NC(=O)c2ccnn2C)cc1Cl,0,0.7,1.4285714285714286,1.4285714285714286
druglikeScaffold,CCS[C@H]1CCCC[N@@H+](Cc2cc(OC)c(OC)c(OC)c2)C1,0,0.6086956521739131,1.6428571428571428,0.5476190476190476
druglikeScaffold,CC(C)(C)C1=NC(=C(S1)C1=NC(N)=NC=C1)C1=C(F)C(NS(=O)(=O)C2=C(F)C=CC=C2F)=CC=C1,1,0.7714285714285715,0.43209876543209874,0.8641975308641975
druglikeScaffold,Cc1nc(N2CCCN(C(=O)c3ccc(F)cc3)CC2)c2cnn(-c3cccc(Cl)c3)c2n1,0,0.9090909090909091,1.1,1.1
druglikeScaffold,Cc1cccc(NC(=O)CSC2=NC(=O)C[C@H](c3ccccc3)C2C#N)c1C,0,0.8571428571428571,0.3888888888888889,0.3888888888888889
druglikeScaffold,O=C(NCCCSc1ccc(F)cc1)Nc1ccc2c(c1)OCCCO2,0,0.9615384615384616,1.04,1.04
druglikeScaffold,Cc1ccc(-c2noc([C@@H](C)[N@H+]3CC[C@H](C(N)=O)C3)n2)cc1F,0,0.7391304347826086,1.3529411764705883,0.9019607843137255
druglikeScaffold,O=C(NCCc1cn2ccccc2n1)Nc1cccc(Cl)c1Cl,0,0.9130434782608695,1.0952380952380953,0.36507936507936506
druglikeScaffold,COC1=CC=CC=C1OCCNCC(O)COC1=CC=CC2=C1C1=CC=CC=C1N2,1,0.9,1.1111111111111112,1.1111111111111112
druglikeScaffold,C=CCOc1ccc(CN[C@@H](CCCO)c2ccccc2)cc1Cl,0,0.625,1.0666666666666667,1.0666666666666667
druglikeScaffold,CCc1ccccc1CNCc1cc(C)ccc1O,0,0.7894736842105263,1.2666666666666666,1.2666666666666666
druglikeScaffold,COc1cc(CN[C@@H](C)c2ccccc2)ccc1OC(F)F,0,0.6818181818181818,0.4888888888888889,0.9777777777777777
druglikeScaffold,CCS(=O)(=O)Oc1ccc(CN(Cc2ccc(F)cc2)C(=O)C[C@H](C)CC(C)(C)C)cc1,0,0.46875,0.711111111111111,0.0
druglikeScaffold,O=C(Cc1ccc(F)cc1)N1CCc2cc(Br)sc2C1,0,0.9,1.1111111111111112,1.1111111111111112
druglikeScaffold,COc1cc2c(cc1OC)[C@@H](CC(=O)O)N(S(=O)(=O)c1ccc3ccccc3c1)CC2,0,0.7419354838709677,1.3478260869565217,1.3478260869565217
druglikeScaffold,C[C@@]12CCC[C@](C)([C@H]1CC[C@@]13CC(=C)[C@@](C1)(CC[C@@H]23)O[C@@H]1O[C@H](CO)[C@@H](O)[C@H](O)[C@H]1O[C@@H]1O[C@H](CO)[C@@H](O)[C@H](O)[C@H]1O)C(O)=O,1,0.6888888888888889,0.48387096774193544,0.48387096774193544
druglikeScaffold,O=C(Cc1cccc(F)c1)NCCNS(=O)(=O)c1cc(C(F)(F)F)ccc1Cl,0,0.7857142857142857,1.2727272727272727,1.2727272727272727
druglikeScaffold,CCC1=CN([C@H]2C[C@H](O)[C@@H](CO)O2)C(=O)NC1=O,1,0.7222222222222222,1.3846153846153846,1.3846153846153846
druglikeScaffold,CC1=CN([C@H]2C[C@H](N=[N+]=[N-])[C@@H](CO)O2)C(=O)NC1=O,1,0.6842105263157895,0.9743589743589742,0.9743589743589742
druglikeScaffold,CC(=O)OC[C@H]1O[C@H]([C@H](OC(C)=O)[C@@H]1OC(C)=O)N1C=CC(=O)NC1=O,1,0.5,2.0,2.0
druglikeScaffold,OC[C@H]1O[C@H](C[C@@H]1O)N1C=C(\C=C\Br)C(=O)NC1=O,1,0.6842105263157895,1.4615384615384615,1.4615384615384615
druglikeScaffold,OC[C@H]1O[C@H](C[C@@H]1O)N1C=C(F)C(=O)NC1=O,1,0.7647058823529411,1.3076923076923077,1.3076923076923077
druglikeScaffold,CC1=CN([C@@H]2C[C@@H](O)[C@H](CO)O2)C(=O)NC1=O,1,0.7647058823529411,1.3076923076923077,1.3076923076923077
druglikeScaffold,FC1=CN(C2CCCO2)C(=O)NC1=O,1,0.9285714285714286,1.0769230769230769,0.7179487179487178
druglikeScaffold,OC[C@H]1O[C@H](C[C@@H]1O)N1C=C(I)C(=O)NC1=O,1,0.7647058823529411,1.3076923076923077,1.3076923076923077
druglikeScaffold,OC[C@H]1O[C@H](C[C@@H]1O)N1C=C(C(=O)NC1=O)C(F)(F)F,1,0.65,1.5384615384615383,1.5384615384615383
druglikeScaffold,Cc1[nH]c(=O)[nH]c(=O)c1CCC(=O)N(C)Cc1cnn(Cc2ccccc2)c1,0,0.9285714285714286,1.0769230769230769,0.7179487179487178
druglikeScaffold,CN1C=C(C(=O)C2=C1C=C(F)C=C2)S(C)=O,1,0.6875,0.9696969696969696,0.4848484848484848
druglikeScaffold,CCOc1ccc(OCC)c(NC(=O)c2cnn(-c3ccccc3)c2-n2cccc2)c1,0,0.8064516129032258,0.41333333333333333,0.41333333333333333
druglikeScaffold,O=C(CSc1nc2ccccc2c(=O)n1-c1ccc(Br)cc1)N/N=C/c1cccc(F)c1,0,0.9375,1.0666666666666667,1.0666666666666667
druglikeScaffold,Cc1cn2c([nH+]1)CC[C@H](NS(=O)(=O)c1ccc3c(c1)CCO3)C2,0,0.9565217391304348,1.0454545454545454,1.0454545454545454
druglikeScaffold,[H][C@@]12CC3=C(C=C(O)C=C3)[C@]3(CCCC[C@@]13O)CCN2CC1CCC1,1,0.9166666666666666,1.090909090909091,1.090909090909091
druglikeScaffold,CN1CCC[C@@H]1CC1=CNC2=C1C=C(CCS(=O)(=O)C1=CC=CC=C1)C=C2,1,0.9629629629629629,1.0384615384615385,1.0384615384615385
druglikeScaffold,CC(=O)NCCCCCc1nc2ccccc2n1CCCOc1ccccc1Cl,0,0.6551724137931034,1.0175438596491229,0.5087719298245614
druglikeScaffold,CC1=CC=CC=C1N1CCN(CCC2=NN=C3CCCCN23)CC1,1,0.9583333333333334,1.0434782608695652,0.6956521739130435
druglikeScaffold,Cc1c[nH+]c(N2CCN(C(=O)Nc3cccc(Cn4cccnc4=O)c3)CC2)s1,0,0.9655172413793104,1.0357142857142856,1.0357142857142856
druglikeScaffold,CC[C@@]1(O)C(=O)OCC2=C1C=C1N(CC3=CC4=C(C=CC(O)=C4CN(C)C)N=C13)C2=O,1,0.7419354838709677,1.3478260869565217,0.4492753623188406
druglikeScaffold,[O-]C(=O)C1=C(CS[C@]2([H])[C@H](NC(=O)C(=N/OC(C)(C)C(O)=O)\C3=CSC(N)=N3)C(=O)N12)C[N+]1=CC=CC=C1,1,0.7027027027027027,0.9487179487179486,0.9487179487179486
druglikeScaffold,Cc1cccc(OCC(=O)N2CCN(Cc3nc(-c4cccs4)no3)CC2)c1,0,0.9642857142857143,1.037037037037037,1.037037037037037
druglikeScaffold,COc1ccc(/C(C#N)=C2\C=C/C(=N\O)C(Cl)=C2)cc1,0,0.7,0.9523809523809524,0.9523809523809524
druglikeScaffold,CC(=O)N(CC(O)CN(C(C)=O)C1=C(I)C(C(=O)NCC(O)CO)=C(I)C(C(=O)NCC(O)CO)=C1I)C1=C(I)C(C(=O)NCC(O)CO)=C(I)C(C(=O)NCC(O)CO)=C1I,1,0.27419354838709675,0.0,0.0
druglikeScaffold,CC(=O)N1CCC[C@@H](COc2ccc(F)cc2)C1,0,0.7777777777777778,0.8571428571428571,0.42857142857142855
druglikeScaffold,CCC1=C(C(=O)OC)[C@@H](c2cccc(OC)c2OC)n2ncnc2N1,0,0.6,1.6666666666666667,1.6666666666666667
druglikeScaffold,C=CCn1c(COc2ccc(C(C)C)cc2)nnc1SCC(=O)NCc1ccccc1,0,0.8064516129032258,1.24,0.8266666666666667
druglikeScaffold,COC(=O)c1c(NC(=O)c2ccc(S(=O)(=O)N3CCC[C@@H](C)C3)cc2)sc2c1CCN(C(C)C)C2,0,0.7714285714285715,1.2962962962962963,0.8641975308641975
druglikeScaffold,Cc1ccc([C@@H]2Nc3c(C(N)=O)cccc3[C@H]3C=CC[C@H]32)cc1,0,0.8260869565217391,1.2105263157894737,1.2105263157894737
druglikeScaffold,CCN(CC)CCC1=NC(=NO1)C1=CC=CC=C1,1,0.6111111111111112,1.0909090909090908,1.0909090909090908
druglikeScaffold,O=C(NNC(=O)[C@H]1CC(c2cccnc2)=NO1)Nc1ccccc1F,0,0.96,1.0416666666666667,1.0416666666666667
druglikeScaffold,CC[C@]1(O)C[C@@H]2CN(C1)CCC1=C(NC3=CC=CC=C13)[C@@](C2)(C(=O)OC)C1=C(OC)C=C2N(C=O)[C@@H]3[C@]4(CCN5CC=C[C@](CC)([C@@H]45)[C@@H](OC(C)=O)[C@]3(O)C(=O)OC)C2=C1,1,0.6333333333333333,1.0526315789473684,0.5263157894736842
druglikeScaffold,[H][C@@]12N(C)C3=CC(OC)=C(C=C3[C@@]11CCN3CC=C[C@@](CC)([C@@H](OC(C)=O)[C@]2(O)C(=O)OC)[C@@]13[H])[C@]1(C[C@@]2([H])CN(C[C@](O)(CC)C2)CCC2=C1NC1=C2C=CC=C1)C(=O)OC,1,0.6440677966101694,1.5526315789473686,1.0350877192982457
druglikeScaffold,[H][C@@]12N3CC[C@@]11C4=C(C=C(OC)C(=C4)[C@]4(C[C@@H]5C[N@@](C[C@](O)(CC)C5)CCC5=C4NC4=CC=CC=C54)C(=O)OC)N(C)[C@@]1([H])[C@](O)([C@H](O)[C@]2(CC)C=CC3)C(N)=O,1,0.6909090909090909,0.9649122807017543,1.4473684210526316
druglikeScaffold,COc1ccc(/C=C/C(=O)Nc2c3c(nn2-c2ccccc2C)CSC3)cc1OC,0,0.8333333333333334,1.2,1.2
druglikeScaffold,COC(=O)[C@H](CC(C)C)NC(=O)c1ccc(N2CCCC2)c(F)c1,0,0.4583333333333333,0.7272727272727273,0.7272727272727273
druglikeScaffold,CN(CC1=CC(Br)=CC(Br)=C1N)C1CCCCC1,1,0.7777777777777778,0.8571428571428571,1.2857142857142856
druglikeScaffold,NC1=C(Br)C=C(Br)C=C1CN[C@H]1CC[C@H](O)CC1,1,0.7777777777777778,0.8571428571428571,1.2857142857142856
druglikeScaffold,Cc1n[nH]cc1CN1CCC(Oc2cccc(C#N)c2)CC1,0,0.8636363636363636,1.1578947368421053,0.7719298245614035
druglikeScaffold,C[C@H]1C[C@@]2(OC(C)=O)[C@H]([C@H]1OC(=O)C1=CC=CC=C1)[C@@H](OC(C)=O)C(=C)CC[C@H]1[C@@H](\C=C(C)\C2=O)C1(C)C,1,0.6842105263157895,0.9743589743589742,1.4615384615384615
druglikeScaffold,COc1ccc(CN2CCN(C(=O)Cc3ccccc3)CC2)cc1Br,0,0.88,1.1363636363636365,1.1363636363636365
druglikeScaffold,Cc1nc(N(C)C)nc(NC[C@@H]2CN(S(C)(=O)=O)CCO2)c1C,0,0.6086956521739131,1.6428571428571428,1.0952380952380951
druglikeScaffold,CC[C@H](C)c1[nH+]c2cc(C(=O)O)ccc2n1C[C@@H](C)O,0,0.45,0.7407407407407407,0.7407407407407407
druglikeScaffold,CCn1c(CN(C)[C@@H](C)CS(C)(=O)=O)[nH+]c2cc(F)ccc21,0,0.4090909090909091,0.0,1.6296296296296295
druglikeScaffold,Cc1ccc(-c2nnc3c4ccc(Cl)cc4nc(N4CCCN(C(=O)C5CC5)CC4)n23)cc1,0,0.9393939393939394,1.064516129032258,1.064516129032258
druglikeScaffold,CC(C)CN1CC2(CCN(C(=O)Nc3ccccc3Cl)CC2)CC1=O,0,0.8,1.25,1.25
