dataset,smiles,p,dp_occlusion_topk,dp_gnnexplainer_topk,dp_attention_topk,dp_random_k
BBBP,Nc1nc(NC2CC2)c3ncn([C@@H]4C[C@H](CO)C=C4)c3n1,0.9726501703262329,0.01307004690170288,0.010311424732208252,0.03289848566055298,0.0032654762268066405
BBBP,c1(c(cc2n(ncc2c1)CCN)Cl)Cl,0.7715541124343872,0.17864537239074707,0.17963218688964844,0.15056532621383667,0.1327197551727295
BBBP,c1c2CCOc2c(cc1OC)CN[C@@H]1CCCN[C@H]1c1ccccc1,0.9596723318099976,0.020837008953094482,0.02746683359146118,0.02344071865081787,0.005790713429450989
BBBP,CC(C)N1CCC(CC1)N(C(=O)Cc2ccccc2)c3ccc(Cl)cc3,0.9684728980064392,0.07004046440124512,0.018130481243133545,0.00963449478149414,0.007339206337928772
BBBP,n1(c(c2nc[nH]c2n(c1=O)C)=O)C,0.9707655906677246,0.003572523593902588,0.004770874977111816,0.03872650861740112,0.007205197215080261
BBBP,c1(nccc(c1)c1nc([nH]n1)N)N(C)C,0.973270058631897,0.0033939480781555176,0.0033269524574279785,0.011324584484100342,0.0030935972929000853
BBBP,CN(C)Cc1oc(cc1)CSCCNC=1NC=C(CN1)Cc1cnc(cc1)C,0.44905173778533936,0.12181729078292847,0.17266887426376343,0.2301163375377655,0.09551988691091537
BBBP,OC(=O)C1=CC(=O)c2ccccc2N1,0.4885542392730713,0.45993202924728394,0.4402875304222107,0.25135016441345215,0.08274465203285217
BBBP,CNC1(CCCCC1=O)c2ccccc2Cl,0.9833126664161682,0.001217186450958252,0.00010395050048828125,0.003586113452911377,0.0006426632404327393
BBBP,CN(C1CCCC[C@H]1N2CCCC2)C(=O)Cc3ccc(Cl)c(Cl)c3,0.9701196551322937,0.011828482151031494,0.008471250534057617,0.005396544933319092,0.006843653321266174
BBBP,CN1C(=C(\O)Nc2ccccn2)/C(=O)c3sccc3[S]1(=O)=O,0.75994873046875,0.6478446200489998,0.5601586103439331,0.17802554368972778,0.13619663715362548
BBBP,[NH]C(CC(C)C([N@@](C(C)(C)C)C(N)(C)N)(C)C)c1c(c(c[nH+][o+]1)C)[O-],0.8108634948730469,0.26467686891555786,0.09270566701889038,0.0693126916885376,0.06703675389289857
BBBP,Cc1nccc2c1[nH]c3ccccc23,0.9725343585014343,0.004292845726013184,0.03275465965270996,0.0030351877212524414,0.00815366506576538
BBBP,CC1=C2NC3=CC(=O)C=CC3=C2C=CN1,0.8564589619636536,0.42719152569770813,0.07713139057159424,0.11309230327606201,0.10701857209205627
BBBP,COc1cc2CCN(C)C3CC4(C=CC(=O)C=C4)c(c1O)c23,0.9801245927810669,0.03798133134841919,0.006817817687988281,0.0033002495765686035,0.0018707096576690673
BBBP,CCC1(C)CC(=O)NC1=O,0.9766969680786133,0.10121184587478638,0.0021039843559265137,0.0005171298980712891,0.002326372265815735
BBBP,c1cc2c(C(N[C@@H](CC)c3ccccc3)=O)c(c(nc2cc1)c1ccccc1)Cn1cncc1,0.6139332056045532,0.28794586658477783,0.011473298072814941,0.49966082721948624,0.14677147418260575
BBBP,c1cc2c(c(c(c3ccccc3)nc2cc1)OCCNC([C@@H]1CCCN1)=O)C(=O)N[C@@H](CC)c1ccccc1,0.7703087329864502,0.6817639768123627,0.6705916598439217,0.05958414077758789,0.12617020010948182
BBBP,c1cc2c(c(OCCNC(Cc3ncccc3)=O)c(c3ccccc3)nc2cc1)C(N[C@@H](CC)c1ccccc1)=O,0.5924729108810425,0.3343936800956726,0.5068703293800354,0.23398476839065552,0.14884094893932343
BBBP,c1ccc2c(c(C(N[C@@H](CC)c3ccccc3)=O)c(OCCNC(Cc3c(cccc3)C(=O)O)=O)c(c3ccccc3)n2)c1,0.25998708605766296,0.6767418682575226,0.06225240230560303,0.28920647501945496,0.14041188955307007
BBBP,c1nc(C2CCN(CC2)C(NC2CCCCC2)=S)c[nH]1,0.9832858443260193,0.0030100345611572266,0.0006744861602783203,0.0026322007179260254,0.0020150631666183473
BBBP,Fc1ccc(cc1)C(=O)CCCN2CCC(=CC2)N3C(=O)Nc4ccccc34,0.9895554780960083,0.0005618929862976074,0.0003325939178466797,0.00011932849884033203,0.0004265904426574707
BBBP,c1(ccc(c(c1)Cl)Cl)CC(N1[C@H](CN2CCCC2)c2n(CC1)ncn2)=O,0.9225502014160156,0.05893099308013916,0.01536649465560913,0.03295028209686279,0.017483636736869812
BBBP,c1(ccc(c(c1)Cl)Cl)CC(N1[C@H](C[C@]2(CC1)NC(NC2=O)=O)CN1CCCC1)=O,0.966471791267395,0.8063659965991974,0.004038631916046143,0.014879465103149414,0.03298800736665726
BBBP,CN1CCN(CC1)c2c(F)cc3C(=O)C(=CN4CCSc2c34)C(O)=O,0.09873656183481216,0.6676497682929039,0.41455235332250595,0.09582491964101791,0.06937065459787846
BBBP,CN1CCN(CC1)CC(=O)N2c3ccccc3C(=O)Nc4cccnc24,0.9862112998962402,0.0016251206398010254,0.0014588236808776855,0.0010060667991638184,0.0006807953119277954
BBBP,CC(C)Nc1cccnc1N2CCN(CC2)C(=O)c3[nH]c4ccc(N[S](C)(=O)=O)cc4c3,0.9834614992141724,0.0009429454803466797,0.00046455860137939453,0.00036960840225219727,0.0009633421897888184
BBBP,CN1C(=C(/O)Nc2ccccn2)/C(=O)c3ccccc3[S]1(=O)=O,0.6348646879196167,0.05682951211929321,0.5144950747489929,0.29506051540374756,0.11268220245838165
BBBP,CN1C(=C(/O)Nc2sc(C)cn2)/C(=O)c3ccccc3[S]1(=O)=O,0.4871951937675476,0.07407763600349426,0.20357733964920044,0.3047710657119751,0.15179409310221673
BBBP,FC(F)(F)c1ccc2Sc3ccccc3N(CCCN4CCN(CC4)C5CC5)c2c1,0.9897871017456055,0.020196259021759033,0.0024181008338928223,0.0015209317207336426,0.0005932241678237915
BBBP,COC(=O)[C@H]1[C@H](CC2CCC1N2C)OC(=O)c3ccccc3,0.9628860950469971,0.002909719944000244,0.002443850040435791,0.07849329710006714,0.01335182785987854
BBBP,CN1C(=C(\O)Nc2cc(C)on2)/C(=O)c3ccccc3[S]1(=O)=O,0.6570056676864624,0.2760632038116455,0.4112499803304672,0.2663242220878601,0.10153650939464569
BBBP,CC(C)[C@@H](CN1CCCC1)N(C)C(=O)Cc2ccc(Cl)c(Cl)c2,0.8495895266532898,0.09279876947402954,0.04301100969314575,0.0444188117980957,0.06524412631988526
BBBP,Clc1ccc2OC(=O)Nc2c1,0.9460733532905579,0.02817821502685547,0.023843050003051758,0.02746450901031494,0.026623013615608215
BBBP,CN=C1CN(O)C(=C2C=C(Cl)C=CC2=N1)c3ccccc3,0.9078466892242432,0.3839501142501831,0.019503772258758545,0.020733416080474854,0.030826005339622497
BBBP,NN1C=Nc2cc3ccccc3cc2C1=O,0.581635057926178,0.392089307308197,0.3717544972896576,0.24439996480941772,0.13456566780805587
BBBP,CSc1ccc2Sc3ccccc3N(CCC4CCCNC4)c2c1,0.9870326519012451,0.008385300636291504,0.0010198354721069336,0.00013297796249389648,0.0005747050046920777
BBBP,CCCCCc1cc(O)c(C2C=C(C)CC[C@H]2C(C)=C)c(O)c1,0.8973225355148315,0.221843421459198,0.008280396461486816,0.028282463550567627,0.02331152856349945
BBBP,CC(C)(C)c1ccc(CN2CCN(CC2)C(c3ccccc3)c4ccc(Cl)cc4)cc1,0.9624454379081726,0.014381647109985352,0.004877626895904541,0.011898040771484375,0.005016705393791199
BBBP,Brc1ccc2NC(=O)CN=C(c3ccccn3)c2c1,0.9796974062919617,0.012939929962158203,0.00014984607696533203,0.0014265775680541992,0.00123232901096344
BBBP,CCN1C=C(C(O)=O)C(=O)c2cc(F)c(nc12)N3CCNCC3,0.2539173364639282,0.6540265679359436,0.1965775489807129,0.2039048671722412,0.10810352638363838
BBBP,CC1CCCC1,0.9779353141784668,0.00040012598037719727,0.00014209747314453125,0.00040012598037719727,0.0005038887262344361
BBBP,CC(C)(C)NC(=O)[C@@H]1CN(CCN1C[C@@H](O)C[C@@H](Cc2ccccc2)C(=O)N[C@@H]3[C@H](O)Cc4ccccc34)Cc5cccnc5,0.029184438288211823,0.018805351108312607,0.05554468184709549,0.008001178503036499,0.0036682654172182083
BBBP,OC(CCN1CCCCC1)(C2CC3CC2C=C3)c4ccccc4,0.986474335193634,0.001790761947631836,0.00010979175567626953,0.0003040432929992676,0.00033982694149017336
BBBP,Fc1ccc(cc1)C(=O)CCCN2CCC(CC2)N3C(=O)Nc4ccccc34,0.9899410605430603,0.0003387928009033203,2.9087066650390625e-05,0.00019973516464233398,0.0001979619264602661
BBBP,Fc1ccc(cc1)C(=O)CCCN2CCN(CC2)c3ccccn3,0.9876091480255127,0.001635909080505371,0.0050376057624816895,0.001215517520904541,0.0005048513412475586
BBBP,CN1CCc2cccc3c2[C@H]1Cc4ccc(O)c(O)c34,0.3043363392353058,0.5702902972698212,0.23941168189048767,0.09389194846153259,0.08663562387228012
BBBP,CN1CCN(CC1)c2cc3N(C=C(C(O)=O)C(=O)c3cc2F)c4ccc(F)cc4,0.2567954361438751,0.6678865849971771,0.14346081018447876,0.07089149951934814,0.09602280110120773
BBBP,CCOC(=O)c1ncn2c1CN(C)C(=O)c3cc(F)ccc23,0.9711570739746094,0.01090383529663086,0.005857706069946289,0.0033650994300842285,0.004295536875724792
BBBP,CC(=O)CC(c1ccccc1)C2=C(O)Oc3ccccc3C2=O,0.6068567037582397,0.3716498017311096,0.12760931253433228,0.06409817934036255,0.11128690540790558
BBBP,COc1ccc(CCN(C)CCCC(C#N)(C(C)C)c2ccc(OC)c(OC)c2)cc1OC,0.9907915592193604,0.0015214085578918457,1.436471939086914e-05,0.0006682276725769043,0.0005247175693511962
BBBP,CC(C)[C@@H]1NC(=O)[C@H](C)OC(=O)C(NC(=O)[C@H](OC(=O)[C@@H](NC(=O)[C@H](C)OC(=O)[C@H](NC(=O)[C@H](OC(=O)[C@@H](NC(=O)[C@H](C)OC(=O)[C@H](NC(=O)[C@H](OC1=O)C(C)C)C(C)C)C(C)C)C(C)C)C(C)C)C(C)C)C(C)C)C(C)C,0.0001423548674210906,9.500754822511226e-05,7.85375596024096e-06,1.588929444551468e-05,6.38449564576149e-06
BBBP,Nc1nc(N)c2nc(c3ccccc3)c(N)nc2n1,0.9794010519981384,0.05029034614562988,0.006684780120849609,0.0010418891906738281,0.004287135601043701
BBBP,Cc1ccc(cc1)[S](=O)(=O)NC(=O)NN2CCCCCC2,0.9405788779258728,0.04527503252029419,0.016260504722595215,0.04285091161727905,0.015525469183921814
BBBP,NC1=NC(=S)c2[nH]cnc2N1,0.9691433310508728,0.007645845413208008,0.0036276578903198242,0.0033560991287231445,0.005976760387420654
BBBP,c1(ccc(c(c1)Cl)Cl)CC(N1[C@@H](c2c(CC1)scc2)CN1CCCC1)=O,0.7178635001182556,0.2497192621231079,0.04734611511230469,0.1822795867919922,0.1091771125793457
BBBP,c1(cc(c(cc1)Cl)Cl)CC(N1[C@@H](c2c(CC1)cccc2)CN1CCCC1)=O,0.6459910273551941,0.33440905809402466,0.03361201286315918,0.23028993606567383,0.08860747516155243
BBBP,CN1C(CNC(=O)c2cscc2)CN=C(c3ccccc3F)c4ccccc14,0.9582511186599731,0.055346786975860596,0.0028989315032958984,0.013020992279052734,0.01308821439743042
BBBP,OC(C1CCCCN1)c2cc(nc3c2cccc3C(F)(F)F)C(F)(F)F,0.9257146716117859,0.024784088134765625,0.02814263105392456,0.004225194454193115,0.021257475018501282
BBBP,CC(C)(C)OC(=O)c1ncn2c3cccc(Br)c3C(=O)N4CCC[C@H]4c12,0.9461838603019714,0.02412092685699463,0.023543179035186768,0.02365940809249878,0.011221864819526672
BBBP,C[C@]12CC[C@H]3[C@@H](CCC4=CC(=O)C=C[C@]34C)[C@@H]1CCC(=O)O2,0.9878324270248413,0.001298069953918457,6.645917892456055e-05,0.0017871260643005371,0.0008011609315872192
BBBP,CC(C)N1CCN(CC1)c2ccc(OC[C@H]3CO[C@@](Cn4cncn4)(O3)c5ccc(Cl)cc5Cl)cc2,0.9639320373535156,0.005767464637756348,0.01426774263381958,0.01709115505218506,0.005590882897377014
BBBP,OC(=O)C1=C\C(C=CC1=O)=N/Nc2ccc(cc2)[S](=O)(=O)Nc3ccccn3,0.9616186022758484,0.2972264289855957,0.01588219404220581,0.012973904609680176,0.009973278641700745
BBBP,C[C@]1(O)CC[C@H]2[C@@H]3CC[C@H]4Cc5[nH]ncc5C[C@]4(C)[C@H]3CC[C@]12C,0.9759282469749451,0.05258750915527344,0.0014002323150634766,0.006403923034667969,0.0033664971590042113
BBBP,CC(=O)S[C@@H]1CC2=CC(=O)CC[C@]2(C)[C@H]3CC[C@@]4(C)[C@@H](CC[C@@]45CCC(=O)O5)[C@H]13,0.9894459843635559,0.0035701990127563477,0.00029283761978149414,0.001980721950531006,0.00032542645931243896
BBBP,CN1[C@@H]2CC(C[C@H]1[C@@H]3O[C@H]23)OC(=O)[C@H](CO)c4ccccc4,0.24553442001342773,0.7190767526626587,0.4516688585281372,0.14913683384656906,0.21030038148164748
BBBP,CC1C=CC=C(C(=O)NC2=C(C3=C(C(=C4C(=C3C(=O)C2=CNN5CCN(CC5)C)C(=O)C(O4)(OC=CC(C(C(C(C(C(C1O)C)O)C)OC(=O)C)C)OC)C)C)O)O)C,0.04281974211335182,0.025938142091035843,0.038317736238241196,0.01133541390299797,0.0030812617391347886
BBBP,S=C(NC1CCCCC1)N2CCC(CC2)c3[nH]cnc3,0.9827096462249756,0.0033611655235290527,0.0020979642868041992,0.002776622772216797,0.0024523675441741944
BBBP,NC(=O)c1ncn(n1)[C@@H]2O[C@H](CO)[C@@H](O)[C@H]2O,0.210392564535141,0.24653694033622742,0.08349239826202393,0.004715293645858765,0.05589209794998169
BBBP,COc1ccc(C[C@H](N)C(=O)NC2[C@@H](O)[C@@H](O[C@@H]2CO)n3cnc4c(ncnc34)N(C)C)cc1,0.09471097588539124,0.4317631423473358,0.18922707438468933,0.009283296763896942,0.007325546815991402
BBBP,CC1OC(O[C@H]2CC[C@]3(C)[C@H]4CC[C@]5(C)[C@H](CC[C@]5(O)[C@@H]4CCC3=C2)C6=COC(=O)C=C6)C(O)C(O)C1O,0.09398066997528076,0.48063063621520996,0.41020137071609497,0.013689354062080383,0.03531603552401066
BBBP,CN[C@H](CC(C)C)C(=O)NC1[C@H](O)c2ccc(Oc3cc4cc(Oc5ccc(cc5Cl)[C@@H](O)[C@@H]6NC(=O)[C@H](NC(=O)[C@@H]4NC(=O)[C@H](CC(N)=O)NC1=O)c7ccc(O)c(c7)c8c(O)cc(O)cc8[C@@H](NC6=O)C(O)=O)c3O[C@@H]9O[C@H](CO)[C@@H](O)[C@H](O)[C@H]9O[C@H]%10C[C@](C)(N)[C@H](O)[C@H](C)O%10)c(Cl)c2,2.7934864192502573e-05,5.932430212851614e-06,7.321312295971438e-06,8.024089765967801e-07,2.9947080292913595e-06
BBBP,S=[P](N1CC1)(N2CC2)N3CC3,0.2699233293533325,0.6995041370391846,0.6995041370391846,0.0385776162147522,0.15949019268155099
BBBP,COc1cc(cc(OC)c1O)[C@H]2[C@@H]3[C@H](COC3=O)[C@H](OC4OC5COC(OC5C(O)C4O)c6sccc6)c7cc8OCOc8cc27,0.1438698023557663,0.6135029345750809,0.19735853374004364,0.011249586939811707,0.08922481164336205
BBBP,NC(N)=NCC1COC2(CCCCC2)O1,0.8261049389839172,0.10709387063980103,0.09073925018310547,0.02237766981124878,0.05634598135948181
BBBP,NC1=C(F)C=NC(=O)N1,0.9590144753456116,0.012908756732940674,0.007625401020050049,0.017617344856262207,0.03964968621730804
BBBP,CC(C)(O/N=C(C(=O)N[C@H]1[C@H]2SCC(=C(N2C1=O)C([O-])=O)C[n+]3ccccc3)/c4csc(N)n4)C(O)=O,0.016504034399986267,0.01695863902568817,0.013755252584815025,0.0018713586032390594,0.0017728866543620825
BBBP,C[C@@H]1CC2=C(CCC(=O)C2)[C@H]3CC[C@@]4(C)[C@@H](CC[C@@]4(O)C#C)[C@H]13,0.9873286485671997,0.0011134743690490723,0.0001735687255859375,0.0014189481735229492,0.00029371976852416993
BBBP,Cc1ccc(CC2=CN=C(NCCCCc3ncc(Br)cc3C)NC2=O)cn1,0.6926866173744202,0.29319173097610474,0.22087320685386658,0.27189141511917114,0.10201497077941894
BBBP,CN1CC[C@]2(C)[C@H]1N(C)c3ccc(OC(=O)Nc4ccccc4)cc23,0.9863241314888,0.048341453075408936,0.0003554224967956543,0.00350189208984375,0.0012416690587997437
BBBP,CCCCC1C(=O)N(N(C1=O)c2ccccc2)c3ccccc3,0.9855723977088928,0.0005273818969726562,0.0003936290740966797,0.0014212727546691895,0.00048249363899230955
BBBP,CC(COc1ccccc1)N(CCCl)Cc2ccccc2,0.9809991121292114,0.0012485384941101074,0.00040155649185180664,0.0023477673530578613,0.0013528674840927123
BBBP,Oc1ccc(cc1)C2(OC(=O)c3ccccc23)c4ccc(O)cc4,0.731506884098053,0.2831091582775116,0.1474425196647644,0.00716322660446167,0.07856659293174743
BBBP,Nc1ccc(N=Nc2ccccc2)c(N)n1,0.9822173714637756,0.0038036704063415527,0.0021780729293823242,0.0004303455352783203,0.0005928993225097657
BBBP,COc1ccc(Cc2nccc3cc(OC)c(OC)cc23)cc1OC,0.642231285572052,0.3442245125770569,0.3172844648361206,0.029423952102661133,0.09716605097055435
BBBP,C[C@H]1O[C@@H](O[C@@H]\2C[C@@H]3O[C@](O)(C[C@@H](O)C[C@@H](O)[C@H](O)CC[C@@H](O)C[C@@H](O)CC(=O)O[C@@H](C)[C@H](C)[C@H](O)[C@@H](C)\C=C/C=C\C=C/C=C\C=C/C=C\C=C2)C[C@H](O)[C@H]3C(O)=O)[C@@H](O)[C@@H](N)[C@@H]1O,0.0025757416151463985,0.0008473437046632171,0.0017251144163310528,0.00012731202878057957,0.00027584380586631596
BBBP,N[S](=O)(=O)Cc1noc2ccccc12,0.8993026614189148,0.05388748645782471,0.06421607732772827,0.04652082920074463,0.05999272763729095
BBBP,CC[C@@]1(O)C(=O)OCC2=C1C=C3N(Cc4cc5c(CN(C)C)c(O)ccc5nc34)C2=O,0.06668662279844284,0.8732154443860054,0.632996030151844,0.00040566176176071167,0.008668173849582673
BBBP,CC/C(c1ccccc1)=C(c2ccccc2)/c3ccc(OCCN(C)C)cc3,0.9887862205505371,0.0017902851104736328,0.00034695863723754883,0.000878751277923584,0.0003272950649261475
BBBP,CNC(/NCCSCc1oc(CN(C)C)cc1)=C\[N+]([O-])=O,0.9250561594963074,0.23016732931137085,0.045415639877319336,0.06393414735794067,0.020201435685157774
BBBP,Cc1ccnc2N(C3CC3)c4ncccc4C(=O)Nc12,0.9864999651908875,0.006006479263305664,0.00020682811737060547,0.006006479263305664,0.00031247437000274657
BBBP,CN1CCN2C(C1)c3ccccc3Cc4cccnc24,0.946414053440094,0.038139939308166504,0.028548836708068848,0.03498482704162598,0.029605919122695924
BBBP,OC(=O)CCc1oc(c2ccccc2)c(n1)c3ccccc3,0.5779464244842529,0.33138322830200195,0.39606672525405884,0.09273850917816162,0.09172356426715851
BBBP,C[C@]1(O)CC[C@H]2[C@@H]3CC[C@H]4CC(=O)OC[C@]4(C)[C@H]3CC[C@]12C,0.981895923614502,0.007214069366455078,0.00029158592224121094,0.004270195960998535,0.0013727396726608276
BBBP,Cc1noc(N[S](=O)(=O)c2ccc(N)cc2)c1C,0.9200349450111389,0.4579073488712311,0.035185396671295166,0.050888657569885254,0.030147424340248107
BBBP,Nc1ccc(cc1)[S](=O)(=O)Nc2ncccn2,0.8468397855758667,0.6537221074104309,0.12723088264465332,0.12559515237808228,0.13133881092071534
BBBP,CC1=CN([C@@H]2O[C@H](CO)C=C2)C(=O)NC1=O,0.7588950991630554,0.1984647512435913,0.10231989622116089,0.22569572925567627,0.13488693237304689
BBBP,CC(C)[C@H](NC(=O)N(C)Cc1csc(n1)C(C)C)C(=O)N[C@H](C[C@H](O)[C@H](Cc2ccccc2)NC(=O)OCc3scnc3)Cc4ccccc4,0.17978133261203766,0.7373664826154709,0.09156326949596405,0.15514786541461945,0.08660097233951092
BBBP,CN1CCN2C(C1)c3ccccc3Cc4ccccc24,0.8747304081916809,0.4276369512081146,0.08147996664047241,0.09949737787246704,0.09195806682109833
BBBP,Cc1ccc(CC2=CN=C(NCCSCc3oc(cc3)C(C)(C)N)NC2=O)cn1,0.08805137872695923,0.8717711567878723,0.8717711567878723,0.008155681192874908,0.04796906802803278
BBBP,CN(Cc1cnc2nc(N)nc(N)c2n1)c3ccc(cc3)C(=O)N[C@@H](CCC(O)=O)C(O)=O,0.7561014294624329,0.3399135172367096,0.24852991104125977,0.19138717651367188,0.07495637834072114
BBBP,CC[N+](C)(CC)CCOC(=O)C1c2ccccc2Oc3ccccc13,0.9602091312408447,0.017014622688293457,0.009502947330474854,0.009375333786010742,0.008655411005020142
BBBP,COc1ccc(CN(CCN(C)C)c2ccccn2)cc1,0.9878450036048889,0.003079235553741455,0.000405728816986084,0.002402365207672119,0.0003746896982192993
BBBP,CCc1nc(N)nc(N)c1c2ccc(Cl)cc2,0.9539356827735901,0.002520442008972168,0.012788593769073486,0.012850761413574219,0.031559798121452334
BBBP,C1[C@@H]2[C@](C(=C3C(c4c(ccc(c4C[C@@H]13)N(C)C)O)=O)O)(C(C(C(N)=O)=C([C@H]2N(C)C)O)=O)O,0.10032946616411209,0.5291821286082268,0.5291821286082268,0.018212273716926575,0.015196383744478226
BBBP,CC#C[C@]1(O)CC[C@H]2[C@@H]3CCC4=CC(=O)CCC4=C3[C@H](C[C@]12C)c5ccc(cc5)N(C)C,0.990908145904541,0.00034159421920776367,0.0008301138877868652,0.00034159421920776367,0.0002482891082763672
BBBP,OC[C@@H]1CC[C@@H](O1)n2cnc3C(=O)N=CNc23,0.9563859105110168,0.012572944164276123,5.155801773071289e-05,0.055746495723724365,0.010434862971305848
BBBP,CC(=O)N1CCN(CC1)c2ccc(OC[C@H]3CO[C@@](Cn4ccnc4)(O3)c5ccc(Cl)cc5Cl)cc2,0.7626781463623047,0.17160815000534058,0.15156102180480957,0.1495569348335266,0.09196913838386536
BBBP,OC[C@H]1O[C@@H](OC2=C(Oc3cc(O)cc(O)c3C2=O)c4ccc(O)c(O)c4)[C@H](O)[C@@H](O)[C@@H]1O,0.011043142527341843,0.00802118144929409,0.00048244278877973557,0.001479187048971653,0.0005691932979971171
BBBP,OC(=O)C1CCn2c1ccc2C(=O)c3ccccc3,0.9517509341239929,0.007236003875732422,0.008600115776062012,0.20052731037139893,0.004851999878883362
BBBP,CCC(C)N1N=CN(C1=O)c2ccc(cc2)N3CCN(CC3)c4ccc(OC[C@H]5CO[C@@](Cn6cncn6)(O5)c7ccc(Cl)cc7Cl)cc4,0.9716999530792236,0.013484358787536621,0.0031859874725341797,0.004208981990814209,0.003752502799034119
BBBP,CCCN(CCC)CCc1ccc(c2c1CC(N2)=C)O,0.8407410979270935,0.37291890382766724,0.18028336763381958,0.08533751964569092,0.0717879742383957
BBBP,NNc1nncc2ccccc12,0.9659269452095032,0.47725921869277954,9.387731552124023e-05,0.00854271650314331,0.03452407419681549
BBBP,NC(N)=NCCN1CCCCCCC1,0.9106910824775696,0.05039870738983154,0.01617223024368286,0.022412538528442383,0.008777981996536255
BBBP,NC1CONC1=O,0.852214515209198,0.05802154541015625,0.11767935752868652,0.10402214527130127,0.07316714823246002
BBBP,OC(COc1ccc2OC(=CC(=O)c2c1)C(O)=O)COc3cccc4OC(=CC(=O)c34)C(O)=O,0.03379705920815468,0.020701978355646133,0.04059508815407753,0.0015032961964607239,0.003924042265862226
BBBP,CC(C)N=C1C=C2N(c3ccc(Cl)cc3)c4ccccc4N=C2C=C1Nc5ccc(Cl)cc5,0.10142254084348679,0.8686841800808907,0.6240605786442757,0.11448205262422562,0.03867597170174122
BBBP,COc1cc(cc(OC)c1OC)C(=O)N2CCOCC2,0.9885846376419067,0.004153072834014893,0.00046521425247192383,0.0007597208023071289,0.00030399560928344725
BBBP,OC(CCN1CCCCC1)(C2CCCCC2)c3ccccc3,0.9871739149093628,0.0005348920822143555,6.723403930664062e-05,0.00022810697555541992,0.0007765859365463257
BBBP,N[S](=O)(=O)c1cc(C(O)=O)c(NCc2occc2)cc1Cl,0.2736430764198303,0.6917994022369385,0.11115851998329163,0.3367280960083008,0.22217447459697723
BBBP,FC1=CNC(=O)NC1=O,0.6771126389503479,0.2975994348526001,0.10547018051147461,0.296894371509552,0.18966419696807862
BBBP,CC(Cc1ccc(O)cc1)NCC(O)c2cc(O)cc(O)c2,0.04525282606482506,0.005152512341737747,0.008425332605838776,0.0026618652045726776,0.0020291682332754133
BBBP,C[C@]12CC[C@H]3[C@@H](CCc4cc(O)ccc34)[C@@H]1CCC2=O,0.9696904420852661,0.035763323307037354,0.005181372165679932,0.005371153354644775,0.004539594054222107
BBBP,CCN(CC)CCCC(C)Nc1ccnc2cc(Cl)ccc12,0.9705267548561096,0.24831247329711914,0.005141139030456543,0.008446693420410156,0.0032724857330322264
BBBP,CC1=C(N2[C@H](SC1)[C@H](NC(=O)[C@H](N)C3=CCC=CC3)C2=O)C(O)=O,0.07181753218173981,0.08207780122756958,0.03558387607336044,0.006570205092430115,0.002963721752166748
BBBP,Clc1cccc(c1)N2CCN(CCCN3N=C4C=CC=CN4C3=O)CC2,0.9282442331314087,0.05194324254989624,0.01772540807723999,0.014573454856872559,0.015532833337783814
BBBP,COC1=CC=C2[C@H]3Cc4ccc(OC)c5O[C@@H]1[C@]2(CCN3C)c45,0.9873080849647522,0.0017575621604919434,0.0003351569175720215,0.002396523952484131,0.000837746262550354
BBBP,CCCCCc1cc(O)c2[C@@H]3C=C(C)CC[C@H]3C(C)(C)Oc2c1,0.9655674695968628,0.043505311012268066,0.0001538991928100586,0.010623395442962646,0.003715336322784424
BBBP,CC(C)[C@H](NC(=O)[C@H](Cc1ccccc1)NC(=O)CNC(=O)[C@@H](C)NC(=O)[C@@H](N)Cc2ccc(O)cc2)C(N)=O,0.01383766159415245,0.011725213378667831,0.0008761100471019745,0.0009144693613052368,0.0008486815262585878
BBBP,CC(C)C[C@@H]1N2C(=O)[C@](NC(=O)[C@H]3CN(C)[C@@H]4Cc5c(Br)[nH]c6cccc(C4=C3)c56)(O[C@@]2(O)[C@@H]7CCCN7C1=O)C(C)C,0.7109227776527405,0.20728039741516113,0.30880528688430786,0.04470795392990112,0.0830378532409668
BBBP,CCC(C)C(N)C1=NC(CS1)C(=O)N[C@@H](CC(C)C)C(=O)N[C@H](CCC(O)=O)C(=O)N[C@@H]([C@@H](C)CC)C(=O)NCCCC[C@@H]2NC(=O)[C@H](CC(N)=O)NC(=O)[C@@H](CC(O)=O)NC(=O)[C@H](Cc3[nH]cnc3)NC(=O)[C@@H](Cc4ccccc4)NC(=O)[C@@H](NC(=O)[C@@H](CCCN)NC2=O)[C@@H](C)CC,0.00019975542090833187,0.0006019006832502782,4.293653182685375e-05,4.137482028454542e-05,3.3636724401731045e-05
BBBP,CC[C@H]1OC(=O)[C@H](C)[C@@H](O[C@H]2C[C@@](C)(OC)[C@@H](O)[C@H](C)O2)C(C)[C@@H](O[C@@H]3O[C@H](C)C[C@@H]([C@H]3O)N(C)C)[C@](C)(O)C[C@@H](C)CN(C)[C@H](C)[C@@H](O)[C@]1(C)O,0.005714093800634146,0.01233611861243844,0.01233611861243844,0.0009371712803840637,0.0005753681529313326
BBBP,OC1=C(C2CCC(CC2)c3ccc(Cl)cc3)C(=O)C(=O)c4ccccc14,0.9731621146202087,0.00012165307998657227,0.000325620174407959,0.004841744899749756,0.002484777569770813
BBBP,CO[C@H]1[C@@H](C[C@@H]2CN3CCc4c([nH]c5cc(OC)ccc45)[C@H]3C[C@@H]2[C@@H]1C(=O)OC)OC(=O)\C=C\c6cc(OC)c(OC)c(OC)c6,0.9634650349617004,0.026066064834594727,0.0038837194442749023,0.00696408748626709,0.013637945055961609
BBBP,O=C1C=CNN=C1,0.6381179690361023,0.3326581120491028,0.04466986656188965,0.07011955976486206,0.14475514888763427
BBBP,Clc1ccc2N(C3CCN(CCCN4C(=O)Nc5ccccc45)CC3)C(=O)Nc2c1,0.9888362288475037,3.612041473388672e-05,0.00016927719116210938,0.00021189451217651367,0.0004937112331390381
BBBP,CC\C(c1ccc(O)cc1)=C(\CC)c2ccc(O)cc2,0.7749342322349548,0.46281149983406067,0.03512465953826904,0.03245037794113159,0.08192523121833802
BBBP,CCN(CC)CCOC(=O)C1(CCCCC1)C2CCCCC2,0.9880154728889465,0.010418415069580078,0.00039947032928466797,0.0002442002296447754,0.000949704647064209
BBBP,C[C@H](CCC(O)=O)[C@H]1CC[C@H]2[C@H]3[C@H](CC(=O)[C@]12C)[C@@]4(C)CCC(=O)C[C@H]4CC3=O,0.982463002204895,0.0003579854965209961,0.0005377531051635742,0.0035585761070251465,0.0005747914314270019
BBBP,Nc1ccc(cc1)[S](=O)(=O)c2ccc(N)cc2,0.9685357213020325,0.013293325901031494,0.0017165541648864746,0.010830283164978027,0.005065122246742248
BBBP,NC1[C@H]2CN(C[C@@H]12)c3nc4N(C=C(C(O)=O)C(=O)c4cc3F)c5ccc(F)cc5F,0.10517651587724686,0.7124557420611382,0.02344243973493576,0.009273581206798553,0.059205085039138794
BBBP,COc1cc(Cc2cnc(N)nc2N)cc(OC)c1OC,0.9620508551597595,0.011768758296966553,0.01826918125152588,0.00425344705581665,0.03232472240924835
BBBP,O=C1CN(CC2N1CCc3ccccc23)C(=O)C4CCCCC4,0.9049151539802551,0.08096063137054443,0.01928567886352539,0.04208076000213623,0.022673922777175903
BBBP,CC[C@H](C)C(=O)O[C@H]1C[C@H](O)C=C2C=C[C@H](C)[C@H](CC[C@@H](O)C[C@@H](O)CC(O)=O)[C@@H]12,0.4300362467765808,0.32660970091819763,0.053937554359436035,0.1517382264137268,0.11728177629411221
BBBP,CO[C@@H]([C@@H]1Cc2cc3cc(O[C@H]4C[C@@H](O[C@H]5C[C@@H](O)[C@H](O)[C@@H](C)O5)[C@H](O)[C@@H](C)O4)c(C)c(O)c3c(O)c2C(=O)[C@H]1O[C@H]6C[C@@H](O[C@H]7C[C@@H](O[C@H]8C[C@](C)(O)[C@H](O)[C@@H](C)O8)[C@H](O)[C@@H](C)O7)[C@H](O)[C@@H](C)O6)C(=O)[C@@H](O)[C@@H](C)O,0.00032328913221135736,8.211821841541678e-05,6.016023689880967e-06,3.660429501906037e-05,2.494283689884469e-05
BBBP,OC(CCN1CCCC1)(C2CCCCC2)c3ccccc3,0.9861311912536621,0.0005768537521362305,0.0005095601081848145,0.00024950504302978516,0.0012075603008270264
BBBP,CCC1(C(=O)NCNC1=O)c2ccccc2,0.930624783039093,0.06754076480865479,0.015523135662078857,0.020796775817871094,0.012298381328582764
BBBP,OCCN1CCN(CC\C=C/2c3ccccc3COc4ccc(Cl)cc24)CC1,0.9473245143890381,0.03710561990737915,0.013940393924713135,0.004595518112182617,0.008252257108688354
BBBP,OCC[C@@H]1CCN(CC\C=C2/c3ccc(F)cc3Sc4ccc(cc24)C(F)(F)F)CC1,0.9879804253578186,0.000958561897277832,0.00017702579498291016,0.002200484275817871,0.0005276232957839965
BBBP,Clc1ccccc1C(n2ccnc2)(c3ccccc3)c4ccccc4,0.8812686800956726,0.07129669189453125,0.0718076229095459,0.09850764274597168,0.026085099577903746
BBBP,N[S](=O)(=O)c1cc(ccc1Cl)C2(O)NC(=O)c3ccccc23,0.48912015557289124,0.4196905195713043,0.07465317845344543,0.3581763207912445,0.09478879943490029
BBBP,N[S](=O)(=O)c1cc2c(NC=N[S]2(=O)=O)cc1Cl,0.12798409163951874,0.8273269087076187,0.6430843621492386,0.6053109914064407,0.08730852827429772
BBBP,OC[C@H]1O[C@H](C[C@@H]1O)n2cnc3[C@H](O)CN=CNc23,0.1093917042016983,7.960200309753418e-05,0.24792446196079254,0.009629078209400177,0.025725091993808746
BBBP,COc1ccc2nc([nH]c2c1)[S](=O)Cc3ncc(C)c(OC)c3C,0.9765204191207886,0.011664509773254395,0.006920576095581055,0.005710959434509277,0.004233255982398987
BBBP,C1CCN(CC1)C2(CCCCC2)c3ccccc3,0.9890596866607666,0.00017637014389038086,2.7358531951904297e-05,0.00023955106735229492,0.00012427568435668945
BBBP,CC(=O)OCC1=C(N2[C@H](SC1)[C@H](NC(=O)CSc3ccncc3)C2=O)C(O)=O,0.044269390404224396,0.004202466458082199,0.029504068195819855,0.0034383125603199005,0.004937382414937019
BBBP,CC(C)(C)NCC(O)COc1cccc2NC(=O)CCc12,0.6913865804672241,0.06634867191314697,0.14034098386764526,0.1887798309326172,0.11080782413482666
BBBP,COc1ccc(CCN2CCC(CC2)Nc3nc4ccccc4n3Cc5ccc(F)cc5)cc1,0.9895113110542297,0.016362369060516357,0.0002739429473876953,0.0008546710014343262,0.0004529029130935669
BBBP,Cc1c(O)cccc1C(=O)N[C@@H](CSc2ccccc2)[C@H](O)CN3C[C@H]4CCCC[C@H]4C[C@H]3C(=O)NC(C)(C)C,0.07321915775537491,0.07376272231340408,0.3003857955336571,0.004918329417705536,0.00957066435366869
BBBP,CCN1C=C(C(O)=O)C(=O)c2ccc(C)nc12,0.253304123878479,0.6954411268234253,0.37343263626098633,0.05625550448894501,0.12632997706532478
BBBP,OC(Cn1cncn1)(Cn2cncn2)c3ccc(F)cc3F,0.9477315545082092,0.010048091411590576,0.00016611814498901367,0.03737145662307739,0.02963503897190094
BBBP,COc1cc(cc(OC)c1O)[C@H]2[C@@H]3C(COC3=O)[C@H](O[C@@H]4O[C@@H]5CO[C@@H](C)O[C@H]5[C@H](O)[C@H]4O)c6cc7OCOc7cc26,0.08916931599378586,0.48206866532564163,0.48206866532564163,0.0006730854511260986,0.009913316369056702
BBBP,CN1CCCC(C1)CN2c3ccccc3Sc4ccccc24,0.9886730313301086,0.004118204116821289,4.661083221435547e-05,0.0006861686706542969,0.00025452375411987304
BBBP,O=C1Nc2ccccc2N1C3CCN(CCOc4ccccc4)CC3,0.9880924820899963,0.0007608532905578613,0.00034308433532714844,0.00027257204055786133,0.000518578290939331
BBBP,CCCCc1oc2ccccc2c1C(=O)c3cc(I)c(OCCN(CC)CC)c(I)c3,0.7681264877319336,0.5888238102197647,0.012826621532440186,0.1319020390510559,0.1173141434788704
BBBP,CCCCC[C@H](O)/C=C/[C@H]1[C@H](O)CC(=O)[C@@H]1CCCCCCC(O)=O,0.9512759447097778,0.031195521354675293,0.04362994432449341,0.04785633087158203,0.00417274534702301
BBBP,O=C1N=CN=C2NNC=C12,0.6166552305221558,0.34676867723464966,0.3262702226638794,0.34768474102020264,0.20692029893398284
BBBP,CO/N=C(C(=O)N[C@H]1[C@H]2SCC(=C(N2C1=O)C(O)=O)CSC3=NC(=O)C(=O)NN3C)/c4csc(N)n4,0.023346588015556335,0.023434262722730637,0.023917604237794876,0.0010045859962701797,0.0019622153602540495
BBBP,CN(C)Cc1oc(CSCCNC2C([N+]([O-])=O)=CC=N2)cc1,0.5649276375770569,0.36588767170906067,0.4504852145910263,0.009474456310272217,0.1640094041824341
BBBP,CN(C)Cc1ccnc(c2cccc(NC3C([N+]([O-])=O)=CC=N3)c2)c1,0.6085731387138367,0.36613261699676514,0.5112066939473152,0.09347110986709595,0.14317964017391205
BBBP,ClC1=CC=CC(OC2CCN(CCC3CCCN3S(C4=CC(N([H])C=C5)=C5C=C4)(=O)=O)CC2)=C1,0.9785675406455994,0.003374934196472168,0.015070617198944092,0.01230919361114502,0.004496023058891296
BBBP,CN(C)Cc1ccc(CSCCNC2=C([N+]([O-])=O)C(Cc3ccccc3)=CN2)o1,0.8523402810096741,0.06786531209945679,0.08621519804000854,0.017284929752349854,0.05429620444774628
BBBP,CN(C)Cc1ccc(c2cccc(NC3C([N+]([O-])=O)=CC=N3)c2)o1,0.9393216371536255,0.013529598712921143,0.1418665647506714,0.014484167098999023,0.038159888982772824
BBBP,CN1[C@H]2CCC[C@@H]1CC(C2)NC(=O)c3nn(C)c4ccccc34,0.9868436455726624,0.04117375612258911,0.000690162181854248,0.002162158489227295,0.0014833927154541016
BBBP,IC1=C(N([H])[H])C=CC(C2=NC3=CC=C(O[H])C=C3S2)=C1,0.8217450976371765,0.08059817552566528,0.13306432962417603,0.109164297580719,0.0740862399339676
BBBP,CN(C)c1cc(C2=NC(N)=NN2)ccn1,0.9737561345100403,0.008643805980682373,0.004863262176513672,0.006633937358856201,0.007267385721206665
BBBP,CN1CCN(CC1)C2=C3C=CC=CC3=Nc4ccc(Cl)cc4N2,0.9850150942802429,0.0005084872245788574,0.0015789270401000977,0.0009009838104248047,0.0009467095136642456
BBBP,CCC(=O)N(c1ccccc1)C2(CCN(CCc3sccc3)CC2)COC,0.9892252087593079,0.002429664134979248,0.001053452491760254,0.00024306774139404297,0.00037123262882232666
BBBP,Nc1nnc(c(N)n1)c2cccc(Cl)c2Cl,0.9417178630828857,0.42058122158050537,0.0033811330795288086,0.012964010238647461,0.054356999695301056
BBBP,COc1ccc(Cl)cc1C(=O)NCCc2ccc(cc2)[S](=O)(=O)NC(=O)NC3CCCCC3,0.8167005181312561,0.03936952352523804,0.2594742178916931,0.1539851427078247,0.0789336085319519
BBBP,Cn1c2CCC(Cn3ccnc3C)C(=O)c2c4ccccc14,0.9844754338264465,0.01316612958908081,3.993511199951172e-05,0.0031766891479492188,0.0017760694026947021
BBBP,CN(C)[C@H]1[C@@H]2C[C@H]3C(=C(O)c4c(O)cccc4[C@@]3(C)O)C(=O)[C@]2(O)C(=O)\C(=C(/O)NCN5CCCC5)C1=O,0.02290329337120056,0.005304763093590736,0.011535853147506714,0.00228956900537014,0.00139445960521698
BBBP,CCN1CCN(C(=O)N[C@@H](C(=O)N[C@H]2[C@H]3SCC(=C(N3C2=O)C(O)=O)CSc4nnnn4C)c5ccc(O)cc5)C(=O)C1=O,0.02148071676492691,0.008878964930772781,0.024976827204227448,0.0023701712489128113,0.0014981448650360108
BACE,CC(C)(C)Cc1cnc2c(c1)C([NH2+]CC(O)C1Cc3cccc(c3)CCCCn3cc(ccc3=O)C(=O)N1)CC1(CCC1)O2,0.9690614938735962,0.1875860095024109,0.14632189273834229,0.0012488961219787598,0.006500664353370667
BACE,COCC(=O)NC(Cc1cccc(-c2ncco2)c1)C(O)C[NH2+]C1CC2(CCC2)Oc2ncc(CC(C)(C)C)cc21,0.8762701749801636,0.17225635051727295,0.3741037845611572,0.001583695411682129,0.0615492194890976
BACE,COCC(=O)NC(Cc1cccc(-c2ccccn2)c1)C(O)C[NH2+]C1CC2(CCC2)Oc2ncc(CC(C)(C)C)cc21,0.7871251106262207,0.1730560064315796,0.167133629322052,0.0026288628578186035,0.04453030526638031
BACE,CCn1cc2c3c(cc(C(=O)NC(Cc4ccccc4)[C@H](O)C[NH2+]C4CC4)cc31)N(C)S(=O)(=O)CC2,0.8638776540756226,0.33364439010620117,0.10921472311019897,0.026269972324371338,0.0313775897026062
BACE,CC(=O)NC(Cc1cc(F)cc(F)c1)C(O)C[NH2+]C1(c2cccc(C(C)(C)C)c2)CCC(=NO)CC1,0.1524515599012375,0.6577329188585281,0.37631942331790924,0.02000473439693451,0.14714932162314653
BACE,CCc1cn2c3c(cc(C(=O)NC(Cc4ccccc4)C(O)C[NH2+]Cc4cccc(OC)c4)cc13)N(C)S(=O)(=O)C2,0.8570458292961121,0.03697788715362549,0.14115458726882935,0.025480031967163086,0.02858412265777588
BACE,CCc1cn2c3c(cc(C(=O)NC(Cc4ccccc4)[C@H](O)C[NH2+]Cc4cccc(C(F)(F)F)c4)cc13)OS(=O)(=O)CC2,0.6938005685806274,0.1856018304824829,0.21086987853050232,0.02527141571044922,0.06406357735395432
BACE,CC(C)(C)Cc1cc(C[NH2+]C2CS(=O)(=O)CC(Cc3cc(F)c(N)c(OC(C(F)(F)F)C(F)(F)F)c3)C2O)no1,0.8334742188453674,0.18192631006240845,0.06085103750228882,0.03282594680786133,0.02591138780117035
BACE,CC(NC(=O)c1cc(-c2ncc(C(C)([NH3+])Cc3ccccc3)o2)cc(N(C)S(C)(=O)=O)c1)c1ccc(F)cc1,0.6574651002883911,0.6574362932133226,0.10909205675125122,0.07400691509246826,0.16704425420612096
BACE,COCC(=O)NC(Cc1cccc(-c2cscn2)c1)C(O)C[NH2+]C1CC2(CCC2)Oc2ncc(CC(C)(C)C)cc21,0.7482486367225647,0.010574698448181152,0.18248409032821655,0.0025787949562072754,0.04810653924942017
BACE,Cc1cc(C2(c3cccc(C#CC4CC4)c3)N=C(N)c3c(F)cccc32)cn(C)c1=O,0.820854127407074,0.7736802585422993,0.3464930057525635,0.014423489570617676,0.034457623958587646
BACE,CC1(C)OCc2ccc(C[NH2+]C3CS(=O)(=O)CC(Cc4cc(F)c(N)c(OC(C(F)(F)F)C(F)(F)F)c4)C3O)cc21,0.7152634263038635,0.011242508888244629,0.07339644432067871,0.008674442768096924,0.03376218974590302
BACE,CS(=O)(=O)N(c1ccccc1)c1cc(C(=O)NC(Cc2ccccc2)C(O)C[NH2+]Cc2cccc(C(F)(F)F)c2)cc(N2CCCC2=O)c1,0.6872661113739014,0.5760654881596565,0.4220152199268341,0.013653218746185303,0.06359345763921738
BACE,CCc1ccc2c(c1)C([NH2+]CC(O)C1Cc3cccc(c3)CCCCn3cc(cc(-c4ccccn4)c3=O)C(=O)N1)CC1(CCC1)O2,0.9435855746269226,0.22627294063568115,0.0994071364402771,0.024008333683013916,0.03166764676570892
BACE,CCC(C)C1(NC(C)=O)CCN(C(CCc2ccccc2)C(=O)NC(Cc2cc(F)cc(F)c2)C(O)C2CC(Oc3cccnc3)C[NH2+]2)C1=O,0.8839541077613831,0.32689177989959717,0.04629415273666382,0.003253042697906494,0.032754752039909366
BACE,COCC(=O)NC(Cc1cccc(-c2cncs2)c1)C(O)C[NH2+]C1CC2(CCC2)Oc2ncc(CC(C)(C)C)cc21,0.7464592456817627,0.01052248477935791,0.26367607712745667,0.002590954303741455,0.07144531607627869
BACE,CCn1cc2c3c(cc(C(=O)NC(Cc4ccccc4)[C@H](O)CNc4ccccc4)cc31)N(C)S(=O)(=O)CC2,0.7929403781890869,0.07833611965179443,0.18054282665252686,0.007511734962463379,0.06894315481185913
BACE,CS(=O)(=O)N(c1ccccc1)c1cc(C(=O)NC(Cc2ccccc2)C(O)C[NH2+]Cc2cccc(C(F)(F)F)c2)cc(C2CCCC2)c1,0.6653010249137878,0.5883614644408226,0.28714054822921753,0.018778979778289795,0.08920048549771309
BACE,CC(C)(C)Cc1cnc2c(c1)C([NH2+]CC(O)C1Cc3cccc(c3)CCCn3cc(ccc3=O)C(=O)N1)CC1(CCC1)O2,0.9698784947395325,0.15578311681747437,0.15578311681747437,0.0004788041114807129,0.004010233283042908
BACE,CCC(C)C1(NC(C)=O)CCN(C(CCc2ccccc2)C(=O)NC(Cc2cc(F)cc(F)c2)C(O)C2CC(Oc3ccccn3)C[NH2+]2)C1=O,0.9177877902984619,0.1936982274055481,0.03547203540802002,0.0026437044143676758,0.020033857226371764
BACE,CCC(C)C1(NC(C)=O)CCN(C(CCc2ccccc2)C(=O)NC(Cc2cc(F)cc(F)c2)C(O)C2CC(Oc3ccccc3)C[NH2+]2)C1=O,0.8043162822723389,0.45487287640571594,0.07049793004989624,0.00587010383605957,0.08568843081593513
BACE,CCc1ccc2c(c1)C([NH2+]CC(O)C1Cc3cccc(c3)CCCCn3cc(cc(N4CCCC4)c3=O)C(=O)N1)CC1(CCC1)O2,0.9117130637168884,0.18037700653076172,0.24308806657791138,0.06199681758880615,0.03564063012599945
BACE,CCn1cc(C2(c3cccc(NC(=O)c4ccccn4)c3)N=C(N)c3c(F)cccc32)cc(C)c1=O,0.6454591155052185,0.63078907225281,0.16527119278907776,0.031974196434020996,0.0914811372756958
BACE,CCC(C)C1(NC(C)=O)CCN(C(CCc2ccccc2)C(=O)NC(Cc2cc(F)cc(F)c2)C(O)C2CC(OCc3ccccn3)C[NH2+]2)C1=O,0.6078326106071472,0.563184954226017,0.25580665469169617,0.009382486343383789,0.1119686633348465
BACE,CCC(C)C1(NC(C)=O)CCN(C(CCc2ccccc2)C(=O)NC(Cc2cc(F)cc(F)c2)C(O)C2CC(OCc3cccnc3)C[NH2+]2)C1=O,0.7036324739456177,0.041828274726867676,0.08930438756942749,0.006936311721801758,0.06962515711784363
BACE,CC(C)c1cccc(C2([NH2+]CC(O)C3Cc4cccc(c4)OCCCCOc4cc(cc(N5CCCC5=O)c4)C(=O)N3)CC2)c1,0.40809178352355957,0.012286096811294556,0.05923852324485779,0.14644873142242432,0.15856498964130877
BACE,[NH3+]CCc1ccc(O)c(C2CCCCC2)c1,0.2194797247648239,0.21583853289484978,0.14922775328159332,0.19082443788647652,0.0763332150876522
BACE,Nc1ccc2cc(-c3ccsc3)ccc2n1,0.13581430912017822,0.13560920328018256,0.0018379688262939453,0.027773618698120117,0.06090385094285011
BACE,CN(C(=O)CCc1cc2ccccc2nc1N)C1CCCCC1,0.6855239868164062,0.11410379409790039,0.16877591609954834,0.09121429920196533,0.026991787552833556
BACE,Nc1nc2ccccc2cc1CCC(=O)NCC1CCCCC1,0.3154662847518921,0.1100282371044159,0.3497468829154968,0.1255183070898056,0.10007885061204433
BACE,CN(C)c1cccc(C[NH2+]CC(O)C(Cc2ccccc2)NC(=O)C2(Cc3ccccc3)CN(Cc3ccccc3)C(=O)N2)c1,0.0006141399499028921,0.14471549936570227,0.023786077508702874,0.0005975623644189909,0.0014773235243410454
BACE,CN1C(=[NH2+])NC(c2ccccc2)(c2ccccc2)C1=O,0.0088047431781888,0.0031327204778790474,0.0009016934782266617,0.0041872663423419,0.013298515201313421
BACE,CN(C(=O)CCC(C1CCCCC1)N1Cc2cc(Oc3ccccc3)ccc2[NH+]=C1N)C1CCCCC1,0.7204364538192749,0.03248095512390137,0.5068794041872025,0.22383159399032593,0.0967379242181778
BACE,CN1C(=[NH2+])NC(c2ccccc2)(c2cccc(-c3cccnc3)c2)C1=O,0.5112543702125549,0.5072250817902386,0.4230382815003395,0.040385425090789795,0.11470775054767728
BACE,COc1cccc(CN2CC(C(=O)NC(Cc3ccccc3)C(O)C[NH2+]Cc3cccc(N(C)C)c3)NC2=O)c1,0.12305516004562378,0.1543411910533905,0.628227949142456,0.04540722072124481,0.04827373567968607
BACE,COc1cccc(-c2cccc(C3(c4ccccc4)NC(=[NH2+])N(C)C3=O)c2)c1,0.10695309191942215,0.6428424045443535,0.636720709502697,0.0035097599029541016,0.08784752730280161
BACE,CN1C(=O)C2CN(c3ccccc3)CC2(c2ccc(-c3ccc(F)c(C#N)c3)s2)N=C1N,0.06749465316534042,0.01685934141278267,0.021802030503749847,0.024390630424022675,0.017964320699684323
BACE,CN1C(=O)CC(C)(c2cc(-c3cccc(C#N)c3)cs2)N=C1N,0.424689918756485,0.4188142507337034,0.15752020478248596,0.04523572325706482,0.13902587592601776
BACE,CCCN(CCC)C(=O)c1cccc(C(=O)NC(Cc2ccccc2)C([NH3+])CC(C)C(=O)Nc2ccc(F)cc2)c1,0.827068030834198,0.7992959003895521,0.2895206809043884,0.015960872173309326,0.04466121792793274
BACE,CC(C)CC(NC(=O)C1CC(=O)NCCCCCCOC(=O)NC(C(C)C)C(=O)N1)C(O)CC(C)C(=O)NC(C(=O)NCc1ccccc1)C(C)C,0.4513678252696991,0.4513666939551513,0.2659347355365753,0.10145708918571472,0.2155994170345366
BACE,CN(C(=O)CCN1Cc2cc(C(=O)c3ccccc3)ccc2[NH+]=C1N)C1CCCCC1,0.2771993577480316,0.5772939622402191,0.22553059458732605,0.4905552566051483,0.11767800375819207
BACE,CN1C(=O)C2CN(C(=O)c3ccccc3)CC2(c2cc(-c3cccc(C#N)c3)cs2)N=C1N,0.7420733571052551,0.6901995167136192,0.7138690892606974,0.01736205816268921,0.1544061340391636
BACE,COc1cccc(C[NH2+]CC(O)C(Cc2ccccc2)NC(=O)c2cc(C(=O)NC(C)c3ccccc3)cc(N(C)S(C)(=O)=O)c2)c1,0.4778901934623718,0.4757402951363474,0.1508110761642456,0.10923582315444946,0.1018907878547907
BACE,CC#Cc1cncc(-c2cc(Cl)c(C3(C)CC(=O)N(C)C(=[NH2+])N3)s2)c1,0.6584790349006653,0.06719785928726196,0.2879622280597687,0.011927306652069092,0.025526401400566102
BACE,CC(C)CC(NC(=O)c1cc(C(=O)NC(C)c2ccccc2)cc(N(C)S(C)(=O)=O)c1)C(O)CC(C)C(=O)NC(C(=O)NC(C)C)C(C)C,0.7232113480567932,0.7224394441582263,0.19950824975967407,0.009130120277404785,0.11373871937394142
BACE,COCC1CCCN1C(=O)c1cc(C)cc(C(=O)NC(Cc2cc(F)cc(F)c2)C(O)C2CN(S(=O)(=O)c3cccc(C)c3)CC[NH2+]2)c1,0.7924854755401611,0.1167643666267395,0.12985342741012573,0.049482107162475586,0.03615460395812988
BACE,COCC1CCCN1C(=O)c1cc(C)cc(C(=O)NC(Cc2cc(F)cc(F)c2)C(O)C2CC(Oc3ccccc3)C[NH2+]2)c1,0.8852120041847229,0.3967571258544922,0.07975077629089355,0.015823304653167725,0.044828799366950986
BACE,Cc1cc(C)n(COC(=O)NC(CS(C)(=O)=O)C(=O)NC(CC(C)C)C(O)CC(C)C(=O)NC(C(=O)NCC(C)C)C(C)C)n1,0.002355598146095872,0.7578140271361917,0.0021624015498673543,0.002306837552168872,0.00209203960899913
BACE,CC(C)CC(NC(=O)C(CC(N)=O)NC(=O)C(NC(=O)C(CCC(=O)[O-])NC(=O)C(CO)NC(=O)C(Cc1c[nH]c2ccccc12)NC(=O)C([NH3+])Cc1c[nH]c2ccccc12)C(C)C)C(O)CC(C)C(=O)NC(C)C(=O)NC(CCC(=O)[O-])C(=O)NC(Cc1ccccc1)C(=O)[O-],0.9365559220314026,0.20468658208847046,0.05887061357498169,0.002317070960998535,0.020476284623146056
BACE,CCCc1cc(=O)[nH]c(N)n1,9.096897701965645e-05,0.10714702569384826,8.221400184993399e-05,3.808240217040293e-05,0.0012685200646728844
BACE,Cc1ccc(C)c(OCC(O)C[NH+]2CCOCC2)c1,0.0007512991433031857,0.09810668480349705,0.001187165908049792,0.011645368940662593,0.0021785736174933846
BACE,Nc1ccc2ccccc2n1,0.034963298588991165,0.03492520096915541,0.007397148758172989,0.007543347775936127,0.012283969511645409
BACE,Nc1nccc2ccccc12,0.044598307460546494,0.042384801898151636,0.0020299069583415985,0.0027958787977695465,0.009334007883444429
BACE,Nc1ncccc1CCc1cccc(Cl)c1,0.14234353601932526,0.14045529207214713,0.053012147545814514,0.03866613656282425,0.028913099318742752
BACE,Nc1nc2ccccc2nc1N1CCCC1,0.2882339358329773,0.10060246288776398,0.20323121547698975,0.03112146258354187,0.07303656712174415
BACE,Fc1ccc(CC2CC[NH2+]CC2)cc1,0.015494749881327152,0.07378443982452154,0.014638071996159852,0.009728667326271534,0.010397147323237732
BACE,Nc1ncccc1NCc1ccccc1,0.08218130469322205,0.06468847393989563,0.0017283186316490173,0.001038290560245514,0.00963937323540449
BACE,C[N@@H+](Cc1cccc(CCc2cccnc2N)c1)Cc1ccco1,0.41760900616645813,0.3851441517472267,0.10724839568138123,0.3695695400238037,0.07259832993149758
BACE,Nc1nc(CCc2ccc3cc[nH]c3c2)cc(=O)[nH]1,1.5183104551397264e-05,0.004105473184608854,6.650268915109336e-06,1.0626964467519429e-05,2.783681602522847e-05
BACE,O=C(OC1CCOCC1)[C@H]1C[C@]2(C[NH2+]1)C(=O)Nc1ccccc12,0.0008622835157439113,0.04423576418776065,0.00027380086248740554,0.0006581918860320002,0.0010871564365515952
BACE,C[C@@]1(c2cccc(-c3cccnc3)c2)N=C(c2ccccc2)C(N)=[NH+]1,0.006573584396392107,0.053461968433111906,0.0033061550930142403,0.0013242750428617,0.0034147076097269745
BACE,NC1=N[C@@]2(c3cccc(-c4cncnc4)c3)CCOC[C@H]2O1,0.026379670947790146,0.026249315356835723,0.0023888349533081055,0.005564678460359573,0.0090768248133827
BACE,Nc1cccc(CCc2ccc3cc[nH]c3c2)n1,0.044537149369716644,0.0445152291431441,0.04449264969662181,0.03936725575476885,0.021728018696740035
BACE,COc1ccc([C@]2(C)CCSC(N)=N2)cc1,8.129683556035161e-05,4.8976628022501245e-05,4.4656491809291765e-05,3.2192940125241876e-05,4.6217880390031495e-05
BACE,CC1(C)Cc2ccccc2/C(=[NH+]/[C@@H](Cc2ccccc2)C(=O)[O-])N1,2.2141604858916253e-05,0.018170864910644013,7.861591257096734e-06,1.4062851732887793e-05,0.0011221895911944558
BACE,CN(C(=O)CCCn1c(N)nc2cc(Cl)ccc21)C1CCCCC1,0.01455188449472189,0.8111803466454148,0.518127434886992,0.08317548874765635,0.08315911628305912
BACE,N#CC1(OC(=O)[C@H]2C[C@]3(C[NH2+]2)C(=O)Nc2ccccc23)CCCCC1,0.005430073942989111,0.06469598272815347,0.002421174431219697,0.0023810635320842266,0.0029650717275217175
BACE,COc1cccc(-c2cccc(CCc3cccc(N)n3)c2)c1,0.3876360058784485,0.3870280797709711,0.27474379539489746,0.26400548219680786,0.13913788446225225
BACE,Cc1ccc(Nc2cc(-c3ccccc3)ncn2)cc1NS(C)(=O)=O,0.39217355847358704,0.3921650706251967,0.272349089384079,0.37447246350347996,0.13705788925290108
BACE,O=C(O[C@H]1CCSc2ccc(Br)cc21)[C@H]1C[C@]2(C[NH2+]1)C(=O)Nc1ccccc12,0.0017527529271319509,0.4266649893252179,0.001365168543998152,0.09798676881473511,0.001297269247152144
BACE,CN1C(=N)N[C@](C)([C@@H]2C[C@H]2c2ccccc2)CC1=O,4.949669892084785e-05,1.5028013876872137e-05,7.893533620517701e-06,1.446060196030885e-07,2.556834838287614e-05
BACE,Nc1ncccc1NCc1cccc(-c2ccc3cc[nH]c3c2)c1,0.3559334874153137,0.32748634554445744,0.3458879590034485,0.017512619495391846,0.16769899800419807
BACE,CC[C@@H](CC(=O)NC1C2CC3CC(C2)CC1C3)n1c(N)nc2cc(Cl)ccc21,1.7055754142347723e-05,0.7296286137061543,1.4518632042381796e-05,1.1547799658728763e-06,0.001979629886983503
BACE,COc1ccc([C@@]2(c3cccc(-c4cncnc4)c3)CCC(N)=[NH+]2)cc1,0.2595270872116089,0.3950002193450928,0.28910166025161743,0.18918833136558533,0.11610028967261314
BACE,CC(C)C[C@@]1(C)NC(=N)N(Cc2ccc(CNC(=O)Nc3ccc(C#N)cc3)cc2)C1=O,0.017055083066225052,0.18219679221510887,0.016743915621191263,0.005276624113321304,0.010994121571275172
BACE,C[C@]1(c2cccc(-c3cccc(Cl)c3)c2)[NH+]=C(N)CCO1,3.681241287267767e-05,0.02118770496235811,0.00038257550113485195,1.570371568959672e-05,0.0007141002926005057
BACE,Nc1ncccc1NCc1cc(-c2ccc3cc[nH]c3c2)ccc1OCc1ccccn1,0.2474479079246521,0.5328549742698669,0.5364155173301697,0.11948442459106445,0.18529371367767453
BACE,O=C(O[C@H]1CCS(=O)(=O)c2ccc(Br)cc21)[C@H]1C[C@]2(C[NH2+]1)C(=O)Nc1ccccc12,0.00034009586670435965,0.1248930178990122,0.0002426637802273035,0.00020731538825202733,0.00016800371752196953
BACE,NC(=[NH2+])NC(=O)Cn1c(-c2ccccc2)ccc1-c1ccccc1,0.0009263826650567353,0.01718610542593524,0.006793812557589263,0.0008763748992350884,0.001813402678089915
BACE,COc1ccc([C@@]2(c3cccc(-c4cccnc4)c3)C[C@@H](OC)C(N)=[NH+]2)cc1,0.03805620223283768,0.6996273323893547,0.038049844119996123,0.010331492871046066,0.03324149986547127
BACE,CC(=O)Nc1ccc(C[NH+]2CCC3(CC2)C(NC2CCCCC2)=NC(=O)N3c2cccc(F)c2)cc1,3.972373451688327e-05,0.02832047544870875,2.371355367358774e-05,3.5879517781722825e-05,6.0463592717496795e-05
BACE,CCCCCS(=O)(=O)c1cccc(C(=O)N[C@@H](Cc2ccccc2)[C@H](O)C[NH2+][C@@H](C)C(=O)NC2CCCCC2)c1,0.06453798711299896,0.7091261297464371,0.5276913791894913,0.01868101954460144,0.02752094892784953
BACE,C[C@@H]1CCc2cccc(c2)C[C@@](C)([NH3+])C(=O)OCc2cc(nc(N(C)S(C)(=O)=O)c2)CC1,0.36470791697502136,0.36469752161065117,0.25775447487831116,0.005187243223190308,0.09718899736180901
BACE,C[C@@H](NC(=O)c1cc(OCC(=O)NCCCCC[NH3+])cc(OS(=O)(=O)Cc2ccccc2)c1)c1ccc(F)cc1,5.3651332564186305e-05,0.041710742116265465,5.017256626160815e-06,4.277532843843801e-05,0.0003714773907120161
BACE,CCCN(CCC)C(=O)c1cc(C)cc(C(=O)N[C@@H](Cc2cc(F)cc(F)c2)[C@H](O)[C@H]2CN(C(=O)c3ccccc3)CC[NH2+]2)c1,0.9277076125144958,0.3562127947807312,0.04996365308761597,0.004160702228546143,0.028920209407806395
BACE,CC(=O)Nc1c(Cl)cc(C/N=C(\N)NC(=O)Cn2ccc3ccccc32)cc1Cl,0.050391919910907745,0.15177147835493088,0.15177147835493088,0.0340386126190424,0.017725729662925006
BACE,O=S1(=O)C[C@@H](Cc2ccc(O)c(Br)c2)[C@H](O)[C@@H]([NH2+]Cc2cccc(C3CC3)c2)C1,0.010635127313435078,0.002625005319714546,0.009592800517566502,0.008614735212177038,0.004977793025318533
BACE,CC1(C)Cc2cc(Cl)ccc2C(N[C@@H](Cc2ccccc2)c2noc(=O)[n-]2)=[NH+]1,1.5481439277209574e-06,8.690962545188086e-07,1.0319799912394956e-06,8.781725000517326e-07,1.0399913790593018e-06
BACE,CC(=O)c1ccc(Oc2ccc(-c3ccc(-c4ccccc4Cl)n3CC(=O)NC(N)=[NH2+])cc2)cc1,0.0020930992905050516,0.10392331308685243,0.0020181007421342656,0.0020297570517868735,0.006868652192497393
BACE,COc1ccc([C@]2(c3cccc(-c4cncnc4)c3)[NH+]=C(N)c3nc(C)sc32)cc1,0.06187039986252785,0.05978970159776509,0.05142725631594658,0.023982353508472443,0.01649785917252302
BACE,CN1C(=N)N[C@](CCC2CCCCC2)(CC2CCCCC2)C1=O,0.007842328399419785,0.09104547277092934,0.004115456948056817,0.007295642979443073,0.006779198130243458
BACE,NC(=[NH2+])NC(=O)Cn1c(-c2ccccc2)ccc1-c1ccc(NC(=O)c2cccc(Br)c2)cc1,0.013886810280382633,0.0686440235003829,0.012890438083559275,0.012541173491626978,0.014688795841357205
BACE,CCCCNC(=O)[C@H](C)C[C@H](O)[C@@H]1C[C@H](C)CCCCCCCC(=O)N[C@@H](C)C(=O)N1,0.049624744802713394,0.7592272125184536,0.559911485761404,0.004882548004388809,0.059293252089992164
BACE,CCCOc1ccc(-c2csc(-c3ccccc3Cl)c2CC(=O)NC(N)=[NH2+])cc1,0.6324304938316345,0.6309008067473769,0.6199436532333493,0.07853370904922485,0.13018579334020614
BACE,CC1(C)Cc2cc(Cl)ccc2C(N[C@@H](Cc2ccccc2)c2ncc(C#N)c(=O)[nH]2)=[NH+]1,0.002073145704343915,0.0069672882091254,0.0006193057633936405,0.0015149704413488507,0.0017723330711305607
BACE,CC1(C)Cc2cc(Cl)ccc2C(N[C@@H](Cc2cscc2-c2cn[nH]c2)C(=O)[O-])=[NH+]1,0.08368713408708572,0.6479308530688286,0.4835273548960686,0.030288856476545334,0.05230885666096583
BACE,CN1CC(N)=[NH+][C@](C)(c2cccc(NC(=O)c3ccc(Cl)cn3)c2)C1=O,0.347807377576828,0.3456252384930849,0.2436520755290985,0.06029266119003296,0.16181130856275558
BACE,CCc1ccnc2c(N3CCCC3=O)cc(C(=O)N[C@@H](Cc3ccccc3)[C@H](O)C[NH2+]Cc3cccc(C(F)(F)F)c3)cc12,0.7508286833763123,0.1387283205986023,0.1845015287399292,0.11169570684432983,0.05155242085456848
BACE,CC(C)C[C@H](NC(=O)[C@@H](NC(=O)[C@@H]([NH3+])CNC(=O)c1nnn[n-]1)C(C)C)C(=O)NC[C@](O)(CCc1ccccc1)C(=O)Nc1cccc(C(=O)[O-])c1,0.675883412361145,0.6758549141304684,0.15627479553222656,0.0160444974899292,0.17451193928718567
BACE,CCCCNC(=O)[C@H](C)C[C@H](O)[C@@H]1CSC/C=C/CS[C@H]2CCC[NH2+][C@H]2C(=O)N[C@@H](C)C(=O)N1,0.3649601340293884,0.029238015413284302,0.304850697517395,0.04146894812583923,0.10851629227399825
BACE,COC(=O)[C@@H]1CCCN1C(=O)[C@@H](CC1CCCCC1)N(C)C(=O)[C@H](C)NC(=O)[C@H](CC(C)C)NC(=O)C[C@H](O)[C@H](CC1CCCCC1)NC(=O)[C@H](CCC(N)=O)N(C)C(=O)[C@@H](NC(=O)[C@H](C)O)C(C)C,0.9917519688606262,0.09569138288497925,0.043718814849853516,0.000538945198059082,0.0036452144384384157
BACE,CCNc1cc(C(=O)N[C@@H](Cc2ccccc2)[C@H](O)C[NH2+]C2CCCCC2)cc(N2CCCC2=O)c1,0.5500013828277588,0.513151254504919,0.3796055465936661,0.20574069023132324,0.15361088439822196
BACE,CC1(C)Cc2cc(Cl)ccc2C(N[C@@H](Cc2ccccc2)c2nc3ccncc3c(=O)[nH]2)=[NH+]1,9.233214950654656e-05,0.01751721381151583,4.7435129090445116e-05,6.1625505622942e-05,0.0001359450243853644
BACE,CCCCNC(=O)[C@@H](NC(=O)[C@H](C)C[C@H](O)[C@@H]1CSC/C=C/CSC[C@H](NC(=O)OC(C)(C)C)C(=O)N[C@@H](C)C(=O)N1)C(C)C,0.2219509780406952,0.34045109152793884,0.49879077076911926,0.00812879204750061,0.12075204746797681
BACE,CCCN1C(=O)OC[C@@H]1Cc1cc(C[C@@H]2CS(=O)(=O)C[C@H]([NH2+]Cc3cccc(C(C)C)c3)[C@H]2O)ccc1O,0.7966748476028442,0.7614080794155598,0.07883322238922119,8.976459503173828e-05,0.06592347919940948
BACE,CC(C)(C)c1cccc(C[NH2+][C@H]2CS(=O)(=O)C[C@@H](Cc3cc(F)c4c(c3)C3(CCC(F)(F)CC3)CN4)[C@@H]2O)c1,0.9133493900299072,0.2100326418876648,0.04982912540435791,0.0036347508430480957,0.02704918086528778
BACE,COC(=O)[C@@H]1CCCN1C(=O)[C@@H](CC1CCCCC1)N(C)C(=O)[C@H](C)NC(=O)[C@H](CC(C)C)NC(=O)C[C@H](O)[C@H](CC1CCCCC1)NC(=O)[C@@H]1C[C@H](NS(C)(=O)=O)C[C@@H](C(=O)N[C@H](C)C2CCCCC2)C1,0.9352145791053772,0.016990959644317627,0.04379570484161377,0.0009176731109619141,0.020111244916915894
BACE,CCCN(CCC)C(=O)c1cc(C)cc(C(=O)N[C@@H](Cc2cc(F)cc(F)c2)[C@H](O)[C@H]2C[N@@H+](Cc3ccccc3)CC[NH2+]2)c1,0.8438804745674133,0.10849541425704956,0.09291410446166992,0.008883535861968994,0.05298827886581421
BACE,CCCC(CCC)S(=O)(=O)C[C@@H](NC(=O)OCc1ccccc1)C(=O)N[C@@H](Cc1ccccc1)[C@H](O)C[NH2+]Cc1cccc(OC)c1,0.0182911716401577,0.5869422592222691,0.05840376392006874,0.004734794609248638,0.016879179736133666
BACE,CN(c1cc(C(=O)N[C@@H](Cc2ccccc2)[C@H](O)C[NH2+]C2CC2)cc(C(=O)c2ccccc2)c1)S(C)(=O)=O,0.20735237002372742,0.011614888906478882,0.43256065249443054,0.19675632193684578,0.0736789295449853
BACE,C[C@@]1(c2cc(NC(=O)c3ccc(Cl)cn3)ccc2F)C[C@@H]2C[C@@H]2C(N)=[NH+]1,0.2660016119480133,0.26599019172772387,0.2339162826538086,0.027406886219978333,0.1276771815493703
BACE,CC#Cc1cncc(-c2cccc([C@]3(C4CC4)N=C(C)C(N)=[NH+]3)c2)c1,0.12865571677684784,0.10810388997197151,0.08904959261417389,0.021438859403133392,0.04697877746075392
BACE,Cc1cc2cc(c1)[C@@H](O)[NH2+][C@@H](c1ccccc1)C/C=C/COC[C@@H]([C@H](O)C[NH2+]Cc1cccc(C(C)C)c1)NC2=O,0.04463193565607071,0.5953472480177879,0.32333170622587204,0.010709207504987717,0.021771731693297623
BACE,O=C(N[C@@H](Cc1ccccc1)[C@H](O)C[NH2+]Cc1cccc(C(F)(F)F)c1)c1cc(N2CCCC2=O)c(=O)n(C2CCCC2)c1,0.6092291474342346,0.6042242115363479,0.5691359341144562,0.15122544765472412,0.11272743418812751
BACE,CC(C)C[C@H](NC(=O)C[C@H](O)[C@H](CC1CCCCC1)NC(=O)[C@H](CCC(N)=O)N(C)C(=O)[C@@H](NC(=O)[C@H](C)O)C(C)C)C(=O)N[C@@H](C)C(=O)N(C)[C@H](CC1CCCCC1)C(=O)[O-],0.9586296677589417,0.20435315370559692,0.10763782262802124,0.0035018324851989746,0.017453542351722716
BACE,C[C@@H](NC(=O)c1cc(C(=O)N[C@@H](Cc2ccccc2)[C@H](O)[C@@H]2[NH2+]C(C)(C)N(C)C2=O)cc(N(C)S(C)(=O)=O)c1)c1ccc(F)cc1,0.6030686497688293,0.5830670166760683,0.06649273633956909,0.05030864477157593,0.11584694758057594
BACE,CC(=O)N[C@@H](Cc1cc(F)cc(F)c1)[C@H](O)C[NH2+]C1(c2cccc(-n3cccn3)c2)CCCCC1,0.0066040209494531155,0.47437756741419435,0.002413224894553423,0.001386954914778471,0.010389528353698552
BACE,COC(=O)[C@@H]1CCCN1C(=O)[C@@H](Cc1ccccc1)N(C)C(=O)[C@H](C)NC(=O)[C@H](CC(C)C)NC(=O)C[C@H](O)[C@H](Cc1ccccc1)NC(=O)c1cc(C(=O)N[C@H](C)c2ccccc2)cc(N(C)S(C)(=O)=O)c1,0.9463030099868774,0.35686981678009033,0.1021837592124939,0.0027884244918823242,0.010073623061180115
BACE,CCC[N@H+]1CCC[C@@]12CCN([C@@H](C)C(=O)N[C@@H](Cc1ccccc1)[C@H](O)C[NH2+]Cc1cccc(C(C)C)c1)C2=O,0.6721436381340027,0.47983425855636597,0.35658928751945496,0.018860280513763428,0.06705243587493896
BACE,COC(=O)[C@H]1CCCN1C(=O)[C@@H](Cc1ccccc1)N(C)C(=O)[C@H](C)NC(=O)[C@H](CC(C)C)NC(=O)C[C@H](O)[C@H](Cc1ccccc1)NC(=O)[C@H](CCC(N)=O)N(C)C(=O)[C@@H](NC(=O)OC(C)(C)C)C(C)C,0.9552342295646667,0.31895118951797485,0.10030561685562134,0.0019875168800354004,0.01291968822479248
BACE,CC(=O)Nc1c(Cl)cc(CNC(=N)NC(=O)Cn2ccc3ccc(C#N)cc32)cc1Cl,0.2691492736339569,0.41819265484809875,0.41819265484809875,0.2030867040157318,0.13673725561238825
BACE,CC(=O)N[C@@H](Cc1ccccc1)[C@H](O)C[NH2+][C@H]1CC(C)(C)Cc2nn(CC(C)(C)C)cc21,0.060958441346883774,0.6292764581739902,0.020881157368421555,0.024640019983053207,0.041369828209280965
BACE,COc1cccc(-c2cccc([C@@]3(c4ccncc4)[NH+]=C(N)N4CC(F)(F)CN=C43)c2)c1F,0.818273663520813,0.036151349544525146,0.0862494707107544,0.012935996055603027,0.014827364683151245
BACE,CC(C)C[C@H](NC(=O)[C@H](CC(N)=O)NC(=O)[C@@H](NC(=O)[C@@H]([NH3+])CCC(=O)[O-])C(C)C)[C@@H](O)[C@@H]1CCC[C@H]1C(=O)N[C@@H](C)C(=O)[O-],0.5709661245346069,0.5709459090030577,0.09295621514320374,0.03825420141220093,0.20244853757321835
BACE,CC(C)[C@H](NC(=O)C[C@H](O)[C@H](COc1cc(F)cc(F)c1)NC(=O)c1cc(C(=O)N[C@H](C)c2ccccc2)cc(N(C)S(C)(=O)=O)c1)C(=O)Nc1cc(C(=O)[O-])cc(C(=O)[O-])c1,0.8527675867080688,0.15587735176086426,0.15212994813919067,0.026708543300628662,0.04009906351566315
BACE,CCc1ccc2c(c1)[C@@H]([NH2+]C[C@@H](O)[C@@H]1Cc3cccc(c3)CCCCCCCC(=O)N1)CC1(CCC1)O2,0.5304686427116394,0.47920943051576614,0.3637884110212326,0.14092779159545898,0.1428478755056858
BACE,CCNc1cc(C(=O)N[C@@H](Cc2ccccc2)[C@H](O)C[NH2+]C(C)(C)CCCC(C)C)cc(N2CCCC2=O)c1,0.37155023217201233,0.25246618688106537,0.45409688353538513,0.0496269166469574,0.22678899480961262
BACE,CC(C)c1cccc(C[NH2+]C[C@@H](O)[C@@H]2C[C@H](C)CCCCCCCCC(=O)N(C)[C@@H](C)C(=O)N2)c1,0.6502600908279419,0.041924238204956055,0.27219754457473755,0.12028700113296509,0.09156399220228195
BACE,C[C@@]1([NH3+])Cc2cccc(c2)CC[C@H](c2ccccc2)NC(=O)c2cc(cc(-c3ccccc3C#N)c2)COC1=O,0.03814301639795303,0.30483075231313705,0.30483075231313705,0.003592349588871002,0.01279254318214953
BACE,CCC[C@H]1CN(Cc2ccc(CN3C(=N)N[C@](CCC4CCCCC4)(CC4CCCCC4)C3=O)cc2)C(=O)N1,0.024903150275349617,0.6006380598992109,0.006760507822036743,0.02427625737618655,0.012801649299217389
BACE,CCN1CCN2CCS(=O)(=O)N(C)c3cc(C(=O)N[C@@H](Cc4ccccc4)[C@H](O)C[NH2+]Cc4cccc(OC)c4)cc1c32,0.7462190985679626,0.7226418908685446,0.17611002922058105,0.06311815977096558,0.04614096581935882
BACE,CCn1ccc2c(N3CCCC3=O)cc(C(=O)N[C@@H](CC3=CC=CCC3)[C@H](O)C[NH2+]Cc3cccc(OC)c3)cc21,0.6061084866523743,0.5847968775779009,0.10829296708106995,0.19130200147628784,0.11391728073358535
BACE,CCc1ccc2c(c1)[C@@H]([NH2+]C[C@@H](O)[C@@H]1Cc3cccc(c3)CCCCCCC(=O)N1)CC1(CCC1)O2,0.4959828555583954,0.45022549107670784,0.012134343385696411,0.1460862159729004,0.13377067409455776
BACE,C[C@@H](NC(=O)c1cc(C(=O)N[C@@H](Cc2ccccc2)[C@H](O)C[NH2+]C2CC2)cc(N(C)S(C)(=O)=O)c1)c1ccccc1,0.4073481857776642,0.33633486926555634,0.008026540279388428,0.20756837725639343,0.14269587863236666
BACE,CC(=O)N[C@@H](Cc1cc(F)cc(F)c1)[C@H](O)C[NH2+][C@@]1(c2cccc(C(C)(C)C)c2)CCc2n[nH]cc2C1,0.17630022764205933,0.6445351839065552,0.35661858320236206,0.020666345953941345,0.08913256684318185
BACE,COc1c(C)cc([C@@]2(c3cccc(-c4cncnc4)c3)N=C(C)C(N)=[NH+]2)cc1C,0.3128294050693512,0.19330978393554688,0.06892889738082886,0.30363669991493225,0.1177689965814352
BACE,C[C@@H](NC(=O)c1cc(-c2nnc([C@](C)([NH3+])Cc3ccccc3)o2)cc(N(C)S(C)(=O)=O)c1)c1ccc(F)cc1,0.010443967767059803,0.20416899304836988,0.005901738535612822,0.003357913810759783,0.005783997126854956
BACE,CCCC[C@H]([NH3+])[C@H](Cc1ccsc1)NC(=O)c1cc(NC[C@H]2C[C@@H]2C)nc(N(C)S(C)(=O)=O)c1,0.902661919593811,0.6722688674926758,0.40530019998550415,0.0022478103637695312,0.03150207102298737
BACE,CCCC[NH2+]C(=O)[C@@H](NC(=O)[C@@H]1CC(=O)C[C@H]1[C@H](O)[C@H](CC(C)C)NC(=O)[C@H](CCSC)NC(=O)[C@H](CC(C)C)NC(C)=O)C(C)C,0.6505163908004761,0.6494082920253277,0.022275984287261963,0.01808476448059082,0.2955046031624079
BACE,CC(=O)N[C@@H](Cc1ccccc1)[C@H](O)C[NH2+][C@H]1CC(C)(C)Oc2sc(CC(C)(C)C)cc21,0.4183094799518585,0.3161734864115715,0.30611512064933777,0.11698636412620544,0.16466286033391953
BACE,CCC[C@H]1SC=C(c2cn[nH]c2)[C@H]1C[C@H](NC1=[NH+]C(C)(C)Cc2cc(Cl)ccc21)C(=O)[O-],0.02157355472445488,0.6395797021687031,0.02152322392066708,0.004575667902827263,0.012169934732264664
BACE,CCCN(CCC)C(=O)c1cc(C)cc(C(=O)N[C@@H](Cc2cc(F)cc(F)c2)[C@H](O)[C@H]2CN(S(=O)(=O)c3ccccc3)CC[NH2+]2)c1,0.6946204900741577,0.14051097631454468,0.10449504852294922,0.01016777753829956,0.08530006110668183
BACE,CCCN(CCC)C(=O)c1cc(C)cc(C(=O)N[C@@H](Cc2cc(F)cc(F)c2)[C@H](O)[C@@H]2[NH2+]CN(Cc3ccccc3)C2=O)c1,0.797269344329834,0.12491512298583984,0.049530029296875,0.011526107788085938,0.07492045164108277
BACE,CCCN(CCC)C(=O)c1cc(C)cc(C(=O)N[C@@H](Cc2cc(F)cc(F)c2)[C@H](O)[C@H]2C[C@@H](OCc3ccccc3)C[NH2+]2)c1,0.6914867162704468,0.1101645827293396,0.1293696165084839,0.009654998779296875,0.1031328096985817
BACE,CCCN(CCC)C(=O)c1cc(C)cc(C(=O)N[C@@H](Cc2cc(F)cc(F)c2)[C@H](O)[C@@H]2[NH2+]CCN(Cc3ccccc3)C2=O)c1,0.8571305274963379,0.10539752244949341,0.11017155647277832,0.008105099201202393,0.04609421193599701
BACE,CCCN(CCC)C(=O)c1cc(C)cc(C(=O)N[C@@H](Cc2cc(F)cc(F)c2)[C@H](O)[C@H]2C[C@@H](Oc3ccccc3)C[NH2+]2)c1,0.8652405738830566,0.4941665828227997,0.10543477535247803,0.007444798946380615,0.07281473577022553
BACE,CC(C)c1cccc(C[NH2+]C[C@@H](O)[C@H](Cc2ccccc2)NC(=O)[C@@H]2CCC[C@H](C(C)(C)N3CCCCC3=O)C2)c1,0.01960708387196064,0.6287931632250547,0.005840941332280636,0.0042188288643956184,0.03846609907632228
BACE,CCc1ccc2c(c1)[C@@H]([NH2+]C[C@@H](O)[C@@H]1Cc3cccc(c3)CCCCn3cc(ccc3=O)C(=O)N1)CC1(CCC1)O2,0.8400764465332031,0.7645264938473701,0.2427855134010315,0.2387745976448059,0.0779579073190689
BACE,CC#Cc1cncc(-c2cccc([C@@]3(c4cc(C)c(=O)n(CC)c4)[NH+]=C(N)c4c(F)cccc43)c2)c1,0.9137841463088989,0.17697405815124512,0.16407251358032227,0.01010584831237793,0.00963393747806549
BACE,CCCCCS(=O)(=O)C[C@@H](NC(=O)c1cccnc1)C(=O)N[C@@H](Cc1cc(F)cc(F)c1)[C@H](O)C[NH2+]Cc1cccc(CC)c1,0.40468767285346985,0.144478440284729,0.3472481667995453,0.11241835355758667,0.1522829007357359
BACE,Cc1ccccc1-c1ccc2nc(N)c(C[C@@H](C)C(=O)N[C@@H]3CCOC(C)(C)C3)cc2c1,0.6568177342414856,0.08224356174468994,0.0924803614616394,0.019207119941711426,0.14173763580620288
druglikeRandom,CN1C(C(=O)NC2=CC=CC=N2)=C(O)C2=C(C=C(Cl)S2)S1(=O)=O,0.3163420855998993,0.6836579144001007,0.29519989155232906,0.6161563098430634,0.3218110649380833
druglikeRandom,[H][C@@]1(CC[C@@]2([H])[C@]3([H])CC=C4C[C@@H](O)CC[C@]4(C)[C@@]3([H])CC[C@]12C)[C@H](C)CCCC(C)C,0.9996154308319092,0.014083623886108398,7.450580596923828e-06,1.7523765563964844e-05,0.001271340250968933
druglikeRandom,CCCCCCCCCCCCCCCCCC[N+](C)(C)CCCCCCCCCCCCCCCCCC,1.0,0.0,0.0,0.0,0.0
druglikeRandom,NC1=C2N=CN([C@H]3C[C@H](O)[C@@H](CO)O3)C2=NC(Cl)=N1,1.0,0.0,0.0,0.0,0.00030991435050964355
druglikeRandom,C[C@@H](NCCCC1=CC(=CC=C1)C(F)(F)F)C1=CC=CC2=CC=CC=C12,0.08553476631641388,0.9103616923093796,0.9088142961263657,0.07629974652081728,0.15924501877743752
druglikeRandom,O=C(COc1ccccc1/C=C1\N=C2CCCCCN2C1=O)N1CCCC1,0.00042772700544446707,0.015020552673377097,7.573544280603528e-06,0.0002633269759826362,0.0002907630318077281
druglikeRandom,CN(C)c1ccc(C[N@H+]2CC[C@@]3(CC2)CN(c2ccccc2)C3=O)cc1,0.0007949876016937196,0.010359192790929228,0.00015414954395964742,0.0002887461450882256,0.00013432812702376395
druglikeRandom,COC(=O)c1cc(OC)c2ccccc2c1OC,0.9073057770729065,0.8899062406271696,0.8713857047259808,0.8835939858108759,0.38200652971863747
druglikeRandom,CCCCc1ccc(NC(=S)N2CCN(c3ccc(OC)cc3)CC2)cc1,0.003180213738232851,0.000789338257163763,0.001341930590569973,0.0013412702828645706,0.0004841397749260068
druglikeRandom,[H][C@]12SCC(C=CC)=C(N1C(=O)[C@@]2([H])NC(=O)[C@H](N)C1=CC=C(O)C=C1)C(O)=O,0.9999608993530273,0.9968966899905354,4.5299530029296875e-06,3.910064697265625e-05,0.04511917009949684
druglikeRandom,CC(C)Cc1ccc([C@H](C)NC(=O)CSc2nnc(N3CCCC3)s2)cc1,0.0006443368038162589,0.0027848008321598172,0.0002879287349060178,0.0001867029641289264,0.00029513329500332477
druglikeRandom,Cc1cccc(C)c1NS(=O)(=O)c1cc(F)ccc1CN1C(=O)c2cccnc2C1=O,0.10296570509672165,0.8930758312344551,0.008231349289417267,0.8394447043538094,0.18278143282514064
druglikeRandom,CCC1=C(NC2CCOCC2)N=C(NC2=CC=C(N3CCC(CC3)N3CCN(C)CC3)C(OC)=C2)C(=N1)C(N)=O,0.9896063208580017,0.009602189064025879,0.015485644340515137,0.004621922969818115,0.003661316633224487
druglikeRandom,FCC(F)(F)F,0.9986280202865601,0.011485934257507324,0.5369845032691956,0.00011831521987915039,0.05299655199050903
druglikeRandom,CCN(CC)CCOCCOC(=O)C(CC)(CC)C1=CC=CC=C1,0.9991863369941711,0.07478475570678711,0.021936416625976562,0.0018956661224365234,0.003218337893486023
druglikeRandom,CCOC1=CC=CC=C1OCC1CNCCO1,0.8140460848808289,0.809081225655973,0.8077835012227297,0.6836936473846436,0.26238729394972327
druglikeRandom,[H]C(CCN(C)C)=C1C2=CC=CC=C2COC2=CC=CC=C12,0.9999866485595703,0.6578647196292877,1.33514404296875e-05,5.602836608886719e-06,0.00026955008506774903
druglikeRandom,CN1C2=C(C=C(Cl)C=C2)C(=NCC1=O)C1=CC=CC=C1,0.9993135929107666,0.9751807730644941,0.9743687473237514,0.02693849802017212,0.3011025503277779
druglikeRandom,CCOC(=O)c1ccc(N2C(=O)C(O)=C(C(=O)c3ccc(OC)cc3)[C@H]2c2ccccc2F)cc1,0.004920782055705786,0.4752018437720835,0.010442439001053572,0.0004409416578710079,0.003926738543668762
druglikeRandom,O=C(Nc1cccc(C(=O)Nc2ccc(F)c(F)c2)c1)c1ccccc1,0.004560878034681082,0.0018340139649808407,0.001013939967378974,0.002171019557863474,0.007351059652864933
druglikeRandom,NC1=CC(=CNC1=O)C1=CC=NC=C1,0.1475406140089035,0.6582372337579727,0.2295655757188797,0.18373607099056244,0.08907671310007573
druglikeRandom,Cc1cccc(NC(=O)[C@H]2Cc3ccccc3C(=O)O2)c1,0.024162067100405693,0.8957399595528841,0.04043565131723881,0.0038959290832281113,0.05304395505227148
druglikeRandom,CC(C)Sc1ccc(CC(=O)NC[C@H](O)c2ccsc2)cc1,0.003837837604805827,0.7070406537968665,0.00010841968469321728,0.0022841577883809805,0.034963791444897654
druglikeRandom,COc1cccc(CN(C(=O)c2oc3cc(C)c(Cl)cc3c2C)[C@@H]2CCS(=O)(=O)C2)c1,0.001605513272807002,0.06770622474141419,0.00011730752885341644,8.548598270863295e-05,0.0004308808041969314
druglikeRandom,Cc1cccc(NC(=O)[C@@H]2CC=CC[C@@H]2C(=O)N2CCCCC2)c1,0.0013720394345000386,0.005448374315164983,0.00019775168038904667,0.006325071561150253,0.0009163319249637425
druglikeRandom,CC[C@]1(O)CC[C@@H](COC)C1,0.3239113986492157,0.29033489525318146,0.2371109426021576,0.16357716917991638,0.137509648129344
druglikeRandom,Cc1cccc(NC(=S)NNC(=O)[C@H](C)Oc2cccc(C#N)c2)c1C,0.006613321602344513,0.7378844544291496,0.009901737794280052,0.0022472236305475235,0.011720074515324086
druglikeRandom,[H][C@](NC(=O)[C@H](CC1=CC=C(OS(O)(=O)=O)C=C1)NC(=O)[C@H](CC(O)=O)NC(=O)[C@H](CCC(N)=O)NC(=O)[C@@H]1CCC(=O)N1)([C@@H](C)O)C(=O)NCC(=O)N[C@@H](CC1=CNC2=CC=CC=C12)C(=O)N[C@@H](CCSC)C(=O)N[C@@H](CC(O)=O)C(=O)N[C@@H](CC1=CC=CC=C1)C(N)=O,1.0,2.0265579223632812e-06,0.0,0.0,5.960464477539063e-09
druglikeRandom,CC[N+](C)(CC)CCOC(=O)C1C2=CC=CC=C2OC2=CC=CC=C12,0.9997263550758362,0.0015654563903808594,2.6524066925048828e-05,9.202957153320312e-05,0.0003168165683746338
druglikeRandom,CCCOC1=C(C=C(C=C1)S(=O)(=O)NCCC1CCCN1C)C1=NC(=O)C2=C(N1)C(CCC)=NN2C,0.9917792677879333,0.8642247915267944,0.0020704269409179688,0.017046570777893066,0.011971673369407654
druglikeRandom,[H][C@@]1(C[C@@](C)(OC)[C@@H](O)[C@H](C)O1)O[C@H]1[C@H](C)[C@@H](O[C@]2([H])O[C@H](C)C[C@@H]([C@H]2O)N(C)C)[C@@](C)(C[C@@H](C)C(=O)[C@H](C)[C@@H](O)[C@](C)(O)[C@@H](CC)OC(=O)[C@@H]1C)OC,1.0,0.0,0.0,0.0,0.0
druglikeRandom,COCC(=O)NC1=C(I)C(C(=O)N(C)CC(O)CO)=C(I)C(C(=O)NCC(O)CO)=C1I,0.9999985694885254,0.01212388277053833,0.006337523460388184,0.0007954239845275879,0.00029289722442626953
druglikeRandom,O=C(c1c[nH]c2ccccc12)N1CC(C(=O)N2CCN(C3CCCCC3)CC2)C1,0.0008202345343306661,0.006129349931143224,0.00010036752792075276,1.1645955964922905e-05,0.00020186753827147185
druglikeRandom,COCCNc1nc(N[C@@H]2CCNC2=O)c2c([nH+]1)CCNCC2,0.025022054091095924,0.96825454197824,0.5508116837590933,0.0142116229981184,0.07903405507386196
druglikeRandom,CC(=O)Nc1c(-c2ccccc2)c(C)nn1-c1ccc(C(=O)NCc2ccc3c(c2)OCO3)cc1,0.0005460833199322224,0.9305774117819965,0.00018158345483243465,4.291068762540817e-07,0.04318650644563604
druglikeRandom,CSc1cccc(NC(=O)Nc2cccn3c(C)nnc23)c1,0.0011731900740414858,0.8776871643494815,0.0016303323209285736,0.0001300398726016283,0.0004032486875075847
druglikeRandom,O=[N+]([O-])c1cc(Cl)cc(/C=N/[C@@H]2CCN(CC(F)(F)F)C2)c1O,0.040972378104925156,0.9590270258486271,0.9587964154779911,0.030939947813749313,0.08829880570992828
druglikeRandom,[H][C@@]12CN(C[C@]1([H])[C@H]2N)C1=NC2=C(C=C1F)C(=O)C(=CN2C1=C(F)C=C(F)C=C1)C(O)=O,0.9591735601425171,0.9502851162105799,0.05198633670806885,0.03578603267669678,0.03746521174907684
druglikeRandom,Cc1ccccc1NC(=O)[C@@H](C)n1nc(Cc2ccccc2)c2ccccc2c1=O,0.13587573170661926,0.6748981773853302,0.5716955363750458,0.12790008261799812,0.1805965517181903
druglikeRandom,CCN(CC)C1=CC=C(C=C1)C(C1=CC=CC=C1)=C1C=CC(C=C1)=[N+](CC)CC,0.9860175251960754,0.008517682552337646,0.8742078319191933,0.00562596321105957,0.04988349266350269
druglikeRandom,C[N@H+]1CCC[C@@H]1CCN1CCc2onc(-c3cccc4ccccc34)c2C1,0.07070969045162201,0.9292264133691788,0.874924972653389,0.8532454520463943,0.35975625236460473
druglikeRandom,O=C(c1ccccc1[N+](=O)[O-])N1CCN(c2[nH+]ccn2-c2ccccc2F)CC1,0.002841355511918664,0.021261678775772452,0.0012243107194080949,6.0086604207754135e-06,0.0006672706978861243
druglikeRandom,COC1=CC(O)=C(C=C1)C(=O)C1=CC=CC=C1,0.9943401217460632,0.9695949554443359,0.014720320701599121,0.05257946252822876,0.04238451421260834
druglikeRandom,NCC(CC(O)=O)C1=CC=C(Cl)C=C1,0.9999831914901733,0.2797281742095947,1.3113021850585938e-05,0.00045621395111083984,0.02622285485267639
druglikeRandom,O=C(NC1CCCCC1)c1c[nH]c2ccc(S(=O)(=O)Nc3cccc(C(F)(F)F)c3)cc2c1=O,0.3296365439891815,0.6702610552310944,0.6700713336467743,0.1543397754430771,0.33134883642196655
druglikeRandom,Cc1c(NC(=O)COc2ccc(Br)cc2)cccc1-c1nc2ncccc2o1,0.0018512628739699721,0.0014782656216993928,0.0001891015563160181,0.0008962779538705945,0.00047917562769725917
druglikeRandom,CN(C)C1=NC(=NC(=N1)N(C)C)N(C)C,0.7895967364311218,0.2044416069984436,0.4485187530517578,0.4164813756942749,0.08715724349021911
druglikeRandom,CC(CNC1CCCCC1)OC(=O)C1=CC=CC=C1,0.9729915857315063,0.9647790463641286,0.961154667660594,0.12891942262649536,0.09960942808538675
druglikeRandom,O=C(Nc1ccc(OC(F)F)cc1)[C@H]1CCCN1C(=O)C12C[C@H]3C[C@@H](C1)C[C@@H](C2)C3,0.04836983606219292,0.6905214674770832,0.007544364780187607,0.042669250164180994,0.047063026891555636
druglikeRandom,CCCNS(=O)(=O)NC1=C(C(OCCOC2=NC=C(Br)C=N2)=NC=N1)C1=CC=C(Br)C=C1,0.002311103045940399,0.8715388849377632,0.14895116537809372,0.0010216815862804651,0.017251044849399478
druglikeRandom,[H][C@@]12CCCC[C@@]11CCN(CC=C)[C@@H]2CC2=C1C=C(O)C=C2,0.999594509601593,0.9558912739157677,0.00010961294174194336,0.00014472007751464844,0.024541035294532776
druglikeRandom,CSc1ccc(N2C[C@@H](C(=O)NCCCOC3CCCCC3)CC2=O)cc1,0.0007012218120507896,0.7754986554500647,3.059080336242914e-05,0.0017078433302231133,0.00022664408752461895
druglikeRandom,OC1=CC=C2C(OC3=CC(O)=CC=C3C22OC(=O)C3=C2C=CC=C3)=C1,0.9973811507225037,0.687672883272171,0.0035956501960754395,0.002586662769317627,0.0674274280667305
druglikeRandom,CCOP(=O)(OCC)SCC[N+](C)(C)C,1.0,0.0002192854881286621,0.0,0.0,0.00016351640224456787
druglikeRandom,CC[C@H](C)Oc1ccc(NC(=O)[C@H](NC(N)=O)[C@H](C)CC)cc1,0.27766653895378113,0.7216288149356842,0.7219371497631073,0.2531760632991791,0.23941830275580286
druglikeRandom,[H][C@@]12CSSC[C@H](NC(=O)CNC(=O)[C@@]([H])(NC(=O)[C@]([H])(CSSC[C@H](NC(=O)[C@H](CCC(O)=O)NC(=O)[C@H](CC(O)=O)NC(=O)[C@@H](N)CC(N)=O)C(=O)N[C@@H](CCC(O)=O)C(=O)N[C@@H](CC(C)C)C(=O)N1)NC(=O)[C@H](C)NC(=O)[C@@H](NC(=O)[C@H](CC(N)=O)NC(=O)[C@@H](NC2=O)C(C)C)C(C)C)[C@@H](C)O)C(=O)N[C@@H](CC(C)C)C(O)=O,1.0,0.0,0.0,0.0,0.0
druglikeRandom,COc1ccc(C2(CNC(=O)c3ccc(Br)cc3)CCCC2)cc1,0.004473064094781876,0.024195315316319466,0.0005572829395532608,0.0001630266197025776,0.000593618571292609
druglikeRandom,OC1=CC=C(C=C1)C1(OC(=O)C2=CC=CC=C12)C1=CC=C(O)C=C1,0.9984118938446045,0.9940097643993795,2.9325485229492188e-05,0.0009605288505554199,0.0013505935668945313
druglikeRandom,CC(C)Cn1c([C@@H](C)NC(=S)Nc2ccccc2F)nc2cc(C(=O)O)ccc21,0.0025119376368820667,0.4702018606476486,0.1588476556353271,0.00014917226508259773,0.000635772617533803
druglikeRandom,COC(=O)[C@H](CC(C)C)NC(=O)CCCCCCCCC=C,0.09102935343980789,0.8957236334681511,0.524770013988018,0.005618952214717865,0.07113784719258547
druglikeRandom,OC(=O)COC(=O)CC1=CC=CC=C1NC1=C(Cl)C=CC=C1Cl,0.9964240193367004,0.6918236017227173,0.7758744955062866,0.004381656646728516,0.027644473314285278
druglikeRandom,CCCCCCCCCCCCCC(=O)OCC(COP([O-])(=O)OCC[N+](C)(C)C)OC(=O)CCCCCCCCCCCCC,1.0,0.0,0.0,0.0,0.0
druglikeRandom,COC1=CC2=C(SC3=C(C=CC=C3)N2C[C@H](C)CN(C)C)C=C1,1.0,0.19471454620361328,1.3113021850585938e-06,9.775161743164062e-06,1.609325408935547e-07
druglikeRandom,Cc1occc1C(=O)NNC(=S)N[C@@H]1CCCC[C@@H]1C,0.006497072987258434,0.7733250977471471,0.00037720100954174995,0.00041148578748106956,0.03627550299279392
druglikeRandom,N#Cc1ccc(OCC(=O)Nc2ccc(N3CCCC3)cc2)cc1,0.017156701534986496,0.7305862493813038,0.01186275202780962,0.005891553126275539,0.021185026853345335
druglikeRandom,O=C(O)[C@H]1CC=CC[C@@H]1C(=O)Nc1nc2c(s1)CCCC2,0.058426935225725174,0.9043992571532726,0.9397333674132824,0.016824178397655487,0.02517796610482037
druglikeRandom,O[C@@H](CNCCCCC1=CC=C(O)C=C1)C1=CC(O)=C(O)C=C1,0.999427318572998,0.9694736804813147,0.17200064659118652,0.00026535987854003906,0.020741063356399535
druglikeRandom,CC(C)COCCC(=O)OCc1coc(-c2ccccc2)n1,0.007783584762364626,0.0006429394707083702,0.00010073045268654823,0.00259706424549222,0.000990488869138062
druglikeRandom,NC1=CC=NC=C1,0.9999654293060303,0.6098628640174866,0.5557685494422913,6.127357482910156e-05,0.31506446599960325
druglikeRandom,C[C@H](CS)C(=O)N1CCC[C@H]1C(O)=O,0.8996361494064331,0.00823301076889038,0.13567781448364258,0.013671934604644775,0.23956339210271835
druglikeRandom,CN1CCC(CC1)C(=O)C1=CC=CC(NC(=O)C2=C(F)C=C(F)C=C2F)=N1,0.42929720878601074,0.5520109534263611,0.42203047638759017,0.422211108263582,0.3122792895883322
druglikeRandom,[H][C@@]12CC[C@@](O)(C#C)[C@@]1(CC)CC[C@]1([H])[C@@]3([H])CCC(=O)C=C3CC[C@@]21[H],0.9998682737350464,0.9163901135325432,0.003565669059753418,2.1576881408691406e-05,0.003737333416938782
druglikeRandom,Nc1nc(N2CCC[C@](CO)(CCc3ccccc3)C2)c2cn[nH]c2n1,0.09801822155714035,0.08231891132891178,0.09218503953889012,0.03040517121553421,0.04929744976107031
druglikeRandom,COC1=C(C=C(C=C1C1=CC2=CC=C(NS(C)(=O)=O)C=C2C=C1)N1C=CC(=O)NC1=O)C(C)(C)C,0.999971866607666,0.03084510564804077,0.0006444454193115234,1.9073486328125e-05,0.000304606556892395
druglikeRandom,Cn1cc(C[C@H]2[C@H](N(C)C)CCN2Cc2cccc(F)c2)cn1,0.22962689399719238,0.6854507327079773,0.6619162559509277,0.05608019232749939,0.1769565446767956
druglikeRandom,CCn1nc(C)c(CN/C(=N\C(=O)c2ccc(C)c(F)c2)Nc2cccc(C)c2)c1C,0.6598523855209351,0.6596044926845934,0.6569700795225799,0.1782931685447693,0.16898259595036508
druglikeRandom,C[C@@H]1C[C@@H](C)CN(C[C@@H](C)NC(=O)NCc2ccnc(-n3cccn3)c2)C1,0.008038444444537163,0.9782011676579714,0.001213597133755684,0.0031895749270915985,0.011665293818805367
druglikeRandom,CCN1C=CC(NS(=O)(=O)C2=CC=C(N)C=C2)=NC1=O,0.9994832277297974,0.9883771194145083,0.011560142040252686,0.00638657808303833,0.10808953046798705
druglikeRandom,COC1=C(C=C2C(OC3=CC=C(NC(=O)NC4CC4)C(Cl)=C3)=CC=NC2=C1)C(N)=O,0.9747127294540405,0.9444642830640078,0.01441037654876709,0.007229506969451904,0.056933453679084776
druglikeRandom,Cc1cc([C@H](C)N[C@H](C)c2ccc(-n3cncn3)cc2)c(C)o1,0.0011296990560367703,0.009466224233619869,0.0001616470981389284,3.5850913263857365e-05,0.00042673859861679374
druglikeRandom,O=C(NC[C@@H](c1cccnc1)N1CCOCC1)[C@H]1C=C(C2CC2)N=N1,0.002710681641474366,0.00063501694239676,0.0002720740158110857,0.0012043163878843188,0.0004929593938868493
druglikeRandom,CCC(=O)NCC[C@@H]1CCC2=C1C1=C(OCC1)C=C2,0.01972750946879387,0.9483376331627369,0.02031952515244484,0.003652796149253845,0.05605637868866324
druglikeRandom,CC(=O)CC(C1=CC=CC=C1)C1=C(O)C2=C(OC1=O)C=CC=C2,0.8990840315818787,0.8868911853060126,0.888045184314251,0.09393501281738281,0.16899813059717417
druglikeRandom,CCCC[C@H](CC)CNC(=O)Nc1ccc(NC(=O)[C@@H]2CCCO2)cc1,0.002368601504713297,0.931581465061754,8.00515990704298e-05,0.001271120272576809,0.0008436903706751763
druglikeRandom,N1C2=CC=CC=C2N=C1C1=CSC=N1,0.16508248448371887,0.7603332102298737,0.8343910276889801,0.7787378132343292,0.13019979000091553
druglikeRandom,C[C@H]1NN(C)c2[nH+]cc(NC(=O)CCC3=c4ccccc4=NC3)cc21,0.0038303632754832506,0.30589203047566116,0.42338160681538284,0.00163160334341228,0.09737222851836122
druglikeRandom,COC(=O)C1=C(C)NC2=C(C(=O)c3ccccc32)[C@@H]1c1ccccc1Br,0.0027148134540766478,0.9925112121272832,0.0006431173533201218,0.0016138581559062004,0.009062139882007613
druglikeRandom,CCC1(C)OC(=O)N(C)C1=O,0.3352087140083313,0.5442577600479126,0.35451751947402954,0.2177490070462227,0.14603694304823875
druglikeRandom,O=C1C[C@H](C(=O)N2CCCc3cccc(OC(F)F)c32)CN1Cc1ccco1,0.001998036867007613,0.011523600900545716,3.7390273064374924e-05,0.0003594983136281371,0.0009881334030069412
druglikeRandom,Cc1cn2nc(NCCS(=O)(=O)N3CCSCC3)sc2n1,0.001626348472200334,0.010913334437645972,0.0005176810082048178,0.0003805594751611352,0.002892423505545594
druglikeRandom,CCOCCP(CCOCC)CCP(CCOCC)CCOCC,0.9999715089797974,2.0742416381835938e-05,2.2649765014648438e-06,1.6689300537109375e-06,3.7491321563720702e-06
druglikeRandom,[H][C@]12C[C@@H](OC(=O)C3=CC(OC)=C(OC)C(OC)=C3)[C@H](OC)[C@@H](C(=O)OC)[C@@]1([H])C[C@@]1([H])N(CCC3=C1NC1=CC=CC=C31)C2,0.9617650508880615,0.881338082253933,0.012399852275848389,0.015023231506347656,0.016340014338493348
druglikeRandom,C[C@H]1OC(C)(C)N(C(=O)OC(C)(C)C)[C@H]1C(=O)NCc1ccc[nH+]c1N1CCCCC1,0.931814432144165,0.9314328053442296,0.9313083688612096,0.04048401117324829,0.09846007274463772
druglikeRandom,CC1(C)O[C@@H]2C[C@H]3[C@@H]4C[C@H](F)C5=CC(=O)CC[C@]5(C)[C@H]4[C@@H](O)C[C@]3(C)[C@@]2(O1)C(=O)CO,0.9999996423721313,0.005534112453460693,1.895427703857422e-05,3.5762786865234375e-07,0.00021887123584747316
druglikeRandom,CCOC(N)=O,0.9999982118606567,0.0014307498931884766,0.001598656177520752,0.0002663731575012207,0.000700831413269043
druglikeRandom,CC(C)(OC1=CC=C(C=C1)C(=O)C1=CC=C(Cl)C=C1)C(O)=O,0.9945344924926758,0.5662469267845154,0.001096189022064209,0.0011188983917236328,0.0034666478633880613
druglikeRandom,Cc1cccc(NC(=O)[C@@H](C)Sc2nc(C3CC3)n(-c3ccccc3)n2)c1,0.0013782561291009188,0.1522375016938895,3.4519354812800884e-05,4.122336395084858e-05,0.00027805969002656636
druglikeRandom,CC1=NOC(NS(=O)(=O)C2=C(SC=C2)C(=O)CC2=CC3=C(OCO3)C=C2C)=C1Cl,0.9693911671638489,0.967222232138738,0.01682591438293457,0.027086853981018066,0.10767935533076525
druglikeRandom,CCCNC(C)C(=O)NC1=CC=CC=C1C,0.1733061671257019,0.034340277314186096,0.13316025212407112,0.08932194113731384,0.07705093459226191
druglikeRandom,CC(C)CCNC(=O)COC(=O)c1ccc2ncsc2c1,0.019790180027484894,0.9773719236254692,0.07459622621536255,0.005147675983607769,0.07632720856927336
druglikeRandom,NCC(O)=O,1.0,0.0429004430770874,0.01436549425125122,0.0,0.002504187822341919
druglikeRandom,O=C1COc2ccc(OC(F)(F)F)cc21,0.9505141973495483,0.8934049904346466,0.04794716835021973,0.25320541858673096,0.17195859029889107
druglikeRandom,CS(=O)(=O)c1ccc(N2CCN([C@@H]3CC(=O)N(c4ccc5c(c4)OCO5)C3=O)CC2)cc1,0.013700040057301521,0.29430156759917736,0.0038991346955299377,0.0016748998314142227,0.007938329118769617
druglikeRandom,Fc1ccc(F)c(CN[C@H]2CCCOc3ccc(F)cc32)c1,0.0023871762678027153,0.14968146849423647,0.005961599759757519,0.000566263566724956,0.0008113440417218953
druglikeRandom,COc1ccc(OC)c(/C=C/[C@@]23NC(=O)CCN2c2ccccc2C3(C)C)c1,0.01931997574865818,0.952344274148345,0.5507249590009451,0.00939310435205698,0.06480638723005541
druglikeRandom,C#CCN1CCC(C(=O)NCC2(c3ccc4c(c3)OCO4)CCCCC2)CC1,0.8706023693084717,0.8621970973908901,0.15131384134292603,0.02058190107345581,0.24522481532767415
druglikeRandom,COC(=O)CCC(=O)CN,0.9379571080207825,0.6024746298789978,0.5382942259311676,0.11967313289642334,0.12417403012514114
druglikeRandom,COc1ccc(CC(=O)Nc2cc(-c3cn4nc(OC)ccc4n3)ccc2Cl)cc1,0.0038409014232456684,0.9942999104969203,0.0015090033411979675,0.0013617645017802715,0.004853158764308319
druglikeRandom,CCOC1=C(OCC)C=C(\C=C2/NCCC3=CC(OCC)=C(OCC)C=C23)C=C1,0.012846231460571289,0.9847217202186584,0.0037392238155007362,0.0163107980042696,0.004464386031031609
druglikeRandom,CC1=CC(OCCCC(C)(C)C(O)=O)=C(C)C=C1,0.7210996150970459,0.7109973523765802,0.5888663977384567,0.2677004337310791,0.24853465836495162
druglikeRandom,CN1C(C(=O)NC2=CC=CC=N2)=C(O)C2=C(C=CS2)S1(=O)=O,0.07597684115171432,0.9240225628018379,0.9134065583348274,0.7841651514172554,0.09144504456780851
druglikeRandom,CCN(CC)CCCC(C)NC1=C2C=CC(Cl)=CC2=NC=C1,0.9709241390228271,0.9461675975471735,0.5791741907596588,0.656894326210022,0.3193083954975009
druglikeRandom,CCc1cnn2c(=O)cc(-c3ccccc3OC)[nH]c12,0.012630870565772057,0.15956873632967472,0.030633175745606422,0.009474645834416151,0.006547298340592533
druglikeRandom,CC(O)=NC1=C(I)C(C(O)=NCCO)=C(I)C(C(O)=O)=C1I,1.0,0.0,0.0,0.0,0.0
druglikeRandom,CC(C)C1=CC=CC(C(C)C)=C1OCOP(O)(O)=O,0.9947060942649841,0.0052762627601623535,0.0001819133758544922,0.0013830065727233887,0.0012776881456375122
druglikeRandom,CN(C)CCN1C2=CC=CC=C2N(C)C2=CC=CC=C2C1=O,0.9992141723632812,0.9826272092759609,0.961767204105854,0.014043033123016357,0.0027838706970214843
druglikeRandom,Cc1ccc(Cl)cc1NC(=O)c1cnc2c(-c3ccc(F)cc3)c(C)nn2c1C,0.0011221686145290732,0.8370513400295749,9.79291507974267e-05,0.002296351478435099,0.030131592584075405
druglikeRandom,FC(F)(F)COCCC[N@H+]1CCCSCC1,0.008858325891196728,0.9812641711905599,0.002773812972009182,0.0013548745773732662,0.03889386396622285
druglikeRandom,O=C(Cc1ccccc1F)N1CCN(C(=O)NC2CCCC2)CC1,0.0020237872377038,0.08029580023139715,0.0003290437161922455,6.28975685685873e-05,0.00070799455861561
druglikeRandom,COC1=CC(O)=C(C=C1)C(=O)C1=CC=CC=C1O,0.9980906844139099,0.9544871337711811,0.0010125041007995605,0.02242755889892578,0.0892473015934229
druglikeRandom,CC(C)NC1=C(N=CC=C1)N1CCN(CC1)C(=O)C1=CC2=C(N1)C=CC(NS(C)(=O)=O)=C2,0.003184821456670761,0.7054123617708683,0.0016756795812398195,0.0029131602495908737,0.0034414421214023607
druglikeRandom,CC(C)COC[C@H](O)CNCc1cnn(-c2ccccc2)c1,0.013570143841207027,0.33095888886600733,0.015059162862598896,0.0025077378377318382,0.06270397242624312
druglikeRandom,CCc1n[nH]c(S[C@@H](C)C(=O)NCc2ccccc2F)n1,0.0027297516353428364,0.007464419584721327,0.00013832375407218933,0.0004377821460366249,0.0008121733204461634
druglikeRandom,CSC[C@@H](C)NC(=O)N[C@@H](C(N)=O)c1ccccc1,0.015786129981279373,0.9377140812575817,0.027748581022024155,0.001043219119310379,0.0033653233898803593
druglikeRandom,ClC1=CC=C2N=C3NC(=O)CN3CC2=C1Cl,0.9999778270721436,0.8143613040447235,0.007659196853637695,2.2172927856445312e-05,0.09576744548976421
druglikeRandom,Cc1cc(C)n(CCN2CCCN(S(=O)(=O)c3ccc4c(c3)CCCC4)CC2)n1,0.000557487306650728,0.06916550785535946,0.00014682934852316976,6.443727761507034e-05,5.2254715410526845e-05
druglikeRandom,CC[C@H]1C[N@@H+](Cc2ccc(O[C@@H](C)C(=O)OC)cc2)C[C@H](C)O1,0.0010863934876397252,0.001550982822664082,3.683171235024929e-05,0.0004091139999218285,0.0005107765406137333
druglikeRandom,[H]C1=NOC(=C1C(=O)C1=C(C([H])=C(C([H])=C1[H])C(F)(F)F)S(=O)(=O)C([H])([H])[H])C1([H])C([H])([H])C1([H])[H],0.6125867962837219,0.5986609039828181,0.5959009435027838,0.06891590356826782,0.20453392881900073
druglikeRandom,CCCc1c[nH+]c(C)nc1NCC(=O)NC(C)(C)C,0.0038888445124030113,0.008444746024906635,0.00018382957205176353,0.0009588173124939203,0.0029913052101619543
druglikeRandom,N[C@@H](CS)C(O)=O,1.0,0.0,0.0,0.0,1.1980533599853516e-06
druglikeRandom,Cn1cc(NC(=O)/C=C/c2ccc(-c3cccc(Br)c3)s2)cn1,0.0031296471133828163,0.005621463060379028,0.0009258193895220757,0.0007775814738124609,0.001086380606284365
druglikeRandom,CC(=O)c1nn(-c2cccc(Cl)c2)cc1C(=O)c1cccs1,0.0529848113656044,0.9394930228590965,0.040239863097667694,0.018370352685451508,0.11551984078250825
druglikeRandom,CCC1=CC(=CC=C1CN1CC(C1)C(O)=O)C(\C)=N\OCC1=CC=C(C2CCCCC2)C(=C1)C(F)(F)F,0.44136664271354675,0.4246094524860382,0.322156697511673,0.30930764973163605,0.2108414651826024
druglikeRandom,NC1=CC=C(C=C1)S(=O)(=O)NC1=CC=NN1C1=CC=CC=C1,0.98401939868927,0.9796552560292184,0.6854878664016724,0.01586925983428955,0.2242934826761484
druglikeRandom,C[C@H]1CC[N@H+](CCCNC(=O)CCNS(=O)(=O)c2cccs2)CC1,0.00039427331648766994,0.7402141804341227,8.2416896475479e-05,0.00023833825252950191,0.0002182637239457108
druglikeRandom,CCN(CC)CC(=O)NC1=C(C)C=CC=C1C,0.0342535600066185,0.11155567318201065,0.3125960901379585,0.013587208464741707,0.010428777802735567
druglikeRandom,C[C@@H]1O[C@@H]1P(O)(O)=O,1.0,7.62939453125e-05,1.3828277587890625e-05,8.344650268554688e-07,4.83095645904541e-05
druglikeRandom,CN(C)CCOC(C)(C1=CC=CC=C1)C1=CC=CC=N1,1.0,0.020965218544006348,0.0,3.4570693969726562e-06,0.0005142778158187866
druglikeRandom,CCN(CCO)C(=O)c1ccc(F)cc1Cl,0.058056846261024475,0.9354488700628281,0.00289163738489151,0.023750223219394684,0.13639871971681714
druglikeRandom,COc1cc(Nc2ncc3c(n2)CCN(Cc2cccc(Br)c2)C3)cc(OC)c1,0.017809903249144554,0.8860045317560434,0.10532173700630665,0.01592026383150369,0.049845691997325046
druglikeRandom,NC1=NC(=O)C2=C(N1)N(COCCO)C=N2,1.0,0.33794498443603516,0.0,0.0027934908866882324,0.10756394863128663
druglikeRandom,CCCCC1=NC(Cl)=C(CO)N1CC1=CC=C(C=C1)C1=CC=CC=C1C1=NNN=N1,0.8978744745254517,0.896298497216776,0.8938382263295352,0.05315601825714111,0.18730024611577392
druglikeRandom,Cc1cc(Br)cc(C)c1NC(=O)c1cccs1,0.01751604676246643,0.017541956156492233,0.02180231735110283,0.0007472317665815353,0.007408281369134784
druglikeRandom,COc1ccc(OC)c([C@@H](C)NC(=O)C[N@H+]2CCC[C@@H]2c2ccc3c(c2)OCCO3)c1,0.00046451386879198253,0.0893603712611366,5.7318597100675106e-05,0.00015461206203326583,0.00026417374465381727
druglikeRandom,COC(=O)[C@@H]1C[C@H](O)C[N@@H+]1CCn1cccn1,0.0047811949625611305,0.8026228463277221,0.0007529668509960175,0.0008767477702349424,0.07002939272206277
druglikeRandom,[H]\C(=C(\[H])C1=CC(OC)=C(O)C=C1)C(=O)OCC,0.9345700144767761,0.9215094679966569,0.016495048999786377,0.5805366039276123,0.2910730016417801
druglikeRandom,O=C(Nc1ccc([N+](=O)[O-])cn1)C(Cl)(Cl)Cl,0.5844860672950745,0.3927221894264221,0.38860471546649933,0.4154379963874817,0.32991546019911766
druglikeRandom,[H][C@]1(C)C[C@@]2([H])[C@]3([H])CCC4=CC(=O)C=C[C@]4(C)[C@@]3([H])C(=O)C[C@]2(C)[C@@]1(O)C(=O)CO,1.0,6.878376007080078e-05,0.00044804811477661133,0.0,1.3384222984313966e-05
druglikeRandom,OCC1(CO)O[C@H](O)[C@@H](O)O1,1.0,0.0,0.0,0.0,0.0
druglikeRandom,COc1cccc(CC(=O)OCC(=O)Nc2c(C)cccc2C)c1,0.010385687462985516,0.3651936398819089,0.0005553402006626129,0.0022370731458067894,0.006725661433301866
druglikeRandom,CCOC(=O)C1(CCN(CCC2=CC=C(N)C=C2)CC1)C1=CC=CC=C1,0.9997748732566833,0.599000871181488,0.03376370668411255,6.777048110961914e-05,0.004587343335151673
druglikeRandom,CC1(C)OC[C@H](COC(=O)[C@@H]2CCC[N@H+]2Cc2ccccc2)O1,0.8897789120674133,0.8875816788058728,0.888745773001574,0.004454493522644043,0.11074766367673874
druglikeRandom,CCN(C(=O)C=CC)C1=CC=CC=C1C,0.025288140401244164,0.008255841210484505,0.00521271675825119,0.013529474847018719,0.014240670390427113
druglikeRandom,COc1ccccc1-n1c(SCC(=O)OC(C)(C)C)nc2ccccc2c1=O,0.005858646705746651,0.9772167336195707,0.0027015330269932747,0.003998743835836649,0.006899363186676055
druglikeRandom,O=C(Cn1cnc2ccccc2c1=O)Nc1n[nH]c(-c2ccco2)n1,0.001766473171301186,0.0016705639427527785,0.00036539684515446424,0.0008624213514849544,0.00031924914801493285
druglikeRandom,CC1=C(S(=O)(=O)Nc2ccc(F)c(F)c2)[C@H](C)N=N1,0.009523596614599228,0.0033782455138862133,0.0008510388433933258,0.005156258121132851,0.002790245460346341
druglikeRandom,O=C1CC2(CCCC2)CC(=O)N1CCCCN1CCN(CC1)C1=NC=CC=N1,0.016350440680980682,0.8872940614819527,0.010547710582613945,0.12124713510274887,0.022325137676671148
druglikeRandom,Cc1cc(-c2ccccc2)nc(SCC(=O)N[C@@H]2CCCC[C@@H]2C)n1,0.005669249687343836,0.003986144904047251,0.28198973974213004,0.0009947982616722584,0.0024419646826572715
druglikeRandom,[H][C@@]12CCCC[C@@]11CCN(C)[C@@H]2CC2=C1C=C(O)C=C2,0.9995903372764587,0.1289452314376831,6.729364395141602e-05,0.000232696533203125,0.004495415091514588
druglikeRandom,Cc1cc(NC(=O)c2cccc(OCc3cccc(Cl)c3)c2)n([C@H]2CCS(=O)(=O)C2)n1,0.00037812243681401014,0.9770292137982324,7.151014870032668e-06,0.01068321440834552,0.0002150001731934026
druglikeRandom,BrC1=C(NC2=NCCN2)C=CC2=NC=CN=C12,0.9278736710548401,0.813083752989769,0.8079972416162491,0.0032923221588134766,0.2283566202968359
druglikeRandom,CC1(C)C[C@@H]1C(=O)N\C(=C/CCCCSC[C@H](N)C(O)=O)C(O)=O,0.9526718258857727,0.1537240743637085,0.03815120458602905,0.0013283491134643555,0.04682002365589142
druglikeRandom,[H][C@@]12CC[C@](O)(C(=O)OCCl)[C@@]1(C)C[C@H](O)[C@@]1([H])[C@@]2([H])CCC2=CC(=O)C=C[C@]12C,1.0,0.05366528034210205,0.00010061264038085938,0.0,0.0001070559024810791
druglikeRandom,OC(C1CCCCN1)C1=CC(=NC2=C1C=CC=C2C(F)(F)F)C(F)(F)F,0.9999607801437378,0.14973467588424683,0.0008285641670227051,0.00010478496551513672,0.005675384402275085
druglikeRandom,O=C(Cc1ccc(-c2ccccc2)cc1)Nc1nc(-c2ccccc2)c(-c2ccccc2)o1,0.006218872964382172,0.9926119819283485,0.0003421991132199764,0.862124003469944,0.08393951687030494
druglikeRandom,O=C(c1ccccc1)N1CCN2C(=O)N(C3CCCCC3)C(=O)[C@@H]2C1,0.004123900085687637,0.5936983488500118,0.00023379549384117126,0.018531644716858864,0.0018495525699108839
druglikeRandom,C[C@@H](OC[C@]1(CC[C@]2(CCC(=O)N2)CN1)C1=CC=CC=C1)C1=CC(=CC(=C1)C(F)(F)F)C(F)(F)F,0.602371871471405,0.5734104383736849,0.5862851496785879,0.4246223568916321,0.22719916589558126
druglikeRandom,CC(C)[C@@H]1CC[C@@H](C)C[C@H]1OC(=O)C1=CC=CC=C1O,0.9699772596359253,0.9559524031355977,7.104873657226562e-05,0.0016582012176513672,0.05798168010078371
druglikeRandom,CC(C)[C@H](N1CCCNC1=O)C(=O)N[C@H](C[C@H](O)[C@H](CC1=CC=CC=C1)NC(=O)COC1=C(C)C=CC=C1C)CC1=CC=CC=C1,0.9676700830459595,0.004473984241485596,0.11657178401947021,0.00318831205368042,0.009945261478424072
druglikeRandom,O=C(O[C@H]1[C@H](OC(=O)C2=CC=CN=C2)[C@@H](OC(=O)C2=CC=CN=C2)[C@H](OC(=O)C2=CC=CN=C2)[C@H](OC(=O)C2=CC=CN=C2)[C@@H]1OC(=O)C1=CC=CN=C1)C1=CC=CN=C1,0.997006356716156,0.046945273876190186,0.0004718303680419922,0.0003402829170227051,0.003442949056625366
druglikeRandom,CN(CC(O)=O)C(N)=N,1.0,0.0,0.0,0.0,0.0
druglikeRandom,C[C@@H](O)[C@@H]1NC(=O)[C@H](CC2=CC=CC=C2)NC(=O)[C@@H](NC(=O)[C@H](CCCCN)NC(=O)[C@H](CC2=CNC3=C2C=CC=C3)NC(=O)[C@H](CC2=CC=CC=C2)NC(=O)[C@H](CC2=CC=CC=C2)NC(=O)[C@H](CC(N)=O)NC(=O)[C@H](CCCCN)NC(=O)[C@H](CSSC[C@H](NC(=O)[C@H](CO)NC1=O)C(O)=O)NC(=O)CNC(=O)[C@H](C)N)[C@@H](C)O,1.0,0.0,0.0,0.0,0.0
druglikeRandom,CNCCC=C1C2=CC=CC=C2CCC2=CC=CC=C12,1.0,0.9024035036563873,1.1920928955078125e-07,0.0,0.0004509657621383667
druglikeRandom,CCOC(=O)C(C)(C)OC1=CC=C(Cl)C=C1,0.1118902713060379,0.08357340097427368,0.010585509240627289,0.004264466464519501,0.11047447016462683
druglikeRandom,OC(=O)[C@@H]1CCC(=O)N1,0.9847961664199829,0.010455727577209473,0.004472136497497559,0.01436758041381836,0.08172631561756134
druglikeRandom,NC1=CC2=NC3=C(C=CC(N)=C3)C=C2C=C1,1.0,0.9103342741727829,0.0,1.0132789611816406e-05,0.009021684527397156
druglikeRandom,[H][C@@]12CC[C@](O)(C(=O)COC(C)=O)[C@@]1(C)CC(=O)[C@@]1([H])[C@@]2([H])CCC2=CC(=O)C=C[C@]12C,0.9999997615814209,0.16947954893112183,5.7220458984375e-06,1.1920928955078125e-07,3.115832805633545e-05
druglikeRandom,COc1ccc(Br)cc1/C=C/C(=O)c1cccs1,0.01344077568501234,0.1293903859332204,0.010101824067533016,0.0013548536226153374,0.01065523005090654
druglikeRandom,CCCSC1=CC2=C(C=C1)N=C(NC(=O)OC)N2,0.12348300963640213,0.7654857560992241,0.3139445409178734,0.017013154923915863,0.12625766545534134
druglikeRandom,CN1CCC(CC1)=C1C2=CC=CC=C2SC2=CC=CC=C12,1.0,0.012580454349517822,0.0,5.4836273193359375e-06,0.0003785103559494019
druglikeRandom,CC(CN1CCCCC1)CC1=CC=C(C=C1)C(C)(C)C,0.9902426600456238,0.9839351368136704,0.8317874372005463,0.0027776360511779785,0.13901056051254274
druglikeRandom,NC1=CC=C(C=C1)C(=O)NCC(O)=O,0.9651694297790527,0.8657752200961113,0.8141735047101974,0.022808313369750977,0.2886685535311699
druglikeRandom,O=C1N[C@H](c2cccc(Br)c2)c2c1oc1ccc(Cl)cc1c2=O,0.06329425424337387,0.9007421508431435,0.0002824366092681885,0.00649610161781311,0.040987356938421725
druglikeRandom,COc1ncc(NC(=O)CCc2ccccc2)c(OC)n1,0.016134975478053093,0.005395092070102692,0.0025654081255197525,0.006128208711743355,0.002800406469032168
druglikeRandom,CSc1ccc(CNC(=O)c2ccc(NC(=O)N3C[C@H](C)Sc4ccccc43)cc2)cc1,0.0003744213317986578,0.1553486438060645,0.011087508086347952,0.00017703327466733754,0.012574719940312206
druglikeRandom,Cc1nc2nc(S[C@H](C)C(=O)NC3(C#N)CCCCC3)nn2c(C)c1CCC(=O)O,0.018549442291259766,0.29448968172073364,0.007331336848437786,0.14971885085105896,0.013055785570759326
druglikeRandom,CCN(CC)c1ccc(/C=N/c2ccc(S(=O)(=O)NC(C)=O)cc2)c(O)c1,0.2837199568748474,0.7145761251449585,0.10834082961082458,0.17813203483819962,0.22416308829560877
druglikeRandom,CC(O)CC1(CC=C)C(=O)NC(=O)NC1=O,0.9769338965415955,0.676571786403656,0.5758375525474548,0.03263634443283081,0.10746168941259385
druglikeRandom,Brc1ccccc1-c1nc2c3ccccc3ncn2n1,0.01478046178817749,0.007733466103672981,0.014271987602114677,0.003917131572961807,0.003345015412196517
druglikeRandom,Cc1nc([C@@H]2CCCCN2C(=O)c2cccnc2N)nc2c1CCC(=O)N2CC1CC1,0.9221594929695129,0.9216941408230923,0.823908656835556,0.07511723041534424,0.1654906593816122
druglikeRandom,[H][C@]1([C@@H](C)O)C(=O)N2C(C(O)=O)=C(S[C@@H]3CN[C@@H](C3)C(=O)N(C)C)[C@H](C)[C@]12[H],0.9941745400428772,0.8158425539731979,0.09051388502120972,0.013875842094421387,0.014494314789772034
druglikeRandom,COc1ccc(NC(=S)N2CCn3cccc3[C@@H]2c2ccc(OC)cc2)cc1,0.0016138724749907851,0.0008926346199586987,0.00013268564362078905,0.0008081981795839965,0.0003621707408456132
druglikeRandom,CC(N)CC1=CC=C(O)C=C1,0.9951640367507935,0.6225917041301727,0.7027265429496765,0.004100620746612549,0.04775147885084152
druglikeRandom,CN1N=NC(=N1)C1=NC=C(C=C1)C1=C(F)C=C(C=C1)N1C[C@H](CO)OC1=O,0.9939170479774475,0.9587554559111595,0.0010552406311035156,0.0024286508560180664,0.056064189225435254
druglikeRandom,CCCCN(CCOC)C(=O)Nc1ccc(C(=O)N(C)C)c(C)c1,0.009155410341918468,0.8176912488415837,9.367242455482483e-05,0.006686513777822256,0.01703525329940021
druglikeRandom,COc1ccc(-c2noc([C@@H]3CCCN3C(=O)Nc3cc(C)cc(C)c3)n2)cc1,0.0008566826581954956,0.42333684861660004,4.564406117424369e-05,0.0003790964838117361,0.001192715557408519
druglikeRandom,CCCCOc1ccc(C(=O)Nc2c3c(nn2C(C)(C)C)CSC3)cc1,0.00270621245726943,0.8517252975143492,0.0007521102670580149,0.0007061483338475227,0.0018800873891450464
druglikeRandom,[H][C@@]12CC3=CNC4=CC=CC(=C34)C1=C[C@H](CN2C)C(=O)N[C@@H](C)CO,0.9999091625213623,0.18145602941513062,0.0011951923370361328,9.059906005859375e-05,0.0027395784854888916
druglikeRandom,CCC(C1=CC=CC=C1)C1=C(O)C2=C(OC1=O)C=CC=C2,0.8764814734458923,0.8631901675835252,0.8626853050664067,0.1034809947013855,0.30198277896270154
druglikeRandom,OC1=NN=C(CC2=CC(C(=O)N3CCN(CC3)C(=O)C3CC3)=C(F)C=C2)C2=CC=CC=C12,0.0020697214640676975,0.21138850366696715,0.001896747387945652,0.0005453489720821381,0.0015361956902779639
druglikeRandom,CC(N)C(=O)NC1=C(C)C=CC=C1C,0.19871985912322998,0.13967689871788025,0.5168322920799255,0.28631144762039185,0.099411166831851
druglikeRandom,CN[C@@H]1[C@@H](O)[C@@H](O[C@H]2[C@@H](C[C@H](N)[C@@H](O[C@H]3OC(CNCCO)=CC[C@H]3N)[C@@H]2O)NC(=O)[C@@H](O)CCN)OC[C@]1(C)O,1.0,0.0,0.0,0.0,0.0
druglikeRandom,[H][C@]12COC(=O)[C@]1([H])[C@H](C1=CC(OC)=C(O)C(OC)=C1)C1=CC3=C(OCO3)C=C1[C@H]2O[C@@H]1O[C@]2([H])CO[C@@H](C)O[C@@]2([H])[C@H](O)[C@H]1O,0.9999998807907104,2.086162567138672e-05,0.0,3.5762786865234375e-06,3.695487976074219e-07
druglikeRandom,CC1=C(CCN2CCC(CC2)C2=NOC3=C2C=CC(F)=C3)C(=O)N2CCCC(O)C2=N1,0.9761266708374023,0.9553560689091682,0.060436248779296875,0.021436452865600586,0.15356234908103944
druglikeRandom,CO\N=C1/CN(CC1CN)C1=NC2=C(C=C1F)C(=O)C(=CN2C1CC1)C(O)=O,0.9185470342636108,0.9134740610606968,0.9136408721096814,0.0002747774124145508,0.17054524892009795
druglikeRandom,[O-][N+](=O)C1=CN2C[C@@H](COC2=N1)OCC1=CC=C(OC(F)(F)F)C=C1,0.9662789702415466,0.9593594674952328,0.03323131799697876,0.023792803287506104,0.25315316021442413
druglikeRandom,[H][C@@]1(CC[C@@]2([H])[C@]3([H])CC[C@@]4([H])NC(=O)C=C[C@]4(C)[C@@]3([H])CC[C@]12C)C(=O)NC1=CC(=CC=C1C(F)(F)F)C(F)(F)F,0.7991530299186707,0.7939217099919915,0.7695530578494072,0.49491578340530396,0.1481405220925808
druglikeRandom,[H][C@@]12C[C@H](O)C[C@]3(O)C[C@H](O)[C@@H](C(O)=O)[C@]([H])(C[C@@H](O[C@]4([H])O[C@H](C)[C@@H](O)[C@H](N)[C@@H]4O)\C=C\C=C\C=C\C=C\C[C@@H](C)OC(=O)\C=C\[C@@]1([H])O2)O3,1.0,0.0,0.0,0.0,0.0
druglikeRandom,O=C1c2ccccc2-c2c[nH]c3ccc(N4CCOCC4)c1c23,0.9610083103179932,0.9557816535234451,0.9501682547852397,0.005410134792327881,0.3632921503158286
druglikeRandom,CN(C[C@@H]1CCCOC1)C(=O)Nc1ccncc1F,0.03326917439699173,0.09427841752767563,0.005543846637010574,0.02396990917623043,0.1485735979862511
druglikeRandom,Cc1cc(N2CCC(c3noc(C)n3)CC2)nc[nH+]1,0.0028569349087774754,0.5579331866465509,0.0006523190531879663,0.02076174644753337,0.0017033926211297511
druglikeRandom,[H][C@@]12C[C@@H]([C@H](OC(C)=O)[C@@]1(C)CC[C@@]1([H])[C@@]2([H])CC[C@@]2([H])C[C@H](OC(C)=O)[C@H](C[C@]12C)N1CCCCC1)[N+]1(C)CCCCC1,1.0,5.960464477539062e-07,0.0,0.0,0.0
druglikeRandom,CC[C@@H]1NC(=O)[C@H]([C@H](O)[C@H](C)C\C=C\C)N(C)C(=O)[C@H](C(C)C)N(C)C(=O)[C@H](CC(C)C)N(C)C(=O)[C@H](CC(C)C)N(C)C(=O)[C@@H](C)NC(=O)[C@H](C)NC(=O)[C@H](CC(C)C)N(C)C(=O)[C@@H](NC(=O)[C@H](CC(C)C)N(C)C(=O)CN(C)C1=O)C(C)C,0.999997615814209,0.00019806623458862305,1.9073486328125e-06,8.463859558105469e-06,2.8908252716064453e-06
druglikeRandom,COc1cn(-c2ccccc2)nc1C(=O)N(C)Cc1nc2ccccc2s1,0.0037055395077914,0.0021244275849312544,0.0006344239227473736,0.0012851287610828876,0.0013209141790866852
druglikeRandom,Cc1ccc(-c2cc3c(c(OC[C@H]4CCC[N@@H+](C)C4)c2)OCCN(C(=O)Cc2ccc(F)cc2)C3)s1,0.0003617372422013432,0.9288935694785323,0.00047030302812345326,2.480737748555839e-05,9.440924477530644e-05
druglikeRandom,NC(=N)NC(=O)CC1=C(Cl)C=CC=C1Cl,0.973282516002655,0.4417439103126526,0.027706146240234375,0.005185544490814209,0.06908361762762069
druglikeRandom,CC(C)(C)c1nc(CNCc2ccc(N3CCOCC3)c(F)c2)cs1,0.002326409565284848,0.08253766293637455,0.0003249307628720999,0.0006940107559785247,0.007721361983567476
druglikeRandom,O=C1C[C@@H](c2noc(-c3ccncc3)n2)CN1c1cccc(F)c1,0.0034375302493572235,0.0008897744119167328,0.0017996341921389103,0.0002798023633658886,0.0008397994213737547
druglikeRandom,CC(=O)N1CCC[C@@H](COc2ccc(F)cc2)C1,0.004292668774724007,0.03644155152142048,0.000538696302101016,0.013209106400609016,0.002394408662803471
druglikeRandom,Cc1ccsc1-c1nnco1,0.2468881607055664,0.0072425901889801025,0.04641830921173096,0.03391197323799133,0.020484182238578796
druglikeRandom,NCCCC[C@H](N[C@@H](CCC1=CC=CC=C1)C(O)=O)C(=O)N1CCC[C@H]1C(O)=O,0.9943469166755676,0.0458371639251709,0.00751882791519165,0.005479097366333008,0.0021793603897094726
druglikeRandom,COc1ccc(F)c(NC(=O)[C@H](C)SCc2ccccc2)c1,0.009812258183956146,0.07557680457830429,3.332924097776413e-05,0.022075023502111435,0.010946110566146671
druglikeRandom,[H][C@]12CC[C@]([H])(C[C@@]([H])(C1)OC(=O)C1=CNC3=CC=CC=C13)N2C,0.9578867554664612,0.9246826581656933,0.9010931216180325,0.054357290267944336,0.17108989097177982
druglikeRandom,N#Cc1ccnc(S(=O)(=O)N2CCC[C@H](N)C2)c1,0.23456734418869019,0.7621890306472778,0.6972883939743042,0.06902402639389038,0.22551596332341434
druglikeRandom,C[C@H](O)C[C@H](C)CNC(=O)NCCCSc1ccc(F)cc1,0.0028355587273836136,0.9929797779768705,0.0006738479714840651,0.014290895313024521,0.002508533129002899
druglikeRandom,CCCC(C)C1(CC=C)C(=O)NC(=S)NC1=O,0.46698468923568726,0.3859050050377846,0.20489144325256348,0.18565228581428528,0.12285819724202156
druglikeRandom,CCNC(=O)c1ccc(CNC(=O)CNc2ccc(C#N)cc2)cc1,0.0034375826362520456,0.8471155127044767,0.0021285356488078833,0.006135731702670455,0.0031347545445896685
druglikeRandom,Cc1cc(Nc2ncnc(NC3CCCCCC3)c2N)no1,0.016595853492617607,0.9813095200806856,0.9813095200806856,0.013129163533449173,0.009995330218225717
druglikeRandom,[H][C@@]1(CC[C@@]2([H])\C(CCC[C@]12C)=C\C=C1\C[C@@H](O)C[C@H](O)C1=C)[C@H](C)\C=C\[C@H](C)C(C)C,0.9999997615814209,0.00010085105895996094,1.1920928955078125e-07,0.0,1.5497207641601563e-07
druglikeRandom,COc1ccc(/N=C/C2C(=O)CCCC2=O)cc1,0.008993273600935936,0.014870373532176018,0.04237334243953228,0.005900651449337602,0.002624066732823849
druglikeRandom,CCCCCn1c(CCCCCNC(=O)CCC)nc2ccccc21,0.002699368167668581,0.13170889718458056,0.00025179097428917885,0.003431458957493305,0.0008166041283402592
druglikeRandom,CO[C@@H]([C@@H]1CC2=CC3=CC(O[C@H]4C[C@@H](O[C@H]5C[C@@H](O)[C@H](O)[C@@H](C)O5)[C@H](O)[C@@H](C)O4)=C(C)C(O)=C3C(O)=C2C(=O)[C@H]1O[C@H]1C[C@@H](O[C@H]2C[C@@H](O[C@H]3C[C@](C)(O)[C@H](O)[C@@H](C)O3)[C@@H](O)[C@@H](C)O2)[C@H](O)[C@@H](C)O1)C(=O)[C@@H](O)[C@@H](C)O,1.0,0.0,0.0,0.0,0.0
druglikeRandom,C[C@@H]1CCC[C@@](C#N)(NC(=O)Cc2cccc(OCC#N)c2)C1,0.00653106952086091,0.038481426890939474,0.005446088965982199,0.0010900739580392838,0.0026225136360153558
druglikeRandom,CC(C)CCSCC(=O)N1CCOC[C@@H]1C1CC1,0.12263716757297516,0.8691098541021347,0.8691098541021347,0.0707651861011982,0.13067719126120209
druglikeRandom,CCCCOCC1=CC(OC)=C(O)C=C1,0.9318060278892517,0.9200965072959661,0.04178744554519653,0.6954232454299927,0.23735919781029224
druglikeRandom,CCC1(C(=O)NC(=O)N(C)C1=O)C1=CC=CC=C1,0.9600929021835327,0.7724932879209518,0.5966081917285919,0.20012140274047852,0.12123637944459915
druglikeRandom,OC(CCN1CCCCC1)(C1CCCC1)C1=CC=CC=C1,0.9967809915542603,0.9885448077693582,0.8578831404447556,0.061483561992645264,0.09486091360449792
druglikeRandom,O=C(O)[C@H]1[C@H]2CC[C@H](C2)[C@@H]1C(=O)Nc1nc2ccccc2s1,0.04131334647536278,0.16572443023324013,0.07130645588040352,0.01352449506521225,0.016386824287474157
druglikeRandom,Cc1ccc(-c2nc3ccc(/N=C/c4cc(Br)ccc4O)cc3o2)cc1,0.004201746545732021,0.05282100383192301,0.0009185390081256628,0.010114409029483795,0.001647623663302511
druglikeRandom,CS(=O)(=O)C1=CC(C[C@H](NC(=O)C2=C(Cl)C3=C(CN(CC3)C(=O)C3=CC=C4C=COC4=C3)C=C2Cl)C(O)=O)=CC=C1,0.8264409899711609,0.8254408719949424,0.31474775075912476,0.012365639209747314,0.030095726251602173
druglikeRandom,CC1CCN(CC2=NC(=O)[C@@H]3SC=CC3=N2)CC1,0.10428100824356079,0.8720406293869019,0.09755250485613942,0.07424847595393658,0.054452133970335125
druglikeRandom,C=C1N=C2C[C@H](C)[C@H](C(=O)OC)C(=O)C2[C@@H](c2ccccc2C)C1C(=O)OCCC,0.0006986736552789807,0.773290526936762,2.6095251087099314e-05,0.00045679009053856134,0.00010050450218841433
druglikeRandom,CCOc1cccc([C@H]2c3c(oc4ccc(Cl)cc4c3=O)C(=O)N2c2ccc(C)cc2)c1,0.0035576068330556154,0.8810308135580271,0.002424911828711629,0.00011752708815038204,0.049370308505604046
druglikeRandom,NC1=CC=C(C=C1)C(O)=O,0.9999982118606567,0.7348198294639587,0.0017315149307250977,1.7881393432617188e-06,0.17419707030057907
druglikeRandom,Cc1ccc(CNC(=O)C(=O)N/N=C/c2ccccc2O)cc1,0.009174567647278309,0.0024975109845399857,0.018436296842992306,0.044143869541585445,0.0038367108441889285
druglikeRandom,NC1=NC(N2C=C(C(O)=O)C(=O)C3=CC(F)=C(N4CC(O)C4)C(Cl)=C23)=C(F)C=C1F,1.0,0.7554207295179367,4.887580871582031e-05,0.0,0.0016063928604125976
druglikeRandom,CN1C(CCl)NC2=CC(Cl)=C(C=C2S1(=O)=O)S(N)(=O)=O,1.0,0.3952931761741638,0.0785602331161499,0.009207367897033691,0.040168938040733335
druglikeRandom,Cc1noc(/C=C\N(C)C)c1S(=O)(=O)N1CCC[C@@H](C(=O)NC2CCCC2)C1,0.0007988772704266012,0.01751496276119724,6.449827924370766e-05,0.0005250271933618933,0.0003258219046983868
druglikeRandom,COCCCN(Cc1csc(COc2cc(C)cc(C)c2C)n1)C(=O)c1ccccc1F,0.0004423645732458681,0.0009712123137433082,5.3317053243517876e-06,0.0009123613417614251,0.00010951447038678452
druglikeRandom,O=C(NCCCSc1nccs1)c1cnc([C@@H]2CCCO2)s1,0.002927690977230668,0.020862977718934417,0.0011197840794920921,0.001379053806886077,0.0011049253400415183
druglikeRandom,CC(C)COC(=O)c1ccc(Nc2ncnc(NC(c3ccccc3)c3ccccc3)c2[N+](=O)[O-])cc1,0.7535654902458191,0.749936591135338,0.2496556043624878,0.020593225955963135,0.16655686870217323
druglikeRandom,Cc1ccc(CNC(=O)[C@@H](C)OC(=O)[C@H]2CC(=O)N(c3ccc(C)cc3)C2)cc1,0.0011976560344919562,0.09156710153911263,0.00011762487702071667,0.014595291228033602,0.0004733555164420977
druglikeRandom,O=C1O[C@H](C(=O)N2CCc3[nH]c4ccccc4c3C2)Cc2ccccc21,0.013174943625926971,0.8536964729428291,0.12920381873846054,0.42734909802675247,0.028929448639973997
druglikeRandom,[H][C@@]12CO[C@@]3(COS(N)(=O)=O)OC(C)(C)O[C@@]3([H])[C@]1([H])OC(C)(C)O2,1.0,0.0,0.0,0.0,0.0
druglikeRandom,[H][C@]12SC(C)(C)[C@@H](N1C(=O)[C@H]2NC(=O)[C@H](N)C1=CC=CC=C1)C(=O)OC(C)OC(=O)OCC,0.9999998807907104,0.014586985111236572,0.0,0.0,0.003170749545097351
druglikeRandom,NS(=O)(=O)C1=CC(=C(Cl)C(Cl)=C1)S(N)(=O)=O,1.0,0.005951404571533203,1.6689300537109375e-06,0.0,1.5795230865478516e-06
druglikeRandom,CC1(C)CCC(NC(=O)c2ccnc(F)c2)(C(N)=O)CC1,0.13952484726905823,0.4358043968677521,0.0785936564207077,0.0968974307179451,0.09054342936724424
druglikeRandom,c1ccc(-c2n[nH]c(SCc3cccc4ccccc34)n2)cc1,0.007923671044409275,0.46835832949727774,0.037483266554772854,0.002599727362394333,0.005902390205301344
druglikeRandom,CO[C@@H]1C[C@@H](CC[C@H]1O)\C=C(/C)[C@H]1OC(=O)[C@@H]2CCCCN2C(=O)C(=O)[C@]2(O)O[C@@H]([C@H](C[C@H]2C)OC)[C@H](C[C@@H](C)C\C(C)=C\[C@@H](CC=C)C(=O)C[C@H](O)[C@H]1C)OC,1.0,0.00039654970169067383,1.1920928955078125e-07,0.0,6.556510925292969e-08
druglikeRandom,C=CCn1c(=O)[nH]c(O)c(C(=O)/C=C/c2ccc(OCC)cc2)c1=O,0.002583249704912305,0.43667091499082744,0.0009726081043481827,0.0002842354588210583,0.0027613881800789388
druglikeRandom,C(N(CC1=CC=CC=C1)C1=CC=CC=C1)C1=NCCN1,0.8132870197296143,0.8073683301918209,0.7734264992177486,0.17768901586532593,0.40470003318041564
druglikeRandom,Cc1ccn2cc(C[N@@H+]3CC[C@@]4(CCCN(C(C)C)C4=O)C3)nc2c1,0.0012023367453366518,0.0004044481320306659,2.4478533305227757e-05,0.00015512132085859776,0.0003990595752838999
druglikeRandom,CC(=O)C1=CC=C(C=C1)S(=O)(=O)NC(=O)NC1CCCCC1,0.9951868653297424,0.9789147861301899,0.0007886886596679688,0.001207888126373291,0.33431782471016047
druglikeRandom,CN(C)CCOC(C1=CC=CC=C1)C1=CC=C(Br)C=C1,0.9434641599655151,0.8264770582318306,0.6266666352748871,0.5350641310214996,0.108204285800457
druglikeRandom,C[C@@H](c1nc(-c2cccnc2)no1)[N@H+]1CC[C@H](Cc2ccccc2)CC1,0.0014414979377761483,0.002814943785779178,3.090850077569485e-05,0.00028859730809926987,0.0003601524455007166
druglikeRandom,COc1ccc([C@@H]2[C@H]3N=c4ccccc4=C3C[C@H]3C(=O)N(CCCN4CCOCC4)CC(=O)N32)cc1OC,0.00038696711999364197,0.25028009826201014,8.653703844174743e-06,3.932000254280865e-05,0.00018167033995268865
druglikeRandom,COC(=O)C1=C(C)NC(C)=C(C1C1=CC=CC2=NON=C12)C(=O)OC(C)C,0.7027285099029541,0.7016182091319934,0.6997318158391863,0.700508204754442,0.37566771792480724
druglikeRandom,Cc1cc([C@@](C)(O)CN[C@H]2CCC[C@@H]2C)c(C)o1,0.25777319073677063,0.24562793131917715,0.016728311777114868,0.010903984308242798,0.1743188434513286
druglikeRandom,CC(=O)N[C@H]1[C@H](O)O[C@H](CO)[C@@H](O)C1O[C@@H]1O[C@@H]([C@@H](O[C@@H]2O[C@H](CO)[C@@H](O)C(O[C@@H]3O[C@@H]([C@@H](O)[C@H](O)[C@H]3O)C(O)=O)[C@H]2NC(C)=O)[C@H](O)[C@H]1O)C(O)=O,1.0,0.0,0.0,0.0,0.0
druglikeRandom,COc1ccc(NS(=O)(=O)c2cc(NC(=O)c3cccc4cccnc34)ccc2OC)cc1,0.004622278735041618,0.8827110547572374,0.04936469905078411,0.0015726278070360422,0.047331108176149425
druglikeRandom,COc1ccc([C@H]2C/C(=C3/C(=O)N(C)C(=O)N=C3O)NN2C(C)=O)cc1,0.005615918431431055,0.06978539517149329,0.00017739133909344673,0.003731699660420418,0.0016641978872939944
druglikeRandom,[H][C@]12SC(C)(C)[C@@H](N1C(=O)[C@H]2NC(=O)CC1=CC=CC=C1)C(O)=O,1.0,0.4008626937866211,0.0,0.0,0.0
druglikeRandom,COc1ccccc1N1CCN(S(=O)(=O)c2ccc(-c3onc(C)c3C)s2)CC1,0.0005513712530955672,0.043514700257219374,5.1479204557836056e-05,0.0007698707049712539,0.0029578285102616064
druglikeRandom,CC(C)N1CCC(NCc2ccc(OCc3cn4ccccc4[nH+]3)cc2)CC1,0.005586427170783281,0.5415677013806999,0.2315836134366691,0.04547737864777446,0.07474247728823684
druglikeRandom,CCN(C(C)=O)C1=CC=CC(=C1)C1=CC=NC2=C(C=NN12)C#N,0.008349387906491756,0.001353636384010315,0.00439461600035429,0.00020705349743366241,0.0027998508070595563
druglikeRandom,COc1ccc2c(c1)OC[C@@H](C(=O)[C@H](C#N)c1ccccn1)C2,0.008769690990447998,3.666151314973831e-05,0.05998733639717102,0.005980831105262041,0.0045672855689190325
druglikeRandom,COC1=CC=CC=C1OCC(O)CN1CCN(CC(=O)NC2=C(C)C=CC=C2C)CC1,0.402403324842453,0.3955616499297321,0.05017489194869995,0.08080026507377625,0.11123646413907409
druglikeRandom,CCc1[nH]c(C(=O)N2Cc3ccccc3C[C@@H]2C(N)=O)c(C)c1C(=O)OC,0.8921546339988708,0.8832320412620902,0.881786541081965,0.10014098882675171,0.19678326472640037
druglikeRandom,[H][C@@]12CCCN1C(=O)[C@]([H])([C@H](C)CC)N1C(=O)[C@](NC(=O)[C@H]3CN(C)[C@]4([H])CC5=CNC6=CC=CC(=C56)[C@@]4([H])C3)(O[C@@]21O)C(C)C,0.9998437166213989,0.0070018768310546875,0.00035059452056884766,2.3245811462402344e-05,0.0004696846008300781
druglikeRandom,COc1ccc2ccccc2c1-c1nc2ccccc2[nH]1,0.9531670808792114,0.9431273462250829,0.7347117811441422,0.0007401704788208008,0.05374734103679657
druglikeRandom,[H][C@@]12CC3=CN(C)C4=CC=CC(=C34)[C@@]1([H])C[C@@H](CNC(=O)OCC1=CC=CC=C1)CN2C,0.9592010974884033,0.8657508194446564,0.9401652626693249,0.03477507829666138,0.18949525691568853
druglikeRandom,COc1ccc(C#CCNS(=O)(=O)c2cc(OC)ccc2OC)cc1,0.1777680516242981,0.8203089833259583,0.794048547744751,0.10950890928506851,0.23805826473981143
druglikeRandom,[H][C@@]12CCC(=O)[C@@]1(C)CC[C@]1([H])C3=C(CC[C@@]21[H])C=C(O)C=C3,0.9772316217422485,0.9666747488081455,0.33510440587997437,0.07434582710266113,0.0486436665058136
druglikeRandom,C[C@H](CCc1ccccc1)n1c(=O)c2sccc2n(CC(=O)O)c1=O,0.9787826538085938,0.9733694116584957,0.9680693708360195,0.007994234561920166,0.17402233742177486
druglikeRandom,C[C@@]12CC[C@@H](OC(=O)Nc3cccc(F)c3)[C@@](C)(CO)[C@@H]1CC[C@@H](O)[C@H]2CC(=O)N1CCC[C@H]1CO,0.9996575117111206,0.012092411518096924,0.00013899803161621094,2.0503997802734375e-05,0.00017254948616027833
druglikeRandom,COC1=C(NC2=C3C=CC=CC3=NC3=CC=CC=C23)C=CC(NS(C)(=O)=O)=C1,0.94864821434021,0.9457808702718467,0.946612598374486,0.7221908718347549,0.34515585454646497
druglikeRandom,Cc1cccc2[nH+]c(CN3CCC[C@H]3c3cccn3C)cc(=O)n12,0.0018266888801008463,0.00736810895614326,0.0003221561200916767,0.001688572345301509,0.0012344596354523674
druglikeRandom,O=C(CSc1nc2ccccc2c(=O)n1-c1ccc(Br)cc1)N/N=C/c1cccc(F)c1,0.000889319519046694,0.0040687573491595685,0.0006730788736604154,0.00014743587234988809,0.00023578101536259055
druglikeRandom,CCn1c(=O)n(CC)c2cc(S(=O)(=O)c3ccc(OC)cc3)c(NC(=O)c3ccccc3C)cc21,0.003516692901030183,0.9945912172552198,0.001442969311028719,0.00015130732208490372,0.012458723277086392
druglikeRandom,[H][C@](N)(CCCCN)C(O)=N[C@@]([H])(CC(C)C)C(O)=N[C@@]([H])(CC(C)C)C(O)=N[C@@]([H])(CC(C)C)C(O)=N[C@@]([H])(CC(C)C)C(O)=N[C@@]([H])(CCCCN)C(O)=N[C@@]([H])(CC(C)C)C(O)=N[C@@]([H])(CC(C)C)C(O)=N[C@@]([H])(CC(C)C)C(O)=N[C@@]([H])(CC(C)C)C(O)=N[C@@]([H])(CCCCN)C(O)=N[C@@]([H])(CC(C)C)C(O)=N[C@@]([H])(CC(C)C)C(O)=N[C@@]([H])(CC(C)C)C(O)=N[C@@]([H])(CC(C)C)C(O)=N[C@@]([H])(CCCCN)C(O)=N[C@@]([H])(CC(C)C)C(O)=N[C@@]([H])(CC(C)C)C(O)=N[C@@]([H])(CC(C)C)C(O)=N[C@@]([H])(CC(C)C)C(O)=N[C@@]([H])(CCCCN)C(O)=O,1.0,0.0,0.0,0.0,0.0
druglikeRandom,C[C@H](Oc1cccc(F)c1)C(=O)N1CCC([C@@H]2C[C@H](C(F)F)n3ncnc3N2)CC1,0.0007786281639710069,0.9562519065802917,0.0001397763262502849,0.0037291053449735045,0.003698324908327777
druglikeRandom,CCN1C[C@H](C(=O)NCc2cccc(OC)c2)CC1=O,0.0045734974555671215,0.03314321907237172,0.004698676522821188,0.0026437840424478054,0.0023695559124462307
druglikeRandom,CCOC(=O)C1=C(C)NC(C)=C(C1C1=CC(=CC=C1)[N+]([O-])=O)C(=O)OC,0.9911182522773743,0.9890965933445841,0.0742984414100647,0.9869353249669075,0.35641141450032593
druglikeRandom,[H][C@@](CO)(C(C)C)N1C=C(C(O)=O)C(=O)C2=C1C=C(OC)C(CC1=C(F)C(Cl)=CC=C1)=C2,0.9999265670776367,0.007980883121490479,0.00033742189407348633,4.303455352783203e-05,0.00014713406562805176
druglikeRandom,CCOC(=O)CSc1nnc(N)n1[C@H](C)C(=O)Nc1nc2ccc(C(=O)OCC)cc2s1,0.0009917548159137368,0.0070004494627937675,0.00023838249035179615,0.00018517329590395093,0.0002415013324934989
druglikeRandom,COc1ccc(N2CCN(C(=O)CCC(=O)c3ccc(C)cc3)CC2)cc1,0.003286100458353758,0.8076765169389546,6.658141501247883e-05,0.0006790892221033573,0.0006972825736738742
druglikeRandom,N#C/C(=C\c1ccc(-c2ccccc2)cc1)c1nc(-c2ccccc2)cs1,0.0047229439951479435,0.6961650340817869,0.2896059243939817,0.2778246491216123,0.008765225962270052
druglikeRandom,Cc1ccoc1C(=O)NC[C@@H]([C@H]1CCOC1)N1CCOCC1,0.01228658389300108,0.010311412392184138,0.00011957716196775436,0.0010914094746112823,0.0023372794967144728
druglikeRandom,CC(C)(C)OC(=O)NCCCc1c[nH]cc(C=O)c1=O,0.06441397964954376,0.6679491847753525,0.7663518637418747,0.014522343873977661,0.29802565372083334
druglikeRandom,CCN(C(=O)CCN1C(=O)c2ccc(C)cc2C1=O)c1nc2ccccc2s1,0.0022940714843571186,0.010240769479423761,0.012715178076177835,0.003853569272905588,0.000785356987034902
druglikeRandom,CN[C@@H](C)CC1=CC=CC=C1,0.99418044090271,0.27874457836151123,0.04131913185119629,0.0008316636085510254,0.050275379419326784
druglikeRandom,CC(C)NS(=O)(=O)c1ccc(C(=O)N[C@H]2CCOc3ccccc32)cc1,0.001872711582109332,0.7508059807587415,0.18458462436683476,0.0008022104157134891,0.0004927134898025543
druglikeRandom,O[C@@H]1CO[C@@H](O[C@@H]2CO[C@@H](O)[C@H](OS(O)(=O)=O)[C@H]2OS(O)(=O)=O)[C@H](OS(O)(=O)=O)[C@H]1OS(O)(=O)=O,1.0,0.0,0.0,0.0,0.0
druglikeRandom,CCN(CC)C(=O)N1CCN(C)CC1,0.15120138227939606,0.05066946893930435,0.06698089838027954,0.14207285549491644,0.13251399360597133
druglikeRandom,COc1ccc(CNC(=O)C2CCN(c3[nH+]cccc3-c3nc(-c4ccc(C)cc4)no3)CC2)cc1,0.0008055242360569537,0.03353764762869105,1.783424522727728e-05,0.0005183667526580393,0.0002409086824627593
druglikeRandom,C=CC[C@@H](CCC)C(=O)O,0.8435102105140686,0.777448758482933,0.6597566902637482,0.015420198440551758,0.12642558366060258
druglikeRandom,CC(O)C(O)=O,1.0,0.0,0.00034821033477783203,4.76837158203125e-07,0.02018042206764221
druglikeRandom,Cc1cc(F)c(C(=O)OCc2nccn2C)cc1F,0.01905842125415802,0.7258707135915756,0.1771029531955719,0.004992078058421612,0.0126000338466838
druglikeRandom,Cc1cccc(OC(F)F)c1NC(=O)N[C@@](C)(CO)C1CC1,0.12820574641227722,0.8717921078205109,0.11581631563603878,0.12011575512588024,0.32835002965293825
druglikeRandom,CN(C)[C@H]1[C@@H](N)[C@@]2(C)CC[C@@H]1C2(C)C,0.9999656677246094,0.001774609088897705,1.7523765563964844e-05,0.000629127025604248,0.0010757029056549072
druglikeRandom,[H][C@@]12CC[C@H](O)[C@@]1(C)CC[C@]1([H])C3=C(CC[C@@]21[H])C=C(O)C=C3,0.999404788017273,0.9417968839406967,0.0008937716484069824,0.0001290440559387207,0.007021865248680115
druglikeRandom,CC(=O)N(CC(O)CN(C(C)=O)C1=C(I)C(C(=O)NCC(O)CO)=C(I)C(C(=O)NCC(O)CO)=C1I)C1=C(I)C(C(=O)NCC(O)CO)=C(I)C(C(=O)NCC(O)CO)=C1I,1.0,0.0,0.0,0.0,0.0
druglikeRandom,O=C(NCCN1C(=O)S/C(=C\c2ccc(F)cc2)C1=O)c1cccc(C(F)(F)F)c1,0.0017943752463907003,0.3361798154655844,0.0001297917915508151,0.0005685382056981325,0.0008865786250680685
druglikeRandom,O=C(OCc1ccc(Br)cc1)[C@@H]1CC(=O)N(c2ccccc2)C1,0.007502669468522072,0.006260554306209087,0.0030915364623069763,0.002862791530787945,0.002719189424533397
druglikeRandom,COc1ccc(CN(CC(=O)NC[C@H]2CCCO2)C(=O)CCC(=O)Nc2nccs2)cc1,0.000741084513720125,0.0024943389580585063,0.00030672282446175814,0.00027830799808725715,0.00020920822280459105
druglikeRandom,O=C(NNC(=O)c1ccccc1O)c1ccc2c(c1)OCO2,0.24543580412864685,0.7419745624065399,0.6740299761295319,0.5857981145381927,0.27159381832461804
druglikeRandom,CC(=O)C1=C(O)C(=O)N(CCCn2cc[nH+]c2)[C@@H]1c1ccc(Br)cc1,0.0006257223431020975,0.0014965783338993788,1.347885699942708e-05,9.627343388274312e-05,0.00019471077539492398
druglikeRandom,CC(O)CCO,0.999998927116394,0.5745328664779663,1.0728836059570312e-06,3.5762786865234375e-07,0.009196007251739502
druglikeRandom,O=C(NN1C(=O)/C(=C2\C(=O)N(Cc3ccccc3)c3ccccc32)SC1=S)c1ccccc1Cl,0.07388793677091599,0.9260624721646309,0.9073471501469612,0.14130008965730667,0.16439765805844217
druglikeRandom,CN(C)c1ncc(-c2ccc(F)cc2)c([C@H]2CCCCN2C(=O)COc2ccccc2)n1,0.002834615297615528,0.8743402985855937,9.72540583461523e-05,0.0010978694772347808,0.005638571036979556
druglikeRandom,CCCOC(=O)CCc1cc2c(C)cc(=O)oc2c(C[N@@H+]2C[C@@H]3C[C@@H](Cn4c3cccc4=O)C2)c1O,0.00040735985385254025,0.04121684719575569,0.0001583000412210822,2.260901965200901e-06,0.000867198300693417
druglikeRandom,Cc1ccc([C@@H](CNC(=O)c2ccco2)N2CCOCC2)o1,0.0021467027254402637,0.0007146203424781561,0.00031734281219542027,0.0008993687806650996,0.00030283519881777463
druglikeRandom,NC(=N)C1=CC=C(OCCCCCOC2=CC=C(C=C2)C(N)=N)C=C1,0.9994832277297974,0.01484912633895874,0.0001653432846069336,0.0007401108741760254,0.0003163933753967285
druglikeRandom,OC(=O)C1=CC=CC=C1O,0.9996938705444336,0.7189603447914124,0.0006678104400634766,0.0003008842468261719,0.13764093518257142
druglikeRandom,CN1C(=O)N[C@@H](c2ccccc2)C2=C1CN(c1ccc3ccccc3c1)C2=O,0.0020978935062885284,0.016658442094922066,0.0003154784208163619,0.00034564430825412273,0.0013614308903925122
druglikeRandom,CC(=O)OC1=C(C=CC(=C1)C(F)(F)F)C(O)=O,0.9517316222190857,0.7718725502490997,0.5641225576400757,0.4224395751953125,0.12665756791830063
druglikeRandom,ClC1=C(NC2=NCCN2)C2=NSN=C2C=C1,1.0,0.8110265135765076,1.9073486328125e-06,0.0,0.07812867611646652
druglikeRandom,CC(C)=CCC\C(C)=C\C=C\C(\C)=C\C=C\C(\C)=C\C=C\C=C(/C)\C=C\C=C(/C)\C=C\C=C(/C)CCC=C(C)C,1.0,0.0,0.0,0.0,0.0
druglikeRandom,CN(C)Cc1ccc(C(N)=O)cc1NC(=O)c1c[nH]c2cccc(F)c12,0.12586857378482819,0.8609393090009689,0.8252634853124619,0.03223782777786255,0.12711968254297973
druglikeRandom,CN1C(C(=O)NC2=NC=CC=C2)=C(O)C2=C(C=CC=C2)S1(=O)=O,0.9557827711105347,0.9456899985671043,0.9441924588754773,0.04111075401306152,0.30038726003840566
druglikeRandom,[H][C@]12CC[C@]([H])(O1)[C@]1(C)C(=O)OC(=O)[C@]21C,0.9935412406921387,0.9127871543169022,0.02611333131790161,0.41654157638549805,0.22096205614507197
druglikeRandom,CCCCOC1=CC=C(CC(=O)NO)C=C1,0.24429576098918915,0.20583610981702805,0.6665274649858475,0.14024386554956436,0.18865075074136256
druglikeRandom,ClC1=CC=CC(Cl)=C1NC1=NCCN1,0.9999233484268188,0.8828875422477722,3.4809112548828125e-05,7.641315460205078e-05,0.2876340292394161
druglikeRandom,CCCCCCCCCCCCCCCC[N+](C)(C)C,0.9999983310699463,0.0002995729446411133,2.6226043701171875e-06,8.344650268554688e-07,1.0627508163452149e-05
druglikeRandom,COC1=C(OC)C=C(CCN(C)CCCC(C#N)(C(C)C)C2=CC(OC)=C(OC)C=C2)C=C1,0.9999923706054688,0.19977188110351562,6.306171417236328e-05,0.00026351213455200195,0.00190201997756958
druglikeRandom,NC1=C(Br)C=C(Br)C=C1CN[C@H]1CC[C@H](O)CC1,0.03335225582122803,0.8570601940155029,0.8570601940155029,0.7881835103034973,0.08574087396264077
druglikeRandom,Cc1ccccc1CN1C(=O)N[C@](C)(c2ccccc2)C1=O,0.008832222782075405,0.2238170439377427,0.0012027090415358543,0.07955400738865137,0.0076137091498821976
druglikeRandom,[H][C@@]12C[C@@H](C)[C@](O)(C(=O)CCl)[C@@]1(C)C[C@H](O)[C@@]1(Cl)[C@@]2([H])CCC2=CC(=O)C=C[C@]12C,1.0,0.0,0.0,0.0,0.0
druglikeRandom,Cc1cc(S(=O)(=O)NC[C@H](c2cccnc2)S(=O)(=O)c2ccccc2)c(C)cc1OC(C)C,0.010187298059463501,0.9870341718196869,0.07116078585386276,0.7652643620967865,0.049559590395074335
druglikeRandom,Cc1cc(C)n(CCC(=O)N2CCC[C@@H](Nc3ccc(C)c(C)c3)C2)n1,0.00020719485473819077,0.020838391239522025,6.9346860982477665e-06,0.000613933865679428,4.7609395551262423e-05
druglikeRandom,[H][C@@]12CC[C@H](OC(=O)CC)[C@@]1(C)CC[C@@]1([H])[C@@]2([H])CCC2=CC(=O)CC[C@]12C,0.9953676462173462,0.270632803440094,0.03857618570327759,0.00775754451751709,0.041430848836898806
druglikeRandom,O=C(C1CCN([C@@H]2N=c3ccc(Cl)cc3=N2)CC1)N1CCN(Cc2ccccc2)CC1,0.0012989843962714076,0.23539161134976894,0.0006271852762438357,0.002427306375466287,0.0006939916347619146
druglikeRandom,Cc1cccc(C(=O)OCc2csc(Br)c2)n1,0.03714779019355774,0.04370082914829254,0.000407293438911438,0.0037579424679279327,0.016186486510559917
druglikeRandom,O=C1CCN(CC(=O)Nc2ccc(CN3CCc4ccccc43)cc2)C(=O)N1,0.0016855314606800675,0.00043290480971336365,4.880840424448252e-05,0.002689360990189016,0.00041837397147901354
druglikeRandom,C[C@@H](O)[C@H](NC(=O)[C@@H](C)[C@H](O)[C@@H](C)NC(=O)[C@@H](NC(=O)C1=C(C)C(N)=NC(=N1)[C@H](CC(N)=O)NC[C@H](N)C(N)=O)[C@@H](OC1OC(CO)C(O)C(O)C1OC1OC(CO)C(O)C(OC(N)=O)C1O)C1=CN=CN1)C(=O)NCCC1=NC(=CS1)C1=NC(=CS1)C(=O)NCCC[S+](C)C,1.0,0.0,0.0,0.0,0.0
druglikeRandom,COc1ccc(NC(=O)CN2CSCC2=O)c2cccnc12,0.02715732343494892,0.7528810929507017,0.016504953615367413,0.022051292937248945,0.05666977651417256
druglikeRandom,COc1ccc(CN(C)C(=O)COC(=O)c2ccc(Cl)c(Cl)c2)cc1,0.03293902799487114,0.9539008624851704,0.9539008624851704,0.02830050280317664,0.03315220586955547
druglikeRandom,Cc1cc(=O)oc2ccc(OC(=O)c3ccc(C(C)(C)C)cc3)cc12,0.007992160506546497,0.21987211983650923,0.015159756876528263,0.1461637793108821,0.011744294338859618
druglikeRandom,FC(F)(F)CN1C2=C(C=C(Cl)C=C2)C(=NCC1=O)C1=CC=CC=C1,0.95974200963974,0.955775604583323,0.9538915967568755,0.03135567903518677,0.14766144789755345
druglikeRandom,CNC(NCCSCC1=CSC(CN(C)C)=N1)=C[N+]([O-])=O,0.9859848022460938,0.976478717289865,0.03266012668609619,0.029218435287475586,0.19362880080007017
druglikeRandom,O=C1C[C@@H]2CC[C@H](CN1)[N@H+]2Cc1ccc(OCC(=O)N2CCOCC2)cc1,0.0002667857042979449,0.03785260490258224,1.5039811842143536e-05,0.00042142943129874766,0.000188811026600888
druglikeRandom,CC(C)(C)SCC(=O)Oc1ccccc1C(=O)NCc1ccccc1,0.0030109977815300226,0.054239598801359534,0.0007885226514190435,0.0016654911451041698,0.0008729539695195854
druglikeRandom,CN(C)c1ccc(CNCc2ccc(-n3cncn3)c(F)c2)cc1,0.004163273610174656,0.40429075714200735,0.0006999070756137371,0.0007949504069983959,0.0035264444071799518
druglikeRandom,OCC(O)CO,1.0,0.0,0.0,2.9802322387695312e-06,0.00013900399208068847
druglikeRandom,C[N+]1(C)CCC(C1)OC(=O)C(O)(C1CCCC1)C1=CC=CC=C1,0.9997856020927429,0.004812180995941162,0.00011092424392700195,3.4570693969726562e-06,0.00010474026203155518
druglikeRandom,C[C@@H](C(=O)O)n1nc(C(=O)N2CCCCCC2)ccc1=O,0.012246476486325264,0.34578017704188824,0.0009298808872699738,0.4915731083601713,0.011338026309385896
druglikeRandom,NCCNC1=CC=C(NCCN)C2=C1C(=O)C1=C(C=NC=C1)C2=O,0.8251030445098877,0.6604368984699249,0.7822981849312782,0.13411659002304077,0.26661268025636675
druglikeRandom,NCCNCCNCCN,0.9999998807907104,0.08494561910629272,1.1920928955078125e-07,1.1920928955078125e-07,0.002664431929588318
druglikeRandom,[H][C@@]12C[C@]3([H])C[C@@H](CC[C@@]3([H])[C@H](\C=C\C3=CC=C(C=N3)C3=CC(F)=CC=C3)[C@]1([H])[C@@H](C)OC2=O)NC(=O)OCC,0.48577436804771423,0.5141865313053131,0.07313200831413269,0.32755568623542786,0.21656275670975447
druglikeRandom,OC(=O)C1=C(I)C(NC(=O)CCCCC(=O)NC2=C(I)C=C(I)C(C(O)=O)=C2I)=C(I)C=C1I,0.9999997615814209,0.9236653223633766,0.23972588777542114,1.0728836059570312e-06,0.019807836413383482
druglikeRandom,NCCC1=CNC=N1,0.9999942779541016,0.2364315390586853,0.04756331443786621,1.895427703857422e-05,0.12285604402422905
druglikeRandom,COC(=O)C1=CN=CC=C1,0.9684252738952637,0.7619724273681641,0.5082525908946991,0.02207261323928833,0.20172367468476296
druglikeRandom,CC1(C)S[C@@H]2[C@H](NC(=O)[C@H](N)C3=CC=CC=C3)C(=O)N2[C@H]1C(=O)OCOC(=O)[C@@H]1N2[C@@H](CC2=O)S(=O)(=O)C1(C)C,1.0,0.17656153440475464,0.0,1.1920928955078125e-07,0.0008157223463058471
druglikeRandom,CC1=CN([C@@H]2C[C@@H](O)[C@H](CO)O2)C(=O)NC1=O,1.0,0.0298423171043396,0.0,0.0,0.0
druglikeRandom,Cc1cccc(C)c1NC(=O)c1ccc(S(=O)(=O)c2ccccc2)o1,0.0038805340882390738,0.0010654095094650984,0.0008528283797204494,0.01062251371331513,0.001309082144871354
druglikeRandom,Cn1nc(C(=O)N2CCSCC2)c2c1CC[C@H](NC1CCCCCC1)C2,0.8493687510490417,0.8486657206667587,0.8324785195291042,0.2785254120826721,0.18016018143389373
druglikeRandom,CC1(C)NC(=O)N(C1=O)C1=CC(=C(C=C1)[N+]([O-])=O)C(F)(F)F,0.7302690744400024,0.7017234023660421,0.5730773061513901,0.6413456276059151,0.38181803598999975
druglikeRandom,CCCC(=O)Nc1nc2cc3c(cc2s1)OCO3,0.024106735363602638,0.334982430562377,0.06166440062224865,0.0077820513397455215,0.012702363915741444
druglikeRandom,[H][C@]12[C@H](OC(=O)C3=CC=CC=C3)[C@]3(O)C[C@H](OC(=O)[C@H](O)[C@@H](NC(=O)OC(C)(C)C)C4=CC=CC=C4)C(C)=C([C@@H](OC)C(=O)[C@]1(C)[C@H](C[C@H]1OC[C@@]21OC(C)=O)OC)C3(C)C,0.9999971389770508,0.00492018461227417,2.86102294921875e-06,7.271766662597656e-06,3.421306610107422e-05
druglikeRandom,CN(C(=O)C(Cl)Cl)C1=CC=C(OC(=O)C2=CC=CO2)C=C1,0.08671968430280685,0.021819449961185455,0.08534196764230728,0.06816810369491577,0.025735967420041563
druglikeRandom,[H][C@]12CCCC3=C1C(=CC=C3)C(=O)N(C2)[C@@H]1CN2CCC1CC2,0.16834230720996857,0.8301693052053452,0.8278571218252182,0.1454267054796219,0.18854470347287133
druglikeRandom,CN(C)c1c[nH+]cc(C(F)(F)F)c1OC1CC1,0.02204510010778904,0.8911696430295706,0.0334088783711195,0.009449558332562447,0.06221932964399457
druglikeRandom,C=CCNS(=O)(=O)c1ccc(NC(=O)c2csc(C)c2)cc1,0.0027006741147488356,0.03066543606109917,0.00040395697578787804,0.0012411794159561396,0.012364591134246438
druglikeRandom,[H][C@@]12CC[C@H](O)[C@@]1(C)CC[C@]1([H])C3=CC=C(O)C=C3C[C@@H](CCCCCCCCCS(=O)CCCC(F)(F)C(F)(F)F)[C@@]21[H],0.9999998807907104,0.02373892068862915,1.1920928955078125e-07,1.1920928955078125e-07,3.846883773803711e-05
druglikeRandom,COc1ccc(/C=C/C(=O)NCc2cc(C(=O)O)c(C)o2)cc1S(=O)(=O)N(C)C,0.0030041246209293604,0.12250384106300771,0.006964921718463302,0.0016343165189027786,0.0013757677748799323
druglikeRandom,CC(C)[C@@H](C)\C=C\[C@@H](C)[C@H]1CC[C@H]2C3=CC=C4C[C@@H](O)CC[C@]4(C)[C@H]3CC[C@]12C,0.9999809265136719,0.005326986312866211,0.0017872452735900879,4.0531158447265625e-06,2.5600194931030273e-05
druglikeRandom,CC(N)COC1=C(C)C=CC=C1C,0.6401087045669556,0.6074136830866337,0.5336115136742592,0.27127349376678467,0.20431415289640426
druglikeRandom,C/C(=N\N=C(N)N)c1cccc(/C(C)=N/NC(N)=N)n1,0.9141849875450134,0.028325557708740234,0.8792031742632389,0.006429314613342285,0.01975184679031372
druglikeRandom,CCOc1cc([C@@H]2c3c(oc4ccccc4c3=O)C(=O)N2c2ccc(C)cn2)ccc1OCCC(C)C,0.07196041196584702,0.9044106379151344,0.8603313341736794,0.08385676890611649,0.14879081143299117
druglikeRandom,OC[C@H]1O[C@@H](OC2=CC(O)=CC(\C=C\C3=CC=C(O)C=C3)=C2)[C@H](O)[C@@H](O)[C@@H]1O,1.0,0.00013577938079833984,0.0,0.0,2.294778823852539e-06
druglikeRandom,CC(C)=C[C@@H]1[C@@H](C(=O)OC2CC(=O)C(CC=C)=C2C)C1(C)C,0.9996956586837769,0.14200109243392944,0.8598635941743851,7.396936416625977e-05,0.008155030012130738
druglikeRandom,CO[C@H](C)[C@H](NC(=O)OC)C(=O)N1CCC[C@H]1C1=NC2=C(N1)C=C(F)C(=C2)[C@H]1CC[C@@H](N1C1=CC(F)=C(N2CCC(CC2)C2=CC=C(F)C=C2)C(F)=C1)C1=CC2=C(NC(=N2)[C@@H]2CCCN2C(=O)[C@@H](NC(=O)OC)[C@@H](C)OC)C=C1F,0.9990803003311157,0.0009195804595947266,0.0007970333099365234,0.00022935867309570312,0.00030301809310913087
druglikeRandom,Fc1ccc2c(c1)c1nc3ccccc3nc1n2Cc1cccnc1,0.012475275434553623,0.024484063498675823,0.013686691410839558,0.0038708634674549103,0.007124841655604541
druglikeRandom,[H]N1CCCCC1C(O)(C1=CC=CC=C1)C1=CC=CC=C1,1.0,0.3899649977684021,0.0014656782150268555,0.0,0.00010462701320648193
druglikeRandom,O=C1Nc2ccc(S(=O)(=O)N3CCN(c4ccccc4F)CC3)cc2C1=C1CCCC1,0.004590293392539024,0.9947196040302515,0.0001614326611161232,0.0018007121980190277,0.12492855170858093
druglikeRandom,COc1ccccc1N1CCN(S(=O)(=O)Cc2ccc(Cl)cc2)CC1,0.0018919998547062278,0.5760549610713497,0.00020648608915507793,0.0008485985454171896,0.00039733312441967426
druglikeRandom,CCCn1c(C)nn(C[N@@H+](C)Cc2c(C)noc2C)c1=S,0.0005583157762885094,0.0008340331260114908,6.632995791733265e-06,0.00018383946735411882,7.993547333171592e-05
druglikeRandom,CNC(=O)C1=CC=C(C=C1F)N1C(=S)N(C(=O)C11CCC1)C1=CC(=C(N=C1)C#N)C(F)(F)F,0.4044840633869171,0.3911487050354481,0.21171805262565613,0.35552019998431206,0.22223848169669508
druglikeRandom,O=C(Nc1nc2c(s1)CCC2)[C@H]1CCCCN1S(=O)(=O)c1cccs1,0.0015460116555914283,0.40307088068220764,9.995419532060623e-06,0.00037422170862555504,0.0009801819658605381
druglikeRandom,Cc1cc(OCC(=O)N(Cc2ccc(F)cc2)[C@@H]2CCS(=O)(=O)C2)ccc1Cl,0.0012954131234437227,0.9955935224425048,0.001487506553530693,0.0010579002555459738,0.0005205539608141407
druglikeRandom,CCN(CC)C(C)CN1C2=CC=CC=C2SC2=CC=CC=C12,1.0,0.21103167533874512,0.19466227293014526,4.76837158203125e-07,0.03398034572601318
druglikeRandom,CN(Cc1ccccc1O)C(=O)CCCc1nc2ccccc2c(=O)[nH]1,0.1143273115158081,0.883901059627533,0.361350417137146,0.8280271887779236,0.16055511943995954
druglikeRandom,CC(=O)[C@H](C)CSc1nnc(-c2ccncc2)n1-c1ccc(C)c(C)c1,0.0021944227628409863,0.23173048766329885,0.0004357022698968649,0.026151707861572504,0.0008463094418402761
druglikeRandom,CCCCC\C=C/C\C=C/CCCCCCCC(O)=O,0.9993650317192078,0.029293298721313477,0.00017952919006347656,5.120038986206055e-05,0.0019996166229248047
druglikeRandom,CC1=C2NC(=O)C3=C(N=CC=C3)N(C3CC3)C2=NC=C1,0.995341420173645,0.9851066609844565,0.050875306129455566,0.004608511924743652,0.04537056684494019
druglikeRandom,CC(C)C(=O)N[C@@H](C)c1nc2ccccc2[nH]1,0.3253249526023865,0.2821744792163372,0.6637877225875854,0.2584407925605774,0.251427835971117
druglikeRandom,CCOc1ccc(NC(=O)Cn2nc(O)c3ccccc3c2=O)c(C)c1,0.001117474865168333,0.0015831398777663708,6.45369291305542e-05,0.0002245432697236538,0.00015520045417360961
druglikeRandom,[H][C@@]1(CCC(C)=CC1)[C@@](C)(O)CCC=C(C)C,0.9800900220870972,0.9548156876116991,0.725843995809555,0.014871358871459961,0.0609634056687355
druglikeRandom,CN1CCN(CC1)C1=NC2=CC(Cl)=CC=C2NC2=CC=CC=C12,1.0,0.9590127915143967,0.014508962631225586,0.0,0.0017278939485549927
druglikeRandom,[H][C@@]12CC[C@](OC(=O)CC)(C(=O)COC(C)=O)[C@@]1(C)C[C@H](O)[C@@]1([H])[C@@]2([H])C[C@H](C)C2=CC(=O)C=C[C@]12C,0.9999990463256836,0.009430229663848877,0.0,3.5762786865234375e-07,8.404254913330078e-07
druglikeRandom,Cc1cc(NC(=O)[C@H](C)SCC(=O)N[C@H]2CC[N@H+](Cc3ccccc3)CC2)no1,0.00025926303351297975,0.7352831535390578,0.00018813999486155808,0.00031836802372708917,0.00015056679185363465
druglikeRandom,Cc1cnn([C@H](C)C2CC2)c1NC(=O)CSc1ccncc1,0.00478300591930747,0.18571667233482003,0.00042694807052612305,0.00288664223626256,0.001417504926212132
druglikeRandom,CCCCC\C(C=O)=C\C1=CC=CC=C1,0.16845624148845673,0.7059164792299271,0.1594109684228897,0.09842102229595184,0.06778025776147842
druglikeRandom,CCOC(=O)N1C=CN(C)C1=S,0.11385989189147949,0.02264179289340973,0.10401825606822968,0.04352027177810669,0.042341448366642
druglikeRandom,[H][C@@]12CC[C@](O)(C(=O)COP(O)(O)=O)[C@@]1(C)C[C@H](O)[C@@]1([H])[C@@]2([H])CCC2=CC(=O)C=C[C@]12C,1.0,0.0,0.0,0.0,0.0
druglikeRandom,COCCOCC(=O)Nc1ccc(OC2CCCC2)c(Cl)c1,0.005210403352975845,0.9191682897508144,2.841232344508171e-05,0.00118913222104311,0.0032283430686220528
druglikeRandom,C[C@H]1CCCC[C@H]1OCCSc1nnnn1Cc1ccco1,0.003601338714361191,0.00521895382553339,0.0006790908519178629,0.000987471779808402,0.001151778525672853
druglikeRandom,O=c1[nH]c(CNCc2ccc(Cl)cc2)nc2ccccc12,0.008307795971632004,0.004493077285587788,0.0010130610316991806,0.9670875854790211,0.0028302113991230727
druglikeRandom,OC(P(O)(O)=O)P(O)(O)=O,1.0,0.0,0.0,0.0,0.0
druglikeRandom,CCCNCC(O)COC1=C(C=CC=C1)C(=O)CCC1=CC=CC=C1,0.9987616539001465,0.9962878201622516,0.007274270057678223,0.0017906427383422852,0.08889402183704079
druglikeRandom,O=c1c([C@H]2NCCC3=c4ccccc4=N[C@@H]32)c(O)[nH]c(=S)n1-c1ccccc1,0.0006335748475976288,0.004843743692617863,2.888450399041176e-05,9.587581735104322e-05,0.00016256091475952417
druglikeRandom,C[C@H](NC(=O)N[C@H]1CCS(=O)(=O)C1)C(=O)Nc1ccccc1F,0.0014056561049073935,0.745653152698651,0.0001452550059184432,0.0028347710613161325,0.0018698445666814223
druglikeRandom,O=C(Nc1ccc(F)c(F)c1F)[C@H]1CC(=O)N(CCc2ccccc2)C1,0.0020725519862025976,0.0067633448634296656,0.0002471173647791147,0.00390228140167892,0.0003732126147951931
druglikeRandom,COC1=C(OC)C(OC)=C2C(CCC(NC(C)=O)C3=CC(=O)C(O)=CC=C23)=C1,0.9861195087432861,0.9807260953821242,0.07455092668533325,0.029084503650665283,0.04571586549282074
druglikeRandom,CSc1ccc(CCNC(=O)CSc2cc(C)nc3c(-c4ccc(F)cc4)cnn23)cc1,0.00020005695114377886,0.00648918746446725,0.0004343556793173775,6.819971895311028e-05,5.839553559781052e-05
druglikeRandom,CC(=O)c1cccoc1=O,0.4518873393535614,0.09425005316734314,0.0031473934650421143,0.5349911153316498,0.07165329158306122
druglikeRandom,CC(C)(OC1=CC=C(CCNC(=O)C2=CC=C(Cl)C=C2)C=C1)C(O)=O,0.32409897446632385,0.6748938858509064,0.29723260924220085,0.04027080535888672,0.22287559527903794
druglikeRandom,[H][C@]12COC(=O)[C@]1([H])[C@]([H])(C1=CC(OC)=C(O)C(OC)=C1)C1=CC3=C(OCO3)C=C1[C@@]2([H])O[C@]1([H])O[C@]2([H])CO[C@]([H])(O[C@@]2([H])[C@]([H])(O)[C@@]1([H])O)C1=CC=CS1,0.999880313873291,0.00010728836059570312,6.67572021484375e-06,7.092952728271484e-05,2.6670098304748534e-05
druglikeRandom,FC(F)(F)C1=CC=C(CNC2=NC=C(CC3=CNC4=NC=C(Cl)C=C34)C=C2)C=N1,0.7992245554924011,0.7529756762087345,0.6790642216801643,0.041451454162597656,0.30433066487312316
druglikeRandom,CCC[C@@H]1N=C2c3ccccc3N=C(SCC(=O)NCc3ccccc3Cl)N2C1=O,0.0033833521883934736,0.9403771024663001,0.00047364900819957256,0.0034502458292990923,0.11285806178930216
druglikeRandom,Cc1ccccc1NC(=O)/C(C#N)=C\c1ccccc1OCc1ccc(C(=O)O)cc1,0.0013249012408778071,0.03577610303182155,3.1739589758217335e-05,0.0015876841498538852,0.0003303220815723762
druglikeRandom,CCOC(=O)C[C@H](C)CNC(=O)N[C@@H]1CCCc2ccccc21,0.005111939739435911,0.01494406582787633,0.0013538310304284096,0.0009758509695529938,0.0015025719068944455
druglikeRandom,[H][C@@]12CC3=C(C=C(CNCC(C)(C)C)C(O)=C3C(=O)C1=C(O)[C@]1(O)C(=O)C(C(N)=O)=C(O)[C@@H](N(C)C)[C@]1([H])C2)N(C)C,0.9935513734817505,0.16207164525985718,0.004439055919647217,0.0013220906257629395,0.011713191866874695
druglikeRandom,CCOC(=O)[C@@H](C)N[C@H](C)c1cccc(OC(F)F)c1,0.021484868600964546,0.9725349973887205,0.8646986912935972,0.01725466363132,0.20455984268337488
druglikeRandom,CCN(CC)C(=O)Cn1cc(C(=O)N(C)Cc2n[nH]c3c2CCCC3)nn1,0.0011560482671484351,0.002713260124437511,0.00016199378296732903,0.0007077884511090815,0.00048823564575286584
druglikeRandom,[H][C@]12SCC(C)=C(N1C(=O)[C@H]2NC(=O)[C@H](N)C1=CC=C(O)C=C1)C(O)=O,0.9999940395355225,0.9852034775540233,1.0728836059570312e-06,5.9604644775390625e-06,0.04222546964883804
druglikeScaffold,COc1ccccc1CCN1COc2c(cc3c(c2C)O/C(=C\c2ccc(OC)c(OC)c2OC)C3=O)C1,0.3713652193546295,0.6286343038082123,0.6285038888454437,0.2800157368183136,0.29828341929242014
druglikeScaffold,CC(C)N1C(\C=C\[C@H](O)C[C@H](O)CC(O)=O)=C(C2=CC=C(F)C=C2)C2=CC=CC=C12,0.9999972581863403,0.00308912992477417,0.01008695363998413,0.00023621320724487305,0.0010962575674057008
druglikeScaffold,COc1ccccc1CN1CCN(CC(=O)Nc2ccc(C)cc2)CC1,0.015622030943632126,0.9056267030537128,0.002250668592751026,0.0034745298326015472,0.006440920103341341
druglikeScaffold,CC(CCC1=CC=CC=C1)NC(C)C(O)C1=CC=C(O)C=C1,0.997707724571228,0.8587941825389862,0.9141127094626427,0.001772165298461914,0.04539085887372494
druglikeScaffold,CC(CCC1=CC=C(O)C=C1)NCCC1=CC(O)=C(O)C=C1,0.9996939897537231,0.6659143567085266,0.6659143567085266,0.0015205144882202148,0.0295983225107193
druglikeScaffold,CC(CCC1=CC=CC=C1)NCC(O)C1=CC(C(N)=O)=C(O)C=C1,0.9999241828918457,0.980892788618803,0.9894608603790402,9.119510650634766e-05,0.015250355005264282
druglikeScaffold,CNC(=O)CN(c1cccc(C)c1)S(=O)(=O)c1ccc2c(c1)n(C)c(=O)n2C,0.006702811922878027,0.6132675097323954,0.0005088360048830509,0.001882994081825018,0.022026358486618845
druglikeScaffold,O=C([C@H](Sc1ccc(S(=O)(=O)N2CCCCC2)cn1)c1ccccc1)N1CCCC1,0.001780561520718038,0.38620127050671726,0.0001891006249934435,0.00036970607470721006,0.0005333214998245239
druglikeScaffold,C[C@H](NCC(=O)Nc1nccs1)c1ccc(-c2cccnc2)cc1,0.008603549562394619,0.17462753597646952,0.0003245668485760689,0.02432058844715357,0.011174134886823594
druglikeScaffold,CCOC(=O)[C@@H]1C(=O)C2=C(C[C@H]1c1ccco1)NC(=O)C[C@H]2c1cccc([N+](=O)[O-])c1,0.001970082288607955,0.10109474533237517,0.00021535437554121017,0.00019096769392490387,0.00042254390427842736
druglikeScaffold,Cc1cnn([C@H](C)C2CC2)c1NC(=O)CSc1ccncc1,0.013866796158254147,0.8932239273563027,0.06376227084547281,0.0065262457355856895,0.012538832798600196
druglikeScaffold,C[C@H](Sc1nnnn1C(C)(C)C)c1nc(-c2cccc(C(F)(F)F)c2)no1,0.007355972658842802,0.22320352541282773,0.019878747407346964,0.0029072193428874016,0.012277513579465448
druglikeScaffold,CCC1=C(C)NC2=C1C(=O)C(CN1CCOCC1)CC2,0.6178764700889587,0.3837226331233978,0.14705020189285278,0.34372174739837646,0.2606700539588928
druglikeScaffold,CC(=O)c1ccc(NC(=O)CSc2nc3ccsc3c(=O)n2-c2cccc(C)c2)cc1,0.0018033604137599468,0.006112247239798307,2.1459185518324375e-05,0.0003993995487689972,0.0001519372861366719
druglikeScaffold,Cc1occc1C(=O)NNC(=S)N[C@@H]1CCCC[C@@H]1C,0.020170599222183228,0.9600190222263336,0.014081648550927639,0.0007219612598419189,0.17241250320803375
druglikeScaffold,NC(=N)NCC1COC2=C(O1)C=CC=C2,0.9974839687347412,0.19988900423049927,0.012056589126586914,0.0017740726470947266,0.0037884056568145753
druglikeScaffold,CCC[N@@H+](CCOCC)C[C@H]1COc2ccccc2O1,0.0033244211226701736,0.9966319482773542,0.00040123937651515007,3.1657982617616653e-06,0.060192772222217174
druglikeScaffold,COc1ccc(C(=O)C2C(=O)C(=O)N(CCN(C)C)[C@@H]2c2ccc([N+](=O)[O-])cc2)cc1Cl,0.15160678327083588,0.8481320887804031,0.7021765261888504,0.07772663235664368,0.18445119308307767
druglikeScaffold,[H][C@@]12CC[C@H](OP(O)(O)=O)[C@@]1(C)CC[C@]1([H])C3=C(CC[C@@]21[H])C=C(OC(=O)N(CCCl)CCCl)C=C3,0.9999998807907104,0.0012515783309936523,1.1920928955078125e-07,1.0728836059570312e-06,2.378225326538086e-06
druglikeScaffold,[H][C@@]12CC[C@@](O)(C#C)[C@@]1(C)CC[C@]1([H])C3=C(CC[C@@]21[H])C=C(O)C=C3,1.0,0.6357538998126984,1.1920928955078125e-07,1.1920928955078125e-07,7.867813110351562e-07
druglikeScaffold,CCCCCCC(=O)O[C@H]1CC[C@H]2[C@@H]3CCC4=CC(OC(=O)CCCCCC)=CC=C4[C@H]3CC[C@]12C,0.9995249509811401,0.7372818291187286,0.00037920475006103516,0.0003826618194580078,0.0038540154695510865
druglikeScaffold,[H][C@@]12CC[C@H](OC(=O)CCCC)[C@@]1(C)CC[C@]1([H])C3=C(CC[C@@]21[H])C=C(O)C=C3,0.9946804642677307,0.971245214343071,0.03553265333175659,0.00919961929321289,0.010408291220664978
druglikeScaffold,[H][C@@]12C[C@@H](O)[C@H](O)[C@@]1(C)CC[C@]1([H])C3=C(CC[C@@]21[H])C=C(O)C=C3,0.9997884631156921,0.8069330453872681,0.0008047819137573242,0.0010842680931091309,0.006812268495559692
druglikeScaffold,[H][C@@]12CC[C@@](O)(C#C)[C@@]1(C)CC[C@]1([H])C3=C(CC[C@@]21[H])C=C(OC)C=C3,0.9999996423721313,0.8616456687450409,1.8358230590820312e-05,2.384185791015625e-07,0.023094025254249573
druglikeScaffold,[H][C@@]12CC[C@H](O)[C@@]1(C)CC[C@]1([H])C3=CC=C(O)C=C3C[C@@H](CCCCCCCCCS(=O)CCCC(F)(F)C(F)(F)F)[C@@]21[H],0.999980092048645,0.2977372407913208,0.1528564691543579,1.71661376953125e-05,0.0008373588323593139
druglikeScaffold,[H][C@@]12CC[C@H](O)[C@@]1(C)CC[C@]1([H])C3=CC=C(OC(C)=O)C=C3CC[C@@]21[H],0.9998070597648621,0.8126788437366486,0.021496176719665527,0.04884970188140869,0.01647404134273529
druglikeScaffold,[H][C@@]12CC[C@H](O)[C@@]1(C)CC[C@]1([H])C3=C(CC[C@@]21[H])C=C(O)C=C3,0.9927886128425598,0.8892156109213829,0.015346825122833252,0.0017076730728149414,0.06709058582782745
druglikeScaffold,[H][C@@]12CC[C@H](O)[C@@]1(C)CC[C@]1([H])C3=CC=C(OC(=O)N(CCCl)CCCl)C=C3CC[C@@]21[H],0.9987346529960632,0.7943916767835617,0.019697368144989014,0.0028444528579711914,0.027282387018203735
druglikeScaffold,O=C(C[C@H]1NC(=O)c2ccccc21)N[C@@H]1N=Nc2ccc(Br)cc21,0.00794224627315998,0.22424046508967876,0.00010391324758529663,0.00021651014685630798,0.008262253715656698
druglikeScaffold,[H][C@]12[C@H](C[C@H](O)C=C1C=C[C@H](C)[C@@H]2CC[C@@H](O)C[C@@H](O)CC(O)=O)OC(=O)[C@@H](C)CC,0.9999998807907104,0.0012813806533813477,0.003224194049835205,1.3113021850585938e-06,0.00019440650939941406
druglikeScaffold,COC1=CC(NC2=NC=C(F)C(NC3=NC4=C(OC(C)(C)C(=O)N4COP(O)(O)=O)C=C3)=N2)=CC(OC)=C1OC,0.999991774559021,0.00030040740966796875,3.337860107421875e-06,6.794929504394531e-06,1.3828277587890625e-05
druglikeScaffold,NS(=O)(=O)CC1=NOC2=CC=CC=C12,0.963750958442688,0.1943044662475586,0.17288368940353394,0.10356742143630981,0.07687048465013505
druglikeScaffold,CN1C(=O)CC(C)(C1=O)C1=CC=CC=C1,0.990009069442749,0.2829800844192505,0.05491369962692261,0.008085787296295166,0.015665653347969054
druglikeScaffold,CN1C(=O)CC(C1=O)C1=CC=CC=C1,0.902904748916626,0.4780046343803406,0.15241461992263794,0.028339803218841553,0.053141969442367556
druglikeScaffold,CC1=[N+]([O-])C=C(N=C1)C(O)=O,0.9999555349349976,0.6380654275417328,0.20348060131072998,0.0005487203598022461,0.07068224847316742
druglikeScaffold,COc1ccc(NS(=O)(=O)c2cc(NC(=O)c3cccc4cccnc34)ccc2OC)cc1,0.0038614997174590826,0.9841676822397858,0.0013909763656556606,0.007496129022911191,0.011931083223316818
druglikeScaffold,COC1=CC(=CC(OC)=C1)N(CCNC(C)C)C1=CC=C2N=CC(=NC2=C1)C1=CN(C)N=C1,1.0,0.997450391529128,9.512901306152344e-05,0.0,3.999471664428711e-06
druglikeScaffold,OC(CN1C=NC=N1)(CN1C=NC=N1)C1=C(F)C=C(F)C=C1,0.9860866069793701,0.045943617820739746,0.01659548282623291,0.019806623458862305,0.011665752530097962
druglikeScaffold,Fc1ccc2c(c1)CCCN2Cc1cccnc1,0.13418559730052948,0.09983022883534431,0.013234034180641174,0.049482136964797974,0.04298290675505996
druglikeScaffold,CSc1nc(O)nnc1SCc1ccccc1,0.03601370379328728,0.06922879442572594,0.07699013128876686,0.022030814550817013,0.018924076994881033
druglikeScaffold,CCc1nc2n(n1)C[C@H](NCCS(C)(=O)=O)CC2,0.4198373258113861,0.4124455573037267,0.40679306257516146,0.13437893986701965,0.22574070694390685
druglikeScaffold,ClC1=CC=C(CCC(CN2C=CN=C2)SC2=C(Cl)C=CC=C2Cl)C=C1,0.07710886001586914,0.9163414239883423,0.06427852436900139,0.04658661037683487,0.0802027520374395
druglikeScaffold,CC(C)c1noc([C@@H]2CCCN2C(=O)COCc2nc3ccccc3[nH]2)n1,0.0024921181611716747,0.19810595782473683,0.0004872188437730074,0.0001297213602811098,0.0005561452824622392
druglikeScaffold,C[C@H](NC(=O)c1cnsn1)c1ccccc1,0.16869743168354034,0.7576168030500412,0.043304622173309326,0.637707993388176,0.13468441255390645
druglikeScaffold,C=CCOc1ccc([C@@H]2c3c(oc4ccc(C)cc4c3=O)C(=O)N2c2ccc(C(C)=O)cc2)cc1,0.0030411584302783012,0.9950930373743176,0.0018737385980784893,0.00020686723291873932,0.0006787748076021672
druglikeScaffold,CCOc1cccc([C@H]2c3c(oc4ccc(Cl)cc4c3=O)C(=O)N2c2ccc(C)cc2)c1,0.004602617584168911,0.9924572641029954,0.004077092744410038,0.000955148134380579,0.0016025068005546927
druglikeScaffold,[H][C@]12SCC(CSC3=NN=NN3C)=C(N1C(=O)[C@]2(NC(=O)C1SC(S1)=C(C(N)=O)C(O)=O)OC)C(O)=O,0.9999785423278809,0.6911503672599792,0.06667619943618774,1.239776611328125e-05,3.675222396850586e-05
druglikeScaffold,COc1cc(OC)nc(Oc2ccccc2C(N)=O)n1,0.974075436592102,0.9044836908578873,0.7938788384199142,0.01799696683883667,0.18391273990273477
druglikeScaffold,CO[C@]1(NC(=O)C(C(O)=O)C2=CSC=C2)[C@H]2SC(C)(C)[C@@H](N2C1=O)C(O)=O,0.9999998807907104,0.0008906722068786621,8.344650268554688e-07,1.1920928955078125e-07,2.8014183044433595e-07
druglikeScaffold,[H][C@]12SC(C)(C)[C@@H](N1C(=O)[C@H]2NC(=O)[C@H](C(O)=O)C1=CSC=C1)C(O)=O,1.0,0.00031697750091552734,0.0,4.76837158203125e-06,0.0002522319555282593
druglikeScaffold,C1CCC(CC1)NC1=CC=C(NC2=CC=CC=C2)C=C1,0.9004910588264465,0.647479385137558,0.43681666254997253,0.08033138513565063,0.10441474020481109
druglikeScaffold,CC(C)NC(=O)Cc1ccc(NC(=O)c2cc3sccn3c2)cc1,0.005705052521079779,0.9192959130741656,0.012632713187485933,0.007155438419431448,0.030565761646721513
druglikeScaffold,CC(C)COC1=CC=C(CNC(=O)N(CC2=CC=C(F)C=C2)C2CCN(C)CC2)C=C1,0.012632661499083042,0.3878891533240676,0.017492019571363926,0.0023129181936383247,0.04354275774676353
druglikeScaffold,CCC(=O)Nc1nc2ccc(NC(=S)NC(=O)c3ccccc3Br)cc2s1,0.0037808427587151527,0.07577118184417486,0.0009605777449905872,0.0012406213209033012,0.0009462384739890694
druglikeScaffold,OC1=CC=C(C=C1)C1=C(C(=O)C2=CC=C(OCCN3CCCCC3)C=C2)C2=C(S1)C=C(O)C=C2,0.9996764659881592,0.017425358295440674,0.017731666564941406,0.0005772113800048828,0.00031940042972564695
druglikeScaffold,CN(CCCNS(=O)(=O)c1ccc(O)c(C(=O)O)c1)c1ccccc1,0.6000584959983826,0.39513450860977173,0.2781432867050171,0.03288155794143677,0.22108301371335984
druglikeScaffold,CCOC1=C(OCC)C(OCC)=C(N)C2=C1C(OC2=O)C1N(C)CCC2=CC3=C(OCO3)C(OC)=C12,1.0,2.5153160095214844e-05,2.753734588623047e-05,0.0,1.4901161193847656e-07
druglikeScaffold,[H][C@@]1(OC(=O)C2=C1C=CC(OC)=C2OC)[C@]1([H])N(C)CCC2=CC3=C(OCO3)C(OC)=C12,0.9999938011169434,0.8588459342718124,0.8588459342718124,5.602836608886719e-06,0.015987968444824217
druglikeScaffold,COC1=CC(C[C@@H]2C3=CC(OC)=C(OC)C=C3CC[N+]2(C)CCCOC(=O)CC\C=C\CCC(=O)OCCC[N+]2(C)CCC3=CC(OC)=C(OC)C=C3[C@H]2CC2=CC(OC)=C(OC)C(OC)=C2)=CC(OC)=C1OC,1.0,0.0,0.0,0.0,0.0
druglikeScaffold,CC(C)[C@H](N)C(=O)N1CCC(C[N@@H+](Cc2ccccc2)C(C)C)CC1,0.003113789949566126,0.9968773885630071,0.0019552590092644095,0.0352908275090158,0.08142882943502627
druglikeScaffold,Cn1cc(C(=O)NCCc2ccccc2)c(=O)c2cc(S(=O)(=O)N3CCOCC3)ccc21,0.003877313109114766,0.9960570025723428,0.000551609555259347,0.0016609898302704096,0.025220802647527307
druglikeScaffold,Cc1cc(C)nc(NS(=O)(=O)c2ccc(NC(=O)[C@H](C)Oc3cc(C)c(Cl)c(C)c3)cc2)n1,0.03385047987103462,0.9658114425837994,0.0282870065420866,0.37872783467173576,0.13544199301395565
druglikeScaffold,O=C1/C(=C\c2ccc(-c3ccc([N+](=O)[O-])cc3)o2)C(O)=NC(=S)N1c1ccc(Br)cc1,0.003307841718196869,0.09095006436109543,0.008984709158539772,0.022127017378807068,0.0006190991145558656
druglikeScaffold,C=CCn1c(CNC(=O)c2ccccc2F)nnc1SCC(=O)Nc1cccc(F)c1,0.0014472495531663299,0.003790004295296967,0.00013065722305327654,0.000429638777859509,0.0001889576786197722
druglikeScaffold,COC(=O)c1ccc([C@@H]2C3=C(CC(C)(C)CC3=O)Nc3nc(SCc4ccccc4F)nn32)cc1,0.0019956736359745264,0.9890648813452572,5.829113069921732e-05,0.0013204552233219147,0.09824651645612903
druglikeScaffold,O=C(CN1C(=O)/C(=C/c2ccccc2F)SC1=S)Nc1cc(Cl)ccc1O,0.04437979683279991,0.9398382045328617,0.03235858492553234,0.06651942804455757,0.028752382192760707
druglikeScaffold,[H]N(C1=C([H])C([H])=C(\C([H])=C(/[H])C2=C([H])N=C(OC([H])([H])C([H])([H])OC([H])([H])C([H])([H])OC([H])([H])C([H])([H])[18F])C([H])=C2[H])C([H])=C1[H])C([H])([H])[H],0.9957524538040161,0.8075926154851913,0.5913213193416595,0.743061363697052,0.023688986897468567
druglikeScaffold,COC1=CC=C(CC(C)(C)NC[C@H](O)C2=C3OCC(=O)NC3=CC(O)=C2)C=C1,0.9997603297233582,0.9953299118205905,0.9767275955528021,0.005956113338470459,0.004932478070259094
druglikeScaffold,CN(CC1=CC=C(C=C1)C(C)(C)C)CC1=CC=CC2=CC=CC=C12,0.10559756308794022,0.8938493654131889,0.7312361523509026,0.4620802327990532,0.37043802477419374
druglikeScaffold,Cc1cc(NC(=O)[C@H]2CCCN(S(=O)(=O)c3c(C)nc(O)[nH]c3=O)C2)ccc1Br,0.006184588186442852,0.7946753995493054,0.0023489315062761307,0.0026475507766008377,0.018069411162286997
druglikeScaffold,O=C1NC2=CC(OCCCCN3CCN(CC3)C3=C4C=CSC4=CC=C3)=CC=C2C=C1,0.15704308450222015,0.83580382168293,0.83580382168293,0.06902945786714554,0.16259772405028344
druglikeScaffold,Cc1cccc(NC(=O)C2CCN(C(=O)c3cnc(-c4ccncc4)[nH]c3=O)CC2)c1,0.00392526900395751,0.9917308636941016,0.000670241191983223,0.002680701669305563,0.03903977979207411
druglikeScaffold,c1cnc2c(OCc3cn4cccnc4n3)ccc(CN3CCCCC3)c2c1,0.003307486418634653,0.7645984045229852,0.09408721094951034,0.007771634962409735,0.002852480229921639
druglikeScaffold,Cc1c(-c2noc(C(=O)NC[C@H]3CC[N@H+](Cc4ccc(Cl)cc4)CC3)n2)oc2ccccc12,0.0011039285454899073,0.023644324159249663,0.002648071851581335,0.00019413197878748178,0.00038300909218378363
druglikeScaffold,CCc1ccc([C@H]2C(C(=O)c3cccs3)C(=O)C(=O)N2CCCOC(C)C)cc1,0.005188353825360537,0.8159313122741878,0.0006801728159189224,0.007801244501024485,0.03622366398340091
druglikeScaffold,O=C(OCCOc1ccccc1F)c1sccc1-n1cnnn1,0.006394110154360533,0.9073542137630284,0.10676049487665296,0.00891136797145009,0.021620163368061183
druglikeScaffold,Cc1ccc(C)c(N2CCN(c3ccc(NC(=O)c4cccs4)cc3C(=O)O)CC2)c1,0.006460064556449652,0.7589389742352068,0.0024098739959299564,0.16351824114099145,0.03919497542083263
druglikeScaffold,COc1ccc(C(=O)ON=C2C=CC(=O)C=C2)cc1,0.009976484812796116,0.7178477263078094,0.0015045106410980225,0.001811041496694088,0.18315699978265912
druglikeScaffold,CC(=O)Nc1cccc2c1CCN(c1nc3ccccc3nc1N1C[C@H](C)O[C@H](C)C1)C2,0.5644654631614685,0.4282847046852112,0.24322041869163513,0.06007295846939087,0.17003612369298934
druglikeScaffold,CC(C)CC(=O)C1=C(O)C(=O)N(CC2(c3ccccc3)CCCC2)[C@@H]1c1ccc([N+](=O)[O-])cc1,0.003964344505220652,0.037722071167081594,0.00030544446781277657,0.04430433874949813,0.0055178982089273635
druglikeScaffold,CCCCOC(=O)CSc1nc2ccccc2c(=O)n1Cc1ccco1,0.00239202450029552,0.10803949763067067,0.00011815386824309826,0.000343777472153306,0.0005724072339944542
druglikeScaffold,OC(=O)CC1(CC1)CS[C@H](CCC1=CC=CC=C1C(O)(C)C)C1=CC=CC(\C=C\C2=NC3=C(C=CC(Cl)=C3)C=C2)=C1,0.9947375655174255,0.16140568256378174,0.00410306453704834,0.002227306365966797,0.011938518285751343
druglikeScaffold,Cc1c(CCC(=O)Nc2nccs2)c(=O)oc2cc3occ(C(C)(C)C)c3cc12,0.7758493423461914,0.7730375344399363,0.7675886312499642,0.22398114204406738,0.2590416457504034
druglikeScaffold,CN1CCC(CC1)OC(C1=CC=CC=C1)C1=CC=CC=C1,0.9988741278648376,0.7009713053703308,0.06360214948654175,0.8910448551177979,0.0630891814827919
druglikeScaffold,COc1ccc(Cn2nnc3c(O)nc(C4CCN(C(=O)c5ccccc5Cl)CC4)nc32)cc1OC,0.005325565580278635,0.9945629737339914,0.0028194228652864695,0.03274384280666709,0.06319133534561842
druglikeScaffold,[H][C@@]1(CNC2=C(N1)C(=O)NC(N)=N2)[C@@H](O)[C@H](C)O,0.999354898929596,0.2566480040550232,0.012286722660064697,0.0003598928451538086,0.007477888464927673
druglikeScaffold,CC(C)(C)OC(=O)N1CCCC[C@@H]1COCc1ccc(Cl)nn1,0.004412728827446699,0.9906718549318612,0.0006102197803556919,0.008589782286435366,0.04146094539901242
druglikeScaffold,Cc1cc(C)cc(CS(=O)(=O)C[C@@H](O)c2cccc(Br)c2)c1,0.012154634110629559,0.15278251934796572,0.0005355924367904663,0.07500275690108538,0.012360961304511874
druglikeScaffold,Cc1ccccc1-c1noc(COC(=O)c2cccnc2N(C)C)n1,0.008744685910642147,0.32773295138031244,0.002278963103890419,0.02204969245940447,0.032172573101706806
druglikeScaffold,CC(=O)OC1=CC=CC=C1C(=O)NC1=NC=C(S1)[N+]([O-])=O,0.8521101474761963,0.8231730312108994,0.6967139691114426,0.7919699102640152,0.3114158730953932
druglikeScaffold,CCN1CCN(CC(=O)NCc2ccc3c(c2)=C(C)[C@@H](c2ccccc2F)N=3)CC1,0.010220040567219257,0.207837144844234,0.005176198668777943,0.0016270754858851433,0.007140877679921687
druglikeScaffold,Cc1ncc(CO)c(CN2CCC[C@H]2c2ccccn2)c1O,0.6172217130661011,0.08701592683792114,0.5274614468216896,0.38277387619018555,0.3519451553002
druglikeScaffold,CC1=CC=C(NC(=O)C2(CC2)C2=CC=C3OC(F)(F)OC3=C2)N=C1C1=CC(=CC=C1)C(O)=O,0.13179054856300354,0.8677205741405487,0.12272300850600004,0.1830572485923767,0.2689842483960092
druglikeScaffold,CC[C@@]12C=CCN3CC[C@@]4([C@H]13)[C@@H](N(C)C1=CC(OC)=C(C=C41)[C@]1(C[C@@H]3C[C@H](C[N@@](C3)CC3=C1NC1=CC=CC=C31)C(C)(F)F)C(=O)OC)[C@](O)([C@@H]2OC(C)=O)C(=O)OC,1.0,5.0067901611328125e-06,0.0,0.0,4.172325134277344e-07
druglikeScaffold,Cc1ccc(-c2nc(OC(C)C)nn2-c2ccc(NC(=O)c3ccccc3F)cc2)cc1,0.9075644016265869,0.9023832832463086,0.13142001628875732,0.41193121671676636,0.22176890667760746
druglikeScaffold,CC(C)Sc1ccc(CC(=O)NC[C@H](O)c2ccsc2)cc1,0.005400232505053282,0.9266703207977116,0.0023522591218352318,0.0011880062520503998,0.02110330988653004
druglikeScaffold,O=C(c1ccc([N+](=O)[O-])o1)N1CCC(Oc2cnccn2)CC1,0.010018724016845226,0.5006138505414128,0.0033486811444163322,0.007721428759396076,0.01617789986776188
druglikeScaffold,CC(C(O)=O)C1=CC2=C(C=C1)C1=C(N2)C=CC(Cl)=C1,0.9583709836006165,0.23783868551254272,0.1619892120361328,0.13416677713394165,0.06785329282283784
druglikeScaffold,CCC(CC)NCc1ccc2c(c1)c1ccccc1n2CC,0.006872172001749277,0.38490927731618285,0.0001851208508014679,0.0024932916276156902,0.004473317030351609
druglikeScaffold,CCC(=O)NS(=O)(=O)C1=CC=C(C=C1)C1=C(C)ON=C1C1=CC=CC=C1,0.5595449805259705,0.5345605090260506,0.14693275094032288,0.18666541576385498,0.19610051214694976
druglikeScaffold,CC1=C(C(=NO1)C1=CC=CC=C1)C1=CC=C(C=C1)S(N)(=O)=O,0.8051626682281494,0.7175309509038925,0.293273389339447,0.23636460304260254,0.17958490205928684
druglikeScaffold,COc1cc(OC)c(CCC(=O)N2CC[C@H](S(=O)(=O)c3ccc(Cl)cc3)C2)c(OC)c1,0.013185320422053337,0.9866525549441576,0.0320077259093523,0.09852294810116291,0.11272529244888574
druglikeScaffold,Cn1cc([N-]S(=O)(=O)c2cnc[nH]2)cc(Br)c1=O,0.01156541332602501,0.1542414017021656,0.0014661485329270363,0.002637443132698536,0.004835635423660278
druglikeScaffold,O=C(Nc1ccc(-c2cccc(F)c2)cc1)[C@H]1CCCN(C(=O)Cn2cncn2)C1,0.022271649911999702,0.9232356380671263,0.05519719235599041,0.016623446717858315,0.03627207402605563
druglikeScaffold,COC1=C(NC(=O)\C=C\CN2CCCCC2)C=C2C(NC3=CC(Cl)=C(F)C=C3)=NC=NC2=C1,0.9781960248947144,0.7235304713249207,0.3647248148918152,0.04751241207122803,0.06564867794513703
druglikeScaffold,COC(=O)C1=C(Nc2ccccc2NS(=O)(=O)c2ccccc2Cl)CSC1,0.2302785962820053,0.7695595175027847,0.03680397570133209,0.6383517533540726,0.22241624258458614
druglikeScaffold,CCOc1ccc(/C=N/n2cnnc2SCc2ccccc2)cc1OCC,0.002849287586286664,0.9909089140128344,0.00036652572453022003,3.8937898352742195e-05,0.0003396208980120718
druglikeScaffold,CCCCCNC(=O)[C@@H](C)[N@H+]1CC[C@H](OCc2ccc(F)cc2)CC1,0.0018912787782028317,0.9978919391287491,0.0003202862571924925,0.0001680467976257205,0.017395366221899168
druglikeScaffold,CC(=O)CCCSc1nnnn1Cc1ccccc1,0.012274449691176414,0.03738214634358883,0.0014544352889060974,0.0016929833218455315,0.008143403031863273
druglikeScaffold,O=C(CSc1nc2cc3c(cc2c(=O)n1Cc1ccco1)OCO3)Nc1cc(C(F)(F)F)ccc1Cl,0.004327502101659775,0.7722214795649052,0.2579444386065006,0.0019350408110767603,0.005968192708678544
druglikeScaffold,COC(=O)NC1=NC2=C(N1)C=C(C=C2)C(=O)C1=CC=CC=C1,0.8705143332481384,0.8308081142604351,0.6625172048807144,0.11158782243728638,0.1540854660794139
druglikeScaffold,CC(=O)NCc1ccc(C(=O)OC[C@@H]2CC2(Cl)Cl)cc1,0.9821465611457825,0.9378547444939613,0.9070619195699692,0.004683971405029297,0.06800025291740894
druglikeScaffold,CCN(CC)S(=O)(=O)c1ccc2c(c1)CCN2C(=O)c1ccc(C)nc1,0.07579774409532547,0.4720482751727104,0.49292706698179245,0.02537228912115097,0.03274912890046835
druglikeScaffold,CN(Cc1cn(-c2ccccc2)nc1-c1cccs1)C(=O)C1CCCC1,0.003255335381254554,0.6077857932541519,0.0005923353601247072,0.0007163579575717449,0.00704959585564211
druglikeScaffold,[H][C@@]12CC[C@](O)(C(=O)COC(=O)CCC3CCCC3)[C@@]1(C)C[C@H](O)[C@@]1([H])[C@@]2([H])CCC2=CC(=O)CC[C@]12C,0.9999998807907104,0.011425971984863281,0.0,5.0067901611328125e-06,9.101629257202148e-06
druglikeScaffold,CCN1c2ccccc2-c2nc(SCc3cc(F)cc(F)c3)ncc2S1(=O)=O,0.0028996411710977554,0.10213498584926128,0.0005231662653386593,0.0007224169094115496,0.0018135037505999207
druglikeScaffold,CN1C(C(=O)NC2=CC=CC=N2)=C(O)C2=C(C=CS2)S1(=O)=O,0.1859096735715866,0.8130235821008682,0.1553002018481493,0.07137847691774368,0.22907284796237945
druglikeScaffold,CN1C(C(=O)NC2=CC=CC=N2)=C(O)C2=C(C=C(Cl)S2)S1(=O)=O,0.9858987331390381,0.8872383907437325,0.9248370304703712,0.6229073703289032,0.14230862855911255
druglikeScaffold,O=[N+]([O-])c1ccccc1S(=O)(=O)N(Cc1cnc2ccccn12)C1CC1,0.019906718283891678,0.7347999028861523,0.020470116287469864,0.019393064081668854,0.00961725115776062
druglikeScaffold,CCCCOC1=CC=C(OCCCN2CCOCC2)C=C1,0.0943768247961998,0.762641467154026,0.6505164280533791,0.06966907531023026,0.05745100439526141
druglikeScaffold,O=C(N[C@@H](CN1CCCC1)c1ccccc1)N[C@H]1CC[N@H+](C2CC2)CC1,0.0017927123699337244,0.9980995224323124,6.42512459307909e-05,0.0003967428347095847,0.0047621627221815285
druglikeScaffold,NC1=CC=C(C=C1)S(=O)(=O)NC1=CC=CC=N1,0.9597226977348328,0.5982495248317719,0.1280970573425293,0.0068128108978271484,0.0606224998831749
druglikeScaffold,Cc1ccccc1C(=O)Nc1ccc2nc(-c3ccc(C(C)C)cc3)oc2c1,0.020463382825255394,0.9710496906191111,0.014425773173570633,0.05787319876253605,0.01443961274344474
druglikeScaffold,CCOCc1cc(C[N@@H+]2CCc3[nH]c(-c4ccncc4)nc(=O)c3C2)ccc1OC,0.0018552426481619477,0.008169244392775,6.677501369267702e-05,0.0018969894153997302,9.598609176464379e-05
druglikeScaffold,COc1ccc(C(=O)N(C)[C@@H]2CCOC2)cc1O[C@H]1CC[N@H+](C(C)C)CC1,0.001380212139338255,0.9986159731633961,3.180466592311859e-07,0.00010555540211498737,0.0018957168445922433
druglikeScaffold,CCC/C(=N/NC(=O)c1cc(OC)c(OC)c(OC)c1)c1ccccc1,0.0024630213156342506,0.8054054593667388,0.00048350426368415356,0.0015265559777617455,0.018064979155315086
druglikeScaffold,COc1cc(/C=N/NC(=O)c2cccc(F)c2)cc(I)c1O,0.741459310054779,0.7054732665419579,0.035281598567962646,0.18520087003707886,0.16438072100281714
druglikeScaffold,CC(=O)N(c1nc2ccccc2n(CC(=O)Nc2cccc(Cl)c2C)c1=O)C1CCCCC1,0.02650015987455845,0.8403770979493856,0.06764099560678005,0.23049375973641872,0.05347316209226847
druglikeScaffold,O=C(CCCn1cc[nH+]c1)Nc1n[nH]c(-c2ccccc2F)n1,0.10092341154813766,0.8055480197072029,0.09087954182177782,0.047552429139614105,0.17420458658598365
druglikeScaffold,CC1=NN=C(NS(=O)(=O)C2=CC=C(N)C=C2)S1,0.8989259600639343,0.5921787619590759,0.5103607177734375,0.0104750394821167,0.11264990270137787
druglikeScaffold,COc1cc([C@H]2N(c3ccc(Cl)cc3)N=C(C(C)=O)N2c2ccc(N3CCOCC3)cc2)ccc1OCc1ccc(Cl)cc1,0.04654526337981224,0.829906526952982,0.6739153899252415,0.39101001992821693,0.06867279284633696
druglikeScaffold,O=C(Cn1cnc2ccccc2c1=O)N(C[C@H]1CCCO1)[C@@H]1CCSC1,0.07359667867422104,0.9264002218842506,0.918493427336216,0.1071464791893959,0.09491701112128795
druglikeScaffold,Cc1ccc(/C=C/C(=O)Nc2nccs2)cc1,0.02404056116938591,0.6651848144829273,0.00388495996594429,0.037164170295000076,0.05799422385171056
druglikeScaffold,c1cc(CNCc2csc(-c3ccsc3)n2)cc(N2CCCCC2)[nH+]1,0.0022155852057039738,0.11905265739187598,0.0014646402560174465,0.7318889289163053,0.0022217015735805034
druglikeScaffold,[H][C@]12C[C@@H](O)[C@H](\C=C\[C@@H](O)CCCCC)[C@@]1([H])C\C(O2)=C\CCCC(O)=O,0.9999876022338867,0.03603893518447876,0.020013093948364258,8.273124694824219e-05,0.00030663907527923585
druglikeScaffold,CCCCCOc1ccc(C(=O)NC[C@@H](C)NC(=O)c2ccc(OCCCCC)cc2)cc1,0.0021067385096102953,0.9978591676335782,7.296493276953697e-05,0.00011690543033182621,0.04020173617755063
druglikeScaffold,C[N@@H+](CC(=O)NCC(=O)N[C@@H]1CCS(=O)(=O)C1)C1CC1,0.0019188008736819029,0.8376222171355039,0.17440359969623387,0.0002459546085447073,0.006644612492527813
druglikeScaffold,CC(C)C[C@H](NC(=O)[C@@H](CC1=CC=C(NC(N)=O)C=C1)NC(=O)[C@H](CC1=CC=C(NC(=O)[C@@H]2CC(=O)NC(=O)N2)C=C1)NC(=O)[C@H](CO)NC(=O)[C@@H](CC1=CC=CN=C1)NC(=O)[C@@H](CC1=CC=C(Cl)C=C1)NC(=O)[C@@H](CC1=CC=C2C=CC=CC2=C1)NC(C)=O)C(=O)N[C@@H](CCCCNC(C)C)C(=O)N1CCC[C@H]1C(=O)N[C@H](C)C(N)=O,1.0,1.1920928955078125e-06,0.0,0.0,1.1920928955078126e-08
druglikeScaffold,O=C1N(c2ccccc2)CCS1(=O)=O,0.3278672993183136,0.016703307628631592,0.48522910475730896,0.29913756251335144,0.1299331985414028
druglikeScaffold,O=C(C[C@@H]1Sc2ccccc2NC1=O)NCc1c(O)ccc2c1CCCC2,0.768987774848938,0.7638580459170043,0.7075701281428337,0.23037022352218628,0.13528820872306824
druglikeScaffold,O=C(NCCC1=CCCCC1)[C@@H]1CCCN(c2nc3ccc(F)cc3s2)C1,0.006247209385037422,0.9870005380362272,3.226427361369133e-05,0.0006989338435232639,0.023454494343604894
druglikeScaffold,O=C(Nc1cnn(Cc2cccc(F)c2)c1)Nc1ccccc1C(F)(F)F,0.12207730114459991,0.11342195142060518,0.05119320750236511,0.09782451577484608,0.03095111157745123
druglikeScaffold,Cc1nc(C)c(C(=O)N(C)Cc2ccc(Cl)c(Cl)c2)s1,0.05819740891456604,0.15029318630695343,0.03788636811077595,0.014156553894281387,0.04304890604689717
druglikeScaffold,[H][C@@]12O[C@@]3([H])CCC4CC(=O)C[C@H]5[C@H](C[C@H]6O[C@H](C[C@@H](C)C6=C)CC[C@@H]6O[C@H](CC6=C)CC[C@@]67C[C@@H](O[C@H]1[C@@H](O6)[C@@]3([H])O4)[C@@H]2O7)O[C@H](C[C@H](O)CN)[C@@H]5OC,1.0,8.344650268554688e-06,0.0,0.0,2.9802322387695312e-08
druglikeScaffold,CS(=O)(=O)CC[N@H+]1CC[C@H](NC(=O)c2ccc(Br)c(F)c2)CC1,0.0012451374204829335,0.3113482332555577,0.0009001054568216205,2.2994354367256165e-06,0.00040791534120216967
druglikeScaffold,C[C@@H]1COCC[N@H+]1C[C@H](O)Cn1c2ccccc2c2ccccc21,0.001707260264083743,0.9922987774480134,0.00016922433860599995,8.874177001416683e-05,0.05092860659933649
druglikeScaffold,CC(O)COCC1OC(OC2C(COCC(C)O)OC(OCC(C)O)C(OCC(C)O)C2OCC(C)O)C(OCC(C)O)C(OCC(C)O)C1OCC(C)O,0.9999997615814209,0.00011754035949707031,0.0,2.384185791015625e-07,6.735324859619141e-07
druglikeScaffold,O[C@@H]1CO[C@@H](O[C@@H]2CO[C@@H](O)[C@H](OS(O)(=O)=O)[C@H]2OS(O)(=O)=O)[C@H](OS(O)(=O)=O)[C@H]1OS(O)(=O)=O,1.0,0.0,0.0,0.0,0.0
druglikeScaffold,OC[C@H]1O[C@@H](O[C@H]2[C@H](O)[C@@H](O)C(O)O[C@@H]2CO)[C@H](O)[C@@H](O)[C@H]1O,1.0,2.777576446533203e-05,0.0,1.1920928955078125e-07,1.3053417205810546e-06
druglikeScaffold,OC1C(O)C(OC2C(O)C(O)C(OP)OC2C(O)=O)OC(C1P)C(O)=O,1.0,0.0,0.0,0.0,0.0
druglikeScaffold,CC[C@@]1(c2ccc(Cl)cc2)NC(=O)N(CC(=O)N2CCCC[C@@H]2C)C1=O,0.03155307471752167,0.0828835740685463,0.11332610249519348,0.016691045835614204,0.015628832997754215
druglikeScaffold,[H][C@@]1(O[C@@H]2[C@@H](O)[C@H](N)C[C@H](N)[C@H]2O[C@H]2O[C@H](CN)[C@@H](O)[C@H](O)[C@H]2N)O[C@H](CO)[C@@H](O)[C@H]1O,1.0,0.0,0.0,0.0,0.0
druglikeScaffold,Cc1ccccc1NC(=O)/C(C#N)=C\c1ccccc1OCc1ccc(C(=O)O)cc1,0.005278641823679209,0.16323616122826934,0.002856014994904399,0.07862662291154265,0.0013217526488006116
druglikeScaffold,COC1=C(OC)C=C2C(N)=NC(=NC2=C1)N1CCN(CC1)C(=O)C1=CC=CO1,0.5605767369270325,0.13349026441574097,0.2979446053504944,0.25950396060943604,0.23134813755750655
druglikeScaffold,Cc1ccc(-c2cc3c(c(OC[C@H]4CCC[N@@H+](C)C4)c2)OCCN(C(=O)Cc2ccc(F)cc2)C3)s1,0.00128738465718925,0.9977632921654731,0.00015159184113144875,0.000207636971026659,0.12311943610548041
druglikeScaffold,CCCN(CCC1=CC=CS1)[C@H]1CCC2=C(O)C=CC=C2C1,0.9998986721038818,0.5679133832454681,8.404254913330078e-05,0.00015348196029663086,0.008794981241226196
druglikeScaffold,CS(=O)(=O)c1ccc(N2CCN([C@@H]3CC(=O)N(c4ccc5c(c4)OCO5)C3=O)CC2)cc1,0.9609343409538269,0.8228917717933655,0.927759014070034,0.8712107539176941,0.15867542326450348
druglikeScaffold,COC1=C(OCCCN2CCOCC2)C=C2C(NC3=CC(Cl)=C(F)C=C3)=NC=NC2=C1,0.9973209500312805,0.5520861148834229,0.06943351030349731,0.002181828022003174,0.007565206289291382
druglikeScaffold,C[N+]1(C)CCCC(C1)OC(=O)C(O)(C1=CC=CC=C1)C1=CC=CC=C1,1.0,0.06616073846817017,0.0,0.0,1.710653305053711e-06
druglikeScaffold,COC1=CC=C(CCN2CCC(CC2)NC2=NC3=CC=CC=C3N2CC2=CC=C(F)C=C2)C=C1,0.43994495272636414,0.5591177642345428,0.5067353546619415,0.3248942792415619,0.16679314423818142
druglikeScaffold,Cl[C@H]1[C@H](Cl)[C@@H](Cl)[C@@H](Cl)[C@H](Cl)[C@H]1Cl,0.7902975678443909,0.14265340566635132,0.012924909591674805,0.11373007297515869,0.10826690196990967
druglikeScaffold,NC(=O)OC1(CCCCC1)C#C,0.9999977350234985,0.10350710153579712,0.13582080602645874,2.1457672119140625e-06,0.013944166898727416
druglikeScaffold,NCC1(CC(O)=O)CCCCC1,0.9925082325935364,0.13729465007781982,0.02863842248916626,0.007050871849060059,0.0402956873178482
druglikeScaffold,CC(C)[C@@H]1CC[C@@H](C)C[C@H]1O,0.567343533039093,0.37076061964035034,0.16322875022888184,0.3689294457435608,0.1857112929224968
druglikeScaffold,NC[C@H]1CC[C@@H](CC1)C(O)=O,0.9991336464881897,0.11789238452911377,0.009016752243041992,0.0012400150299072266,0.010225611925125121
druglikeScaffold,CNC(C)CC1CCCCC1,0.9961684346199036,0.6226380467414856,0.7998545467853546,0.038092076778411865,0.08148218095302581
druglikeScaffold,ClCCN(N=O)C(=O)NC1CCCCC1,0.99169921875,0.8566359281539917,0.836142361164093,0.10269087553024292,0.1669068794697523
druglikeScaffold,O[C@H]1[C@H](O)[C@@H](O)[C@H](O)[C@H](O)[C@@H]1O,0.9999997615814209,2.682209014892578e-05,2.384185791015625e-07,0.0010259151458740234,1.4227628707885742e-05
druglikeScaffold,CC(C)C(=O)OC(C)OC(=O)NCC1(CC(O)=O)CCCCC1,0.9961010217666626,0.819565936923027,0.8745694234967232,0.0019264817237854004,0.0860735222697258
druglikeScaffold,COC(=O)[C@@H]1CCCC[C@H]1O,0.7442935705184937,0.47852063179016113,0.10715234279632568,0.0021233558654785156,0.20762569829821587
druglikeScaffold,C[C@H]1C[C@H](NN(C)C)C(C#N)(C#N)CC1(C#N)C#N,0.8718193173408508,0.8621154613792896,0.17366647720336914,0.41880562901496887,0.15042848214507104
druglikeScaffold,CNC(=O)NCC(=O)NCCC[N@@H+](C)C1CCCCC1,0.0028847435023635626,0.9971132299397141,0.6711694619152695,0.0007882809732109308,0.05344356065616011
druglikeScaffold,NCCCC[C@@H]1NC(=O)[C@@H](CC2=CNC3=C2C=CC=C3)NC(=O)[C@@H](NC(=O)[C@@H]2C[C@H](CN2C(=O)[C@H](CC2=CC=CC=C2)NC(=O)[C@H](CC2=CC=C(OCC3=CC=CC=C3)C=C2)NC1=O)OC(=O)NCCN)C1=CC=CC=C1,0.9999963045120239,0.00015246868133544922,1.0728836059570312e-06,2.5033950805664062e-06,3.6418437957763673e-06
druglikeScaffold,[H]\C(=C(\[H])C1=NCCCN1C)C1=CC=CS1,0.7902928590774536,0.7291009463369846,0.45093443989753723,0.7276371270418167,0.3781574722379446
druglikeScaffold,Cc1nc2cc(F)cc(C(=O)NNC(=O)[C@H]3CCCO3)c2nc1C,0.019064519554376602,0.9372616074979305,0.003558605909347534,0.10089774057269096,0.11618916171137243
druglikeScaffold,Cc1cc(C)n2c(CNCc3ccc(OC(F)F)cc3)cnc2n1,0.0029685532208532095,0.00036664027720689774,0.0013730002101510763,0.0016871660482138395,0.0008622488880064338
druglikeScaffold,CCOc1ccc(F)c(C(=O)N[C@@H](C)CN2C[C@@H](C)C[C@H](C)C2)c1F,0.17899782955646515,0.8210000246763229,0.15722950547933578,0.5798323601484299,0.2527199727715924
druglikeScaffold,COCCN(C)c1ccc(NCc2cccc3cn[nH]c23)nc1,0.007274979259818792,0.10297494241967797,0.0002351873554289341,0.006218059454113245,0.006039924453943968
druglikeScaffold,CCOC(=O)C1=C(C)N(c2ccccc2OC)C(C)=C(C(=O)OCC)C1c1ccc([N+](=O)[O-])cc1,0.8269496560096741,0.8256546258926392,0.04084569215774536,0.37395188212394714,0.20716718942858278
druglikeScaffold,COc1cc(CNCc2cccnc2)ccc1OCc1c(Cl)cccc1Cl,0.016702862456440926,0.010783317033201456,0.00846996158361435,0.05631999485194683,0.02221443918533623
druglikeScaffold,CCOc1ccc([N+](=O)[O-])cc1CNCc1ccnc(OC2CCC2)c1,0.008493824861943722,0.3517203787341714,0.003504475113004446,0.7844979325309396,0.01638104800367728
druglikeScaffold,C=CCn1c(=O)[nH]c(O)c(C(=O)/C=C/c2ccc(OCC)cc2)c1=O,0.08870150148868561,0.7765083163976669,0.5070431679487228,0.3063522130250931,0.08472744734026491
druglikeScaffold,O=C(CNCCC1=CCCCC1)NCc1ccccc1Cl,0.35899195075035095,0.1843603551387787,0.03853863477706909,0.08266344666481018,0.17472843900322915
druglikeScaffold,C[C@H](Oc1cccc(F)c1)C(=O)N1CCC([C@@H]2C[C@H](C(F)F)n3ncnc3N2)CC1,0.0867820754647255,0.9132174476981163,0.06699072942137718,0.020157933235168457,0.13087329480331392
druglikeScaffold,C[C@H]1CN(S(=O)(=O)c2ccc3c(c2)NCCS3)c2ccccc2S1,0.0017449029255658388,0.9899960390757769,0.00010133476462215185,0.00046983384527266026,0.029350727744167672
druglikeScaffold,CN(C)C(=O)[C@H]1CC[C@H](NC(=O)C(=O)NC2=NC=C(Cl)C=C2)[C@@H](C1)NC(=O)C1=NC2=C(CN(C)CC2)S1,0.00834853108972311,0.925822370685637,0.006457950570620596,0.006849741446785629,0.09471909089479595
druglikeScaffold,CN(Cc1cccc(C#N)c1)C(=O)c1cc(C2CC2)nc2c1c(O)nn2C,0.06262931227684021,0.7528126537799835,0.5381921231746674,0.01350511983036995,0.05593971577472985
druglikeScaffold,CCOC(=O)c1ccc(CN2CCOC[C@H]2c2ccc(C)o2)o1,0.010459054261446,3.1818635761737823e-05,0.0026640044525265694,0.0009659919887781143,0.0014798218850046395
druglikeScaffold,CCC(=O)O[C@@](CC1=CC=CC=C1)([C@H](C)CN(C)C)C1=CC=CC=C1,0.8133268356323242,0.8086943523958325,0.735528938472271,0.7927889488637447,0.21681113950908185
druglikeScaffold,CN(C)S(=O)(=O)C1=CC2=C(SC3=CC=CC=C3\C2=C\CCN2CCN(C)CC2)C=C1,1.0,0.0,0.0,0.0,0.0
druglikeScaffold,OCCN1CCN(CC\C=C2\C3=CC=CC=C3SC3=C2C=C(Cl)C=C3)CC1,1.0,0.0,0.0,0.0,0.0
druglikeScaffold,[H]\C(CCN1CCN(CCO)CC1)=C1/C2=CC=CC=C2SC2=C1C=C(C=C2)C(F)(F)F,1.0,0.0,0.0,0.0,0.0
druglikeScaffold,COc1ccc([C@@H]2[C@@H](C(=O)Nc3cc(OC)c(OC)c(OC)c3)c3ccccc3C(=O)N2C)cc1OC,0.0025223619304597378,0.9960248940624297,0.0009489173535257578,0.0056413267739117146,0.012033288914244622
druglikeScaffold,CC[C@H]1[C@@H]2C[C@H]3[C@@H]4N(C)C5=CC=CC=C5[C@]44C[C@@H](C2[C@H]4O)N3[C@@H]1O,1.0,4.76837158203125e-07,0.0,0.0,6.556510925292969e-08
druglikeScaffold,Cc1ccc(C(=O)NCC(=O)O[C@H](C)C(=O)Nc2ccccc2C)cc1,0.028427492827177048,0.9531881101429462,0.00299077108502388,0.015583772212266922,0.11231023201253265
druglikeScaffold,COc1cc(C#N)ccc1O[C@H](C)C(=O)N[C@H]1CCCC[C@@H]1C,0.032453518360853195,0.9674711413681507,0.0019005462527275085,0.06030494347214699,0.08683532546274364
druglikeScaffold,COc1cc(C(C)=O)ccc1OCC(=O)N[C@H]1CCCC[C@@H]1C,0.014260782860219479,0.9813443878665566,0.008682666812092066,0.02231964562088251,0.02948081528302282
druglikeScaffold,C[C@@H](Oc1ccc(Cl)cc1Cl)C(=O)N[C@H]1CCCC[C@H]1C,0.14347471296787262,0.856511577963829,0.8564776033163071,0.0161258727312088,0.1347346484195441
druglikeScaffold,C[C@H](CCc1ccccc1)n1c(=O)c2sccc2n(CC(=O)O)c1=O,0.19068701565265656,0.19325260818004608,0.05897879600524902,0.09288258850574493,0.07235672059468926
druglikeScaffold,C=CCn1nc(C(=O)O)c2c1CC[C@H](N1CCN(C(=O)C(C)(C)C)CC1)C2,0.3445099890232086,0.6511284410953522,0.21740081906318665,0.21740081906318665,0.13152196556329726
druglikeScaffold,COC(=O)c1ccc(/C=N/Nc2nncn2N)cc1,0.10937879234552383,0.008533880114555359,0.041271694004535675,0.05187032371759415,0.032385786063969135
druglikeScaffold,Cc1c(NC(=O)COc2ccc(Br)cc2)cccc1-c1nc2ncccc2o1,0.03895160183310509,0.9501884318888187,0.008265657350420952,0.024447623640298843,0.02967964350245893
druglikeScaffold,[S-]c1nnc(-c2ccc(Cl)cc2Cl)[nH]1,0.15232639014720917,0.6781979352235794,0.04718208312988281,0.028441056609153748,0.1655975505709648
druglikeScaffold,Cn1c(SCCCS(C)(=O)=O)nnc1-c1ccccc1F,0.006058851722627878,0.007799412589520216,0.002152791013941169,0.002171347849071026,0.0012612460413947701
druglikeScaffold,CCn1c(SCC(=O)N[C@@H](C)C(=O)N(C)C)nnc1-c1ccccc1,0.007724064867943525,0.7475564298219979,0.004941582912579179,0.004675002535805106,0.005027808563318104
druglikeScaffold,CCOC(=O)CSc1nnc(-c2ccc(OC)cc2)n1CCC(=O)O,0.10188164561986923,0.021976418793201447,0.06819330900907516,0.07232443243265152,0.051416687108576296
druglikeScaffold,CCNC(=O)c1ccc(CSc2[nH+]c3cccnc3n2Cc2c(F)cccc2Cl)cc1,0.004243539180606604,0.9957435862161219,0.0034855343401432037,0.0007304437458515167,0.11802184457192197
druglikeScaffold,Cc1cc(C(=O)NC2=CC3=CC=N[C@@H]3C=C2)c2c(C)noc2n1,0.06625910103321075,0.9335877150297165,0.013021912425756454,0.04654952883720398,0.1198775899130851
druglikeScaffold,CCN(CC)c1ccc(/C=C/C(=O)NCCN2CCC([N@H+](C)[C@@H]3CCCC[C@@H]3C)CC2)cc1,0.012862428091466427,0.9871348300948739,0.006264730356633663,0.005035856738686562,0.04859270128654316
druglikeScaffold,ClC1=CC=C2N=C3NC(=O)CN3CC2=C1Cl,0.9999992847442627,0.10092371702194214,7.152557373046875e-07,7.152557373046875e-07,0.00028330087661743164
druglikeScaffold,O[C@@H]1CC[C@@]2(C)[C@@]([H])(CC[C@@]3(C)[C@@]2([H])[C@H](O)C[C@@]2([H])\C([C@@H](OC(=O)C)C[C@]32C)=C(/CCC=C(C)C)C(O)=O)[C@@H]1C,0.9998811483383179,0.04202449321746826,0.0026546120643615723,7.706880569458008e-05,0.001312980055809021
druglikeScaffold,CN(C[C@@H]1CCCOC1)C(=O)Nc1ccncc1F,0.025945978239178658,0.9570184778422117,0.010113468393683434,0.007563592866063118,0.11503306180238723
druglikeScaffold,O[C@H]1CCN(C1)C(=O)NC1=C2N=C(C=CN2N=C1)N1CCC[C@@H]1C1=C(F)C=CC(F)=C1,0.002135189715772867,0.9891334450803697,0.0004497214686125517,0.0003332968335598707,0.005723040015436709
druglikeScaffold,CC1=NN(C(=O)C1)C1=CC=CC=C1,0.4811214804649353,0.5185028910636902,0.5186911821365356,0.047241926193237305,0.10019740015268326
druglikeScaffold,Cc1nc(Sc2ncnc3sc4c(c23)CCCC4)sc1C,0.08467245101928711,0.8991378545761108,0.2799755930900574,0.02362697944045067,0.09697082107886672
druglikeScaffold,CN(C)[C@H](CNS(=O)(=O)c1ncn(C)c1Cl)c1ccccc1,0.03142116591334343,0.8082582540810108,0.009978290647268295,0.025291878264397383,0.09866896579042077
druglikeScaffold,CC[C@@H]1NC(=O)[C@H]([C@H](O)[C@H](C)C\C=C\C)N(C)C(=O)[C@H](C(C)C)N(C)C(=O)[C@H](CC(C)C)N(C)C(=O)[C@H](CC(C)C)N(C)C(=O)[C@@H](C)NC(=O)[C@H](C)NC(=O)[C@H](CC(C)C)N(C)C(=O)[C@@H](NC(=O)[C@H](CC(C)C)N(C)C(=O)CN(C)C1=O)C(C)C,1.0,2.384185791015625e-07,0.0,0.0,0.0
druglikeScaffold,Cc1cnc(N2CCO[C@@H](CCN(C)C)C2)nc1N(C)C,0.39267945289611816,0.6069067120552063,0.6060934662818909,0.20780307054519653,0.22746206372976302
druglikeScaffold,CCOc1ccc(Cc2nnc(Nc3ccccc3OCC)nc2O)cc1,0.7916671633720398,0.6658966094255447,0.4203670024871826,0.0005289912223815918,0.19278201684355736
druglikeScaffold,COC1=C(C=C(C=C1C1=CC2=CC=C(NS(C)(=O)=O)C=C2C=C1)N1C=CC(=O)NC1=O)C(C)(C)C,0.999998927116394,0.2737930417060852,0.00039631128311157227,9.5367431640625e-07,2.836287021636963e-05
druglikeScaffold,Cc1ccc(/C=C2/SC(=O)N(CN3CCN(C)CC3)C2=O)cc1,0.33943885564804077,0.5967202186584473,0.22746330499649048,0.2583480402827263,0.14643870890140534
druglikeScaffold,CC1CCN(C(=O)c2ccc(NC(=O)N(C)C[C@H]3CCC[N@@H+](C)C3)cc2)CC1,0.0009584510698914528,0.999041429720819,1.2206146493554115e-06,2.6854686439037323e-06,0.025783588108606637
druglikeScaffold,O=C(NCc1ccc(C(=O)N2CCCCC2)cc1)[C@@H]1CCCN1C(=O)C1CCCCC1,0.0019359465222805738,0.9273928527254611,0.00035747175570577383,0.00036349077709019184,0.030196288711158557
druglikeScaffold,COc1ccc2[nH]cc(CCNC(=O)CC[C@H]3C(=O)Oc4cc(OC(C)=O)ccc4[C@@H]3C)c2c1,0.9967139959335327,0.9919586647301912,0.8011512160301208,0.12374818325042725,0.024781858921051024
druglikeScaffold,O=C1C[C@H]([C@H]2C=c3ccccc3=N2)[C@@H]2[C@@H](CN1)N=C1C=CC=CN12,0.11516235768795013,0.8847243934869766,0.8841795474290848,0.09152255952358246,0.19557154518552125
druglikeScaffold,C#CCOc1cccc(NC(=O)C(=O)NC[C@@](C)(O)c2ccsc2)c1,0.005883575417101383,0.6483747949823737,0.01600146759301424,0.006827685981988907,0.011433992546517401
druglikeScaffold,COC(=O)C1=C(C)N=C2SCC(CC(=O)N3CCCCC3)=[N+]2[C@H]1c1ccc(Cl)cc1,0.005961600225418806,0.9817178812809289,0.14372650953009725,0.0035305116325616837,0.10656920385663397
druglikeScaffold,O=C(Nc1nc2ccccc2s1)c1nccc2nc[n-]c12,0.2075810581445694,0.6979529708623886,0.06220652163028717,0.09786622226238251,0.09473330639302731
druglikeScaffold,CCC(CC)[C@H](CNS(=O)(=O)/C=C/c1ccccc1)N1CCOCC1,0.40669360756874084,0.5931250154972076,0.5923533737659454,0.343654602766037,0.2310103896073997
druglikeScaffold,Cc1nnc(S[C@@H](C)C(=O)N[C@H](C)c2ccc(Cl)cc2)s1,0.008862252347171307,0.08442304003983736,0.0021175765432417393,0.0018072277307510376,0.006502601620741189
druglikeScaffold,CN(Cc1cccnc1)C(=O)CNC(=O)c1cc2cccc(Br)c2o1,0.0072136931121349335,0.0027060862630605698,0.013111833482980728,0.0010510236024856567,0.001681933691725135
druglikeScaffold,COc1ccc(Br)c(C(=O)N[C@H](C)Cc2ccc(C)s2)c1,0.006596017628908157,0.959497582167387,0.0014530452899634838,0.00288503710180521,0.05707617898005992
druglikeScaffold,COC(=O)[C@H](c1cc(F)c(F)c(F)c1)N(C)CC(=O)N[C@H]1CC[C@H](C(F)(F)F)CC1,0.22699670493602753,0.7724203616380692,0.7673451453447342,0.11152372509241104,0.0808115441352129
druglikeScaffold,O=C(c1cccnc1)N1CCO[C@H](c2cc[nH]n2)C1,0.025623125955462456,0.9621147681027651,0.010682215914130211,0.006142197176814079,0.03283673631958663
druglikeScaffold,[H][C@@]12CCCN1C(=O)[C@H](CC1=CC=CC=C1)N1C(=O)[C@](C)(NC(=O)[C@H]3CN(C)[C@]4([H])CC5=CNC6=CC=CC(=C56)[C@@]4([H])C3)O[C@@]21O,1.0,0.17071068286895752,0.0,0.0,1.7881393432617188e-07
druglikeScaffold,NC1=C2CCCCC2=NC2=CC=CC=C12,0.8850548267364502,0.18532097339630127,0.0025237202644348145,0.01340574026107788,0.04356003999710083
druglikeScaffold,CCOC(=O)CSc1nnc(N)n1[C@H](C)C(=O)Nc1nc2ccc(C(=O)OCC)cc2s1,0.010918932035565376,0.7528301905840635,0.005767408758401871,0.08572382293641567,0.058033775095827876
druglikeScaffold,O=C(Cc1ccc[nH]1)NNC(=O)[C@@H]1CCCO1,0.1325976401567459,0.8442143052816391,0.667768582701683,0.37041710317134857,0.13816875368356704
druglikeScaffold,CCN(c1ccccc1)S(=O)(=O)c1ccc(NC(=S)NC(=O)c2ccccc2C)cc1,0.0016562215751037002,0.039245219551958144,0.00029910646844655275,0.00043361925054341555,0.00030638088937848804
druglikeScaffold,CC[C@@H]1C(=O)C2(CCCCC2)C(=O)O[C@H]1c1ccccc1,0.9072200059890747,0.8826500046998262,0.8996491730213165,0.20227867364883423,0.20344016514718533
druglikeScaffold,Cc1ccc([C@@H](O)CNC(=O)C(=O)Nc2cccc(F)c2)o1,0.059922315180301666,0.14573580771684647,0.017800237983465195,0.028764508664608,0.038261027075350285
druglikeScaffold,CSc1nccn1-c1cccc(C(=O)N[C@H](C)c2ccc(NC(=O)C3CC3)cc2)c1,0.0013698405819013715,0.1957633428974077,0.0009884015889838338,0.0002752050058916211,0.000227148225530982
druglikeScaffold,CN(C)c1ncc(-c2ccc(F)cc2)c([C@H]2CCCCN2C(=O)COc2ccccc2)n1,0.030278561636805534,0.9695112127810717,0.18477446027100086,0.003963973373174667,0.17096221260726452
druglikeScaffold,CCOC(=O)C1=NN=C[C@H]1CN1CCO[C@H](Cc2ccc(F)cc2)C1,0.002816159278154373,0.7096229009330273,0.0004429989494383335,0.0006185041274875402,0.0004477381473407149
druglikeScaffold,COc1ccc(C(=O)[C@@H]2C(=O)C(=O)N(c3cccc(C(=O)O)c3)[C@@H]2c2ccsc2)cc1OC,0.016615569591522217,0.8124291896820068,0.01091423025354743,0.14591898024082184,0.02717919145943597
druglikeScaffold,CCOC1=CC=C(CC2=C(Cl)C=CC(=C2)[C@@H]2O[C@H](CO)[C@@H](O)[C@H](O)[C@H]2O)C=C1,0.9999990463256836,0.008570373058319092,9.5367431640625e-07,6.079673767089844e-06,8.940696716308594e-06
druglikeScaffold,CC(C)(SC1=CC(=C(O)C(=C1)C(C)(C)C)C(C)(C)C)SC1=CC(=C(O)C(=C1)C(C)(C)C)C(C)(C)C,1.0,0.0,0.0,0.0,0.0
druglikeScaffold,CC(C)c1ccc(NC(=O)[C@@H]2CCCN(c3ccnc(-c4ccccc4)n3)C2)cc1,0.014924312941730022,0.9837549077346921,0.003395392559468746,0.007019826211035252,0.04589457269757986
druglikeScaffold,C[C@@H](O[C@H]1OCCN(CC2=NC(=O)N(N2)P(O)(O)=O)[C@H]1C1=CC=C(F)C=C1)C1=CC(=CC(=C1)C(F)(F)F)C(F)(F)F,0.9924781322479248,0.19869691133499146,0.08598518371582031,0.08185255527496338,0.01701214909553528
druglikeScaffold,Cn1c(CNC2CCCCC2)nnc1SCc1ccccc1,0.004765402525663376,0.6243988759815693,0.0013622757978737354,0.14679108932614326,0.012088574841618538
druglikeScaffold,O=C(NCC[N@H+]1CCC[C@@H](c2ccccc2)C1)c1cc(COc2ccc(F)c(F)c2)on1,0.0011906253639608622,0.286201007431373,7.899943739175797e-06,4.2528845369815826e-05,0.00027251215069554744
druglikeScaffold,CCOc1ccc(CN2CCN(C(=O)c3ccc(C)c(S(=O)(=O)N4CCCCC4)c3)CC2)cc1,0.0031844007316976786,0.945355094736442,0.00029014493338763714,0.006400608224794269,0.03418411400634795
druglikeScaffold,Cc1nnc(SC/C(O)=N/c2ncn[nH]2)n1-c1ccccc1,0.08855729550123215,0.077881945297122,0.0627061165869236,0.015246741473674774,0.028337154444307087
druglikeScaffold,[H][C@@]12CC[C@@](O)(C#C)[C@@]1(C)CC[C@]1([H])C3=C(CC[C@@]21[H])CC(=O)CC3,0.9999972581863403,0.9235176667571068,2.2649765014648438e-06,8.344650268554688e-07,0.06144379302859306
druglikeScaffold,[H][C@@]12CC[C@@](O)(C#C)[C@@]1(C)CC[C@]1([H])C3=C(CC(=O)CC3)C[C@@]([H])(C)[C@@]21[H],0.9999914169311523,0.9919332535937428,0.0029864907264709473,5.841255187988281e-06,0.05567127801477909
druglikeScaffold,CN1CCN(CC2=CC=C(NC(=O)C3=CC(C#CC4=CN=C5C=CC=NN45)=C(C)C=C3)C=C2C(F)(F)F)CC1,0.9802570939064026,0.5750298798084259,0.2716518044471741,0.007840514183044434,0.03490137159824371
druglikeScaffold,C[C@@H]1CN(C2=NC(=CC=C2C(=O)NS(=O)(=O)C2=CN(C)N=C2C)N2C=CC(OCC(C)(C)C(F)(F)F)=N2)C(C)(C)C1,0.92814040184021,0.758511558175087,0.14295530319213867,0.018770813941955566,0.03225381970405579
druglikeScaffold,CC(O)(CS(=O)(=O)C1=CC=C(F)C=C1)C(=O)NC1=CC(=C(C=C1)C#N)C(F)(F)F,0.6211313605308533,0.23284423351287842,0.4793328195810318,0.49875686317682266,0.306147376447916
druglikeScaffold,ClC1=CC2=C(C=C1)N(CC1CC1)C(=O)CN=C2C1=CC=CC=C1,0.9999864101409912,0.529424637556076,0.00013685226440429688,9.417533874511719e-06,0.00829072892665863
druglikeScaffold,COc1ccc(-c2csc(C)n2)cc1S(=O)(=O)[N-]c1cccc(C#N)c1,0.004453361500054598,0.008644973393529654,0.0002705552615225315,0.0010778573341667652,0.0010657712700776756
druglikeScaffold,Nc1nc(N2CCC[C@](CO)(CCc3ccccc3)C2)c2cn[nH]c2n1,0.8621410131454468,0.6204160302877426,0.07239758968353271,0.02275031805038452,0.06970624923706055
druglikeScaffold,CO[C@H]1\C=C\O[C@@]2(C)OC3=C(C2=O)C2=C(O)C(\C=N\N4CCN(C)CC4)=C(NC(=O)\C(C)=C/C=C/[C@H](C)[C@H](O)[C@@H](C)[C@@H](O)[C@@H](C)[C@H](OC(C)=O)[C@@H]1C)C(O)=C2C(O)=C3C,1.0,0.0,1.430511474609375e-06,0.0,5.960464477539063e-09
druglikeScaffold,OC(=O)CCCN1CCC(CC1)OC(C1=CC=C(Cl)C=C1)C1=CC=CC=N1,0.9941008687019348,0.33116966485977173,0.004166305065155029,0.08642596006393433,0.00970320701599121
druglikeScaffold,OC(CNCC(O)C1CCC2=C(O1)C=CC(F)=C2)C1CCC2=C(O1)C=CC(F)=C2,0.9997826218605042,0.7712806761264801,0.9795225746929646,5.501508712768555e-05,0.07263419777154922
druglikeScaffold,CC(C)[C@H]1CC[C@@H](CC1)C(=O)N[C@H](CC1=CC=CC=C1)C(O)=O,0.2786412239074707,0.7204573154449463,0.488774836063385,0.39910244941711426,0.18608924932777882
druglikeScaffold,FC1=CC=C(C=C1)C(=O)CCCN1CCC(=CC1)N1C(=O)NC2=CC=CC=C12,0.9999101161956787,0.0627397894859314,0.03814196586608887,5.412101745605469e-05,0.001040700078010559
druglikeScaffold,CC(C)C1=NC(=NC(C2=CC=C(F)C=C2)=C1\C=C\[C@@H](O)C[C@@H](O)CC(=O)O)N(C)S(C)(=O)=O,0.9969227910041809,0.4280332922935486,0.07848656177520752,0.009278655052185059,0.013570624589920043
druglikeScaffold,CC(=O)Nc1ccc(NC(=O)CCc2ccsc2)cc1Cl,0.030331747606396675,0.9629070591181517,0.02100682631134987,0.00760175846517086,0.04339773934334516
druglikeScaffold,NC1=NC(N2C=C(C(O)=O)C(=O)C3=CC(F)=C(N4CC(O)C4)C(Cl)=C23)=C(F)C=C1F,0.9985798597335815,0.7445046007633209,0.3075661063194275,0.0009801983833312988,0.05084209442138672
druglikeScaffold,c1ccc2c(c1)CC[N@@H+]([C@@H]1CCNC1)C2,0.018245387822389603,0.938135277479887,0.006660874933004379,0.09381916746497154,0.19560737658757715
druglikeScaffold,Cc1cc2nn(-c3ccc(Cl)cc3)nc2cc1NC(=O)c1sc2c([N+](=O)[O-])cccc2c1Cl,0.00803498923778534,0.957262709736824,0.00033047422766685486,0.14981487393379211,0.017636574734933675
druglikeScaffold,N#Cc1ccnc(S(=O)(=O)N2CCC[C@H](N)C2)c1,0.19115516543388367,0.33113107085227966,0.35856565833091736,0.019147291779518127,0.13137103402987121
druglikeScaffold,CC(C)C[C@H](NC(=O)[C@@H](CC1=CNC2=CC=CC=C12)NC(=O)[C@H](CC1=CC=C(O)C=C1)NC(=O)[C@H](CO)NC(=O)[C@H](CC1=CNC2=C1C=CC=C2)NC(=O)[C@H](CC1=CNC=N1)NC(=O)[C@@H]1CCC(=O)N1)C(=O)N[C@@H](CCCNC(N)=N)C(=O)N1CCC[C@H]1C(=O)NCC(N)=O,1.0,1.1086463928222656e-05,0.0,0.0,6.556510925292969e-08
druglikeScaffold,O=C(Nc1ccc(N2CCCCC2)c(F)c1)[C@H]1CC(=O)N(Cc2ccncc2)C1,0.006685956846922636,0.7431986485607922,0.0009078392758965492,9.833602234721184e-05,0.008683556341566145
druglikeScaffold,COC1=C(OC)C=C2C(N)=NC(=NC2=C1)N1CCN(CC1)C(=O)C1CCCO1,0.8762466311454773,0.8675411446020007,0.07896304130554199,0.09319764375686646,0.08040892034769058
druglikeScaffold,Cn1cc[nH+]c1C1CCN(C(=O)[C@H]2CC[N@H+](CC(N)=O)CC2)CC1,0.0014849627623334527,0.998491553007625,0.00016155210323631763,0.00027842598501592875,0.008441684936406091
druglikeScaffold,Cc1cc(-c2nn(C)c(Cl)c2C[N@H+]2CC[C@H]([C@@H](C)N(C)C)CC2)no1,0.0035439073108136654,0.9867826760746539,0.001219922211021185,0.04021061444655061,0.04153345166123472
druglikeScaffold,Cc1cc(C)c2c(c1)NC(=O)/C2=N\NC(=O)c1cnccn1,0.05254696309566498,0.9333187490701675,0.021752746775746346,0.08885595202445984,0.036610081768594684
druglikeScaffold,ClC1=C(COC(CN2C=CN=C2)C2=C(Cl)C=C(Cl)C=C2)C=CS1,0.9866272807121277,0.9789681350812316,0.7494514882564545,0.03303879499435425,0.14901769980788232
druglikeScaffold,COc1ccc(CNc2oc(-c3ccccc3C)nc2S(=O)(=O)c2ccccc2)cc1,0.0016897683963179588,0.00079496786929667,9.302783291786909e-05,0.0006969573441892862,0.00016898327739909292
druglikeScaffold,COCCn1cc2c(n1)[C@H](Nc1cc[nH+]c(C3CC3)n1)CCC2,0.21210938692092896,0.352944552898407,0.5506525039672852,0.1028486117720604,0.10375069775618613
druglikeScaffold,C[C@H]1CNCCC2=CC=C(Cl)C=C12,0.9529933929443359,0.7057609111070633,0.8130656182765961,0.09759151935577393,0.1853494793176651
druglikeScaffold,C[C@H](Sc1nnc(C2CC2)n1C)C(=O)NC(N)=O,0.06647763401269913,0.058150483295321465,0.04657919704914093,0.019038069993257523,0.03266543154604733
druglikeScaffold,C[C@@H](NCCCC1=CC(=CC=C1)C(F)(F)F)C1=CC=CC2=CC=CC=C12,0.1751224249601364,0.807373121380806,0.08245721459388733,0.11908989772200584,0.07177705380599946
druglikeScaffold,CN(CC(=O)Nc1cc(Cl)ccc1Oc1ccccc1)S(=O)(=O)c1cc(Cl)ccc1Cl,0.4693428874015808,0.21747711300849915,0.48033398389816284,0.19347837567329407,0.21399223869666456
druglikeScaffold,COc1ccccc1CCC(=O)NCC(=O)N1CCN(c2ccccn2)CC1,0.007805364206433296,0.18633186630904675,0.00404777517542243,0.005023275502026081,0.014334881468676031
druglikeScaffold,COc1cc(CCC(=O)Nc2ccc(S(=O)(=O)NCc3ccco3)cc2)cc(OC)c1OC,0.003063623560592532,0.9828506067860872,0.00044486764818429947,0.0046771608758717775,0.015286997781367972
druglikeScaffold,CC1=NN([C@@H](C#N)c2ccc(Br)cc2O)[C@@H](c2ccccc2)C1,0.0031119701452553272,0.08024759171530604,0.0012599676847457886,0.00020412541925907135,0.0007132629049010575
druglikeScaffold,NC1=CC=C(C=C1)S(=O)(=O)NC1=CC=NN1C1=CC=CC=C1,0.5757267475128174,0.46811096370220184,0.3337196707725525,0.32416778802871704,0.21545575559139252
druglikeScaffold,C[C@@H]1CCCCN1S(=O)(=O)c1cccc(C(=O)N[C@@H](CC(=O)O)c2ccccc2)c1,0.1425204575061798,0.17045104503631592,0.27028027176856995,0.0431443452835083,0.06667391720693558
druglikeScaffold,CC(N(CC1=CN=C(C)NC1=N)C=O)=C(CCOP(O)(O)=O)SC(=O)C1=CC=CC=C1,1.0,0.0022046566009521484,1.430511474609375e-06,0.0,1.1026859283447266e-06
druglikeScaffold,Cc1ccc(NC(=O)[C@H](C)N2CCN(C(=O)OC(C)(C)C)CC2)c(F)c1,0.01929331198334694,0.9806529246270657,0.0033920537680387497,0.10282739624381065,0.13286530174082145
druglikeScaffold,Cc1cccc(NC(=O)[C@H](C)N2CCN(C(=O)CN(C)C)CC2)c1C,0.2440858781337738,0.7558487951755524,0.20321766659617424,0.5139422118663788,0.20318424347788094
druglikeScaffold,Cc1ccc(NC(=O)c2cn(C)nc2C(C)(C)C)cc1C(=O)NC(C)C,0.9456285238265991,0.9406979442574084,0.9291087631136179,0.01595848798751831,0.1920569389127195
druglikeScaffold,O=C(Sc1nc2cc(Cl)ccc2o1)c1ccc(Cl)cc1,0.9824600219726562,0.7548198699951172,0.7548198699951172,0.20674651861190796,0.05271257609128952
druglikeScaffold,COc1ccc(NC(=O)CC2(CC(=O)O)CCCC2)cc1OC,0.22016850113868713,0.5477459132671356,0.11504411697387695,0.15893903374671936,0.13469696827232838
druglikeScaffold,CCN1CC2(CCN(Cc3cc(=O)n4c5c(cccc35)CCC4)CC2)OC1=O,0.13496236503124237,0.8581756502389908,0.788340762257576,0.053793683648109436,0.11313493450870737
druglikeScaffold,CN(C)[C@H]1CC[C@@H](NC(=O)C2CCN(S(=O)(=O)Cc3ccccc3)CC2)C1,0.0756797194480896,0.8947594165802002,0.050310343503952026,0.0674446802586317,0.061711469385772946
druglikeScaffold,C#CCN1CCC(C(=O)NCC2(c3ccc4c(c3)OCO4)CCCCC2)CC1,0.29545828700065613,0.7045295536518097,0.24098951369524002,0.6489575207233429,0.24471721732988955
druglikeScaffold,Nc1ncc(-c2cccc(F)c2)c([C@@H]2CCCN2c2ncccn2)n1,0.995860755443573,0.087668776512146,0.01198720932006836,0.0018770694732666016,0.004105469584465027
druglikeScaffold,Cc1ccc(S(=O)(=O)Oc2cccnc2[N+](=O)[O-])s1,0.03326192498207092,0.12089958786964417,0.017303379252552986,0.10628196597099304,0.04554581278935075
druglikeScaffold,COc1ccc([C@H]2CC(=O)c3cnc(Nc4nc(C)c5ccccc5n4)nc3C2)cc1,0.8500703573226929,0.4866442084312439,0.2256397008895874,0.14205098152160645,0.11436223238706589
druglikeScaffold,CC[C@H]1OC(=O)[C@H](C)[C@@H](O[C@H]2C[C@@](C)(OC)[C@@H](O)[C@H](C)O2)[C@H](C)[C@@H](O[C@@H]2O[C@H](C)C[C@@H]([C@H]2O)N(C)C)[C@](C)(O)C[C@@H](C)CN(C)[C@H](C)[C@@H](O)[C@]1(C)O,1.0,0.0,0.0,0.0,0.0
druglikeScaffold,O=C(CNC(=O)c1cc(Cl)ccn1)Nc1ccc2c(c1)OCO2,0.03395845741033554,0.7821454778313637,0.0022748522460460663,0.05292659252882004,0.02321449527516961
druglikeScaffold,CSCc1nnc(S[C@@H](C(=O)N2C[C@@H](C)C[C@H](C)C2)C(C)C)o1,0.0032381019555032253,0.06645853305235505,0.002031631302088499,0.0006538962479680777,0.0015627308399416505
druglikeScaffold,O[C@@H]1[C@@H](O)[C@@H]2O[C@H]3O[C@H](CSCCC(O)=O)[C@@H](O[C@H]4O[C@H](CSCCC(O)=O)[C@@H](O[C@H]5O[C@H](CSCCC(O)=O)[C@@H](O[C@H]6O[C@H](CSCCC(O)=O)[C@@H](O[C@H]7O[C@H](CSCCC(O)=O)[C@@H](O[C@H]8O[C@H](CSCCC(O)=O)[C@@H](O[C@H]9O[C@H](CSCCC(O)=O)[C@@H](O[C@H]1O[C@@H]2CSCCC(O)=O)[C@H](O)[C@H]9O)[C@H](O)[C@H]8O)[C@H](O)[C@H]7O)[C@H](O)[C@H]6O)[C@H](O)[C@H]5O)[C@H](O)[C@H]4O)[C@H](O)[C@H]3O,1.0,0.0,0.0,0.0,0.0
druglikeScaffold,NN=C1NNC(=NN)C2=CC=CC=C12,0.9999687671661377,0.0005282759666442871,0.00012743473052978516,0.0005233883857727051,6.273984909057617e-05
druglikeScaffold,Cc1nn(Cc2ccc(Cl)cc2Cl)c(O)c1C(=O)NCCN1CCOCC1,0.015028358437120914,0.9401671281084418,0.008686086628586054,0.15962627436965704,0.10519370380789042
druglikeScaffold,C[C@H]1COC2=C3N1C=C(C(O)=O)C(=O)C3=CC(F)=C2N1CCN(C)CC1,0.9999326467514038,0.8483325988054276,0.8101777285337448,0.00035446882247924805,0.006326383352279663
druglikeScaffold,COc1cccc(CNC(=O)c2ccoc2C)c1,0.04068643972277641,0.6652167327702045,0.017214154824614525,0.007187541574239731,0.03516436405479908
druglikeScaffold,NC1=CC2=NC3=C(C=CC(N)=C3)C=C2C=C1,0.9971669316291809,0.0012128949165344238,0.002434372901916504,0.0012128949165344238,0.010052540898323059
druglikeScaffold,[H][C@@]12CC[C@@](O)(CC#N)[C@@]1(C)CCC1=C3CCC(=O)C=C3CC[C@@]21[H],0.9374364614486694,0.9006560333073139,0.8200062662363052,0.011454641819000244,0.229471979662776
druglikeScaffold,CC1=NC=C(C=C1)C1=C(C=C(Cl)C=N1)C1=CC=C(C=C1)S(C)(=O)=O,0.9551840424537659,0.8193172514438629,0.8442334979772568,0.7150783538818359,0.05074129402637482
druglikeScaffold,CCCC[C@H](NC(=O)[C@H](CO)NC(=O)[C@H](CC1=CC=C(O)C=C1)NC(=O)[C@H](CO)NC(C)=O)C(=O)N[C@@H](CCC(O)=O)C(=O)N[C@@H](CC1=CN=CN1)C(=O)N[C@H](CC1=CC=CC=C1)C(=O)N[C@@H](CCCNC(N)=N)C(=O)N[C@@H](CC1=CNC2=CC=CC=C12)C(=O)NCC(=O)N[C@@H](CCCCN)C(=O)N1CCC[C@H]1C(=O)N[C@@H](C(C)C)C(N)=O,1.0,0.0,0.0,0.0,0.0
druglikeScaffold,S=C1NC2=C(S1)C=CC=C2,0.4828800857067108,0.2831343710422516,0.463985413312912,0.3341927230358124,0.20413980334997178
druglikeScaffold,COCCn1nnnc1[C@H](c1cc2cc(OC)ccc2[nH]c1=O)[N@H+]1CC[C@H](Cc2ccccc2)CC1,0.0028862524777650833,0.9968467783182859,0.0013016429729759693,0.0007516418118029833,0.013832222030032426
druglikeScaffold,CC(C)Nc1ncc(C(=O)N[C@@H]2CCC[N@H+](CCc3ccccc3)C2)cn1,0.003945920150727034,0.996045854408294,0.002659728634171188,0.0025704549625515938,0.06592969031189569
druglikeScaffold,CCCS(=O)(=O)NC1=C(F)C(C(=O)C2=CNC3=NC=C(C=C23)C2=CC=C(Cl)C=C2)=C(F)C=C1,0.9892215728759766,0.45276039838790894,0.5538201034069061,0.0333980917930603,0.00869283676147461
druglikeScaffold,OC1=CC=CC(=C1)C-1=C2\CCC(=N2)\C(=C2/N\C(\C=C2)=C(/C2=N/C(/C=C2)=C(\C2=CC=C1N2)C1=CC(O)=CC=C1)C1=CC(O)=CC=C1)\C1=CC(O)=CC=C1,0.9999969005584717,7.95125961303711e-05,5.960464477539062e-07,2.86102294921875e-06,3.3080577850341797e-06
druglikeScaffold,Cc1cccc(-c2n[nH]c(=S)n2/N=C\c2cc([N+](=O)[O-])ccc2Cl)c1,0.011686327867209911,0.9851139755919576,0.0031795985996723175,0.9820401640608907,0.07016746681183576
druglikeScaffold,CC(C)[C@H](NC(=O)N(C)CC1=CSC(=N1)C(C)C)C(=O)N[C@H](C[C@H](O)[C@H](CC1=CC=CC=C1)NC(=O)OCC1=CN=CS1)CC1=CC=CC=C1,0.9812127947807312,0.048370540142059326,0.05466663837432861,0.0029965639114379883,0.00708969533443451
druglikeScaffold,COc1ccc(Oc2coc3cc(OC(=O)CCc4cc(OC)no4)ccc3c2=O)cc1,0.37507814168930054,0.6244838237762451,0.37158073228783906,0.3185703754425049,0.30511369574815034
druglikeScaffold,NCCC1=CC=NN1,0.8687729835510254,0.7225409299135208,0.46440815925598145,0.03365200757980347,0.33558199740946293
druglikeScaffold,CC1=CNN=C1,0.7031382322311401,0.18463337421417236,0.09064310789108276,0.1289384365081787,0.12135417163372039
druglikeScaffold,C=CCN(CC=C)C(=O)CN[C@H](C)c1cn(C)nc1C,0.009981930255889893,0.9875791668891907,0.08098328858613968,0.0029070796445012093,0.02576892087236047
druglikeScaffold,CN(CCS(C)(=O)=O)Cn1cc(Cl)cn1,0.05334411934018135,0.31773046776652336,0.37544233724474907,0.037525689229369164,0.1871988931670785
druglikeScaffold,COC1=CC(=CC(OC)=C1OC)C(=O)NCC1=CC=C(OCCN(C)C)C=C1,0.01742660440504551,0.981083458289504,0.016669875010848045,0.0962445717304945,0.02149243208114058
druglikeScaffold,CC(C)(C)SCC(=O)Oc1ccccc1C(=O)NCc1ccccc1,0.11854704469442368,0.879973866045475,0.45262787491083145,0.20205102115869522,0.19952464578673243
druglikeScaffold,C[S@@](=O)c1ccc(C(=O)NCc2ccc(C(C)(C)C)cc2)cc1,0.25063183903694153,0.7493279874324799,0.7071188390254974,0.3760184943675995,0.3718224309384823
druglikeScaffold,CCCCNC(=O)CNc1ccc(C(=O)NCc2ccccc2)cc1,0.012093611061573029,0.9727687165141106,0.005107969045639038,0.0015501081943511963,0.02329439849127084
druglikeScaffold,COc1ccc(/N=c2\oc3c4c5c(cc3cc2C(=O)Nc2ccccc2)CCCN5CCC4)cc1OC,0.6755894422531128,0.6705253929831088,0.06609594821929932,0.09501862525939941,0.16725539707113057
druglikeScaffold,O=C1CCC2=C(N1)C=CC(OCCCCC1=NN=NN1C1CCCCC1)=C2,0.040572598576545715,0.9594116657972336,0.014496637508273125,0.012182608246803284,0.12281461047241464
druglikeScaffold,COc1ccc(C#CCNS(=O)(=O)c2cc(OC)ccc2OC)cc1,0.5555908679962158,0.30329012870788574,0.340114027261734,0.29807716608047485,0.2412852890789509
druglikeScaffold,[H][C@@]1(C)CCN(CCN1C(=O)C1=C(C=CC(C)=C1)N1N=CC=N1)C1=NC2=C(O1)C=CC(Cl)=C2,0.002133861416950822,0.9870952216442674,0.0004965350963175297,0.0008762716315686703,0.028916264249710368
druglikeScaffold,Cc1c(Cl)c(C)c([N+](=O)[O-])c(O)c1/C=N/c1ccc(O)cc1C(=O)O,0.9999479055404663,0.19639676809310913,0.009203612804412842,1.800060272216797e-05,0.002066001296043396
druglikeScaffold,CCN(CC)c1ccc(/C=N/c2ccc(S(=O)(=O)NC(C)=O)cc2)c(O)c1,0.17227531969547272,0.8267238587141037,0.16724801482632756,0.049906060099601746,0.08335620264988393
druglikeScaffold,Cc1ccc(CNC(=O)[C@@H](C)OC(=O)[C@H]2CC(=O)N(c3ccc(C)cc3)C2)cc1,0.024799585342407227,0.14732198417186737,0.011144459247589111,0.09223005175590515,0.009565811930224299
druglikeScaffold,CC(=O)NC[C@H]1CCC[N@@H+](Cn2cc(Br)cn2)C1,0.0023690478410571814,0.34564393595792353,0.00020595011301338673,0.00028489623218774796,0.056344544450985266
druglikeScaffold,CC(C)OC1=C(NC2=NC=C(Cl)C(N2)=NC2=CC=CC=C2S(=O)(=O)C(C)C)C=C(C)C(=C1)C1CCNCC1,1.0,0.028411924839019775,0.009637653827667236,0.0,9.834766387939453e-07
druglikeScaffold,Cn1ncc2c(NCc3ccccc3)nc(Nc3cccc(Cl)c3)nc21,0.2508615553379059,0.7425066530704498,0.532002717256546,0.5235066115856171,0.1727158460766077
druglikeScaffold,CCn1cc(/C=C2/C[C@@H]3[C@@H]4CC=C5C[C@H](O)CC[C@]5(C)[C@@H]4CC[C@]3(C)C2=O)cn1,0.6755759716033936,0.6730789446737617,0.5299273282289505,0.5217686742544174,0.3726669827476144
druglikeScaffold,CN1C(=O)N[C@@H](c2ccccc2)C2=C1CN(c1ccc3ccccc3c1)C2=O,0.005341854877769947,0.9331022230908275,0.0011597597040235996,0.002759370021522045,0.0018904864438809455
druglikeScaffold,CC1=NOC(NS(=O)(=O)C2=CC=C(N)C=C2)=C1C,0.9999274015426636,0.054165005683898926,0.054165005683898926,5.650520324707031e-05,0.002241206169128418
druglikeScaffold,CC(=O)N(C1=C(C)C(C)=NO1)S(=O)(=O)C1=CC=C(N)C=C1,0.20912869274616241,0.7440940588712692,0.7244348376989365,0.0075432658195495605,0.13781555332243442
druglikeScaffold,[H][C@@](CC)(NC1=NC=NC2=C1N=CN2)C1=NC2=CC=CC(F)=C2C(=O)N1C1=CC=CC=C1,0.9414321780204773,0.7642167061567307,0.5598401129245758,0.0596466064453125,0.16353879272937774
druglikeScaffold,CCOc1ccccc1CNC(=O)N[C@H](C)C(=O)NCc1ccccc1,0.008341929875314236,0.590096035040915,2.125650644302368e-05,0.005537712015211582,0.0060752265388146045
druglikeScaffold,O=C(c1c[nH]c2ccccc12)N1CC(C(=O)N2CCN(C3CCCCC3)CC2)C1,0.0068927244283258915,0.9931015535257757,0.0016143559478223324,0.0019147214479744434,0.014247448451351374
druglikeScaffold,Cc1ccsc1CNC1CCCCCC1,0.2751290500164032,0.13466571271419525,0.46368691325187683,0.21989679336547852,0.1454143811017275
druglikeScaffold,CCn1nc(C)c(CN/C(=N\C(=O)c2ccc(C)c(F)c2)Nc2cccc(C)c2)c1C,0.8826923966407776,0.8812969387508929,0.3700018525123596,0.10499364137649536,0.18694045208394527
druglikeScaffold,CC(C)COc1ccc(NC(=O)c2cn[n-]n2)cn1,0.016064828261733055,0.07498657889664173,0.015151413157582283,0.061721013858914375,0.00403211172670126
druglikeScaffold,CCc1cc(C(=O)NCCC[N@@H+]2C[C@H](C)O[C@H](C)C2)n[nH]1,0.0017009361181408167,0.9979764835443348,0.00013946346007287502,0.0004340300802141428,0.025822656956734136
druglikeScaffold,O=C(Nc1ccc(Oc2ccccc2Cl)cc1)c1cnccn1,0.723024845123291,0.701288403943181,0.6714144945144653,0.028775572776794434,0.17599221616983413
druglikeScaffold,[H][C@@]12C[C@]3([H])C[C@@H](CC[C@@]3([H])[C@H](\C=C\C3=CC=C(C=N3)C3=CC(F)=CC=C3)[C@]1([H])[C@@H](C)OC2=O)NC(=O)OCC,0.8600781559944153,0.8572235798928887,0.38076162338256836,0.054221510887145996,0.16998532190918922
druglikeScaffold,Cc1cc(OC(F)F)ccc1NC(=O)N(CCO)Cc1ccco1,0.004425685852766037,0.2699883170425892,0.0001254817470908165,0.0035168230533599854,0.007357430586125702
druglikeScaffold,CCN(CCCC1=CC=CC=C1)CCCC1=CC=CC=C1,0.9088549017906189,0.7700821310281754,0.019303619861602783,0.05616295337677002,0.12222459772601724
druglikeScaffold,COc1cc(OC)c(NC(=O)c2ccnn2C)cc1Cl,0.07777690142393112,0.92036522179842,0.06603144202381372,0.03404133766889572,0.1339948043692857
druglikeScaffold,CCS[C@H]1CCCC[N@@H+](Cc2cc(OC)c(OC)c(OC)c2)C1,0.0015413492219522595,0.5316784650785848,0.00015139440074563026,0.0006947551155462861,0.0019057981378864497
druglikeScaffold,CC(C)(C)C1=NC(=C(S1)C1=NC(N)=NC=C1)C1=C(F)C(NS(=O)(=O)C2=C(F)C=CC=C2F)=CC=C1,0.9911354780197144,0.19943219423294067,0.14171981811523438,0.003509998321533203,0.007093557715415954
druglikeScaffold,Cc1nc(N2CCCN(C(=O)c3ccc(F)cc3)CC2)c2cnn(-c3cccc(Cl)c3)c2n1,0.0017011548625305295,0.9333018873585388,0.0002527480246499181,0.0005745781818404794,0.00027349996380507944
druglikeScaffold,Cc1cccc(NC(=O)CSC2=NC(=O)C[C@H](c3ccccc3)C2C#N)c1C,0.006698438432067633,0.1992680192925036,0.12555169174447656,0.09530926356092095,0.008277676836587488
druglikeScaffold,O=C(NCCCSc1ccc(F)cc1)Nc1ccc2c(c1)OCCCO2,0.003958423621952534,0.9468484921380877,0.002368930261582136,0.0005081323906779289,0.0016704103793017567
druglikeScaffold,Cc1ccc(-c2noc([C@@H](C)[N@H+]3CC[C@H](C(N)=O)C3)n2)cc1F,0.001958478009328246,0.7182384843472391,0.0003476084675639868,0.0005615337286144495,0.027643466414883733
druglikeScaffold,O=C(NCCc1cn2ccccc2n1)Nc1cccc(Cl)c1Cl,0.018162230029702187,0.4000857677310705,0.08536662720143795,0.007506285794079304,0.057299988064914945
druglikeScaffold,COC1=CC=CC=C1OCCNCC(O)COC1=CC=CC2=C1C1=CC=CC=C1N2,0.999509334564209,0.9388901852071285,0.9634981714189053,2.574920654296875e-05,0.027159103751182558
druglikeScaffold,C=CCOc1ccc(CN[C@@H](CCCO)c2ccccc2)cc1Cl,0.027014508843421936,0.9537573307752609,0.02167978696525097,0.05358859896659851,0.0779045656323433
druglikeScaffold,CCc1ccccc1CNCc1cc(C)ccc1O,0.12632238864898682,0.8405468463897705,0.00029958784580230713,0.05387668311595917,0.11684850137680769
druglikeScaffold,COc1cc(CN[C@@H](C)c2ccccc2)ccc1OC(F)F,0.00684328144416213,0.02125176088884473,0.0002813241444528103,0.002363865729421377,0.003929415973834694
druglikeScaffold,CCS(=O)(=O)Oc1ccc(CN(Cc2ccc(F)cc2)C(=O)C[C@H](C)CC(C)(C)C)cc1,0.2036723792552948,0.20201462099794298,0.2026064859237522,0.3070897161960602,0.12643142137676477
druglikeScaffold,O=C(Cc1ccc(F)cc1)N1CCc2cc(Br)sc2C1,0.027316218242049217,0.06866476126015186,0.01370481587946415,0.002538112923502922,0.016760993003845214
druglikeScaffold,COc1cc2c(cc1OC)[C@@H](CC(=O)O)N(S(=O)(=O)c1ccc3ccccc3c1)CC2,0.9997207522392273,0.8722742944955826,0.8545287400484085,0.00036895275115966797,0.010470294952392578
druglikeScaffold,O=c1c2cc(NC(=S)NCCN3CCN(Cc4ccccc4)CC3)ccc2nc2n1CCCCC2,0.052066102623939514,0.9344680160284042,0.33828289806842804,0.21278579533100128,0.034812244051136074
druglikeScaffold,C[C@@]12CCC[C@](C)([C@H]1CC[C@@]13CC(=C)[C@@](C1)(CC[C@@H]23)O[C@@H]1O[C@H](CO)[C@@H](O)[C@H](O)[C@H]1O[C@@H]1O[C@H](CO)[C@@H](O)[C@H](O)[C@H]1O)C(O)=O,1.0,0.0,0.0,0.0,0.0
druglikeScaffold,O=C(Cc1cccc(F)c1)NCCNS(=O)(=O)c1cc(C(F)(F)F)ccc1Cl,0.5808238387107849,0.24510186910629272,0.5273277275264263,0.21543321013450623,0.29403369650244715
druglikeScaffold,CCC1=CN([C@H]2C[C@H](O)[C@@H](CO)O2)C(=O)NC1=O,0.9999164342880249,0.8837253376841545,0.0017903447151184082,3.123283386230469e-05,0.0038412153720855714
druglikeScaffold,CC1=CN([C@H]2C[C@H](N=[N+]=[N-])[C@@H](CO)O2)C(=O)NC1=O,0.9897651672363281,0.9615828208625317,0.9066283777356148,0.007254183292388916,0.06367766559123993
druglikeScaffold,CC(=O)OC[C@H]1O[C@H]([C@H](OC(C)=O)[C@@H]1OC(C)=O)N1C=CC(=O)NC1=O,0.9997723698616028,0.8900439888238907,2.1576881408691406e-05,1.7523765563964844e-05,0.0002446830272674561
druglikeScaffold,OC[C@H]1O[C@H](C[C@@H]1O)N1C=C(\C=C\Br)C(=O)NC1=O,0.9998095631599426,0.861304372549057,7.224082946777344e-05,5.728006362915039e-05,0.04362167865037918
druglikeScaffold,OC[C@H]1O[C@H](C[C@@H]1O)N1C=C(F)C(=O)NC1=O,0.9999499320983887,0.8530259728431702,3.2901763916015625e-05,0.06484556198120117,0.015972661972045898
druglikeScaffold,CC1=CN([C@@H]2C[C@@H](O)[C@H](CO)O2)C(=O)NC1=O,0.9998207688331604,0.7807785868644714,9.47713851928711e-06,0.0001589655876159668,0.021618166565895082
druglikeScaffold,FC1=CN(C2CCCO2)C(=O)NC1=O,0.9692376852035522,0.8649151176214218,0.8820377290248871,0.018020808696746826,0.039609292149543764
druglikeScaffold,OC[C@H]1O[C@H](C[C@@H]1O)N1C=C(I)C(=O)NC1=O,0.9999823570251465,0.7470863163471222,1.33514404296875e-05,0.06436806917190552,0.0037122517824172974
druglikeScaffold,OC[C@H]1O[C@H](C[C@@H]1O)N1C=C(C(=O)NC1=O)C(F)(F)F,0.9999904632568359,0.6830358505249023,0.0018659234046936035,3.2901763916015625e-05,0.00867561399936676
druglikeScaffold,Cc1[nH]c(=O)[nH]c(=O)c1CCC(=O)N(C)Cc1cnn(Cc2ccccc2)c1,0.006244658026844263,0.1926348372362554,0.001202395185828209,0.0014632265083491802,0.004824863327667117
druglikeScaffold,CN1C=C(C(=O)C2=C1C=C(F)C=C2)S(C)=O,0.9993293285369873,0.8599767684936523,0.8353772759437561,0.0014194846153259277,0.0818697229027748
druglikeScaffold,CCOc1ccc(OCC)c(NC(=O)c2cnn(-c3ccccc3)c2-n2cccc2)c1,0.0013984431279823184,0.9807398329721764,7.66583252698183e-05,0.00015044922474771738,0.0016287922335322946
druglikeScaffold,O=C(CSc1nc2ccccc2c(=O)n1-c1ccc(Br)cc1)N/N=C/c1cccc(F)c1,0.0014659884618595243,0.002866126480512321,0.00011487666051834822,0.00013998267240822315,0.00013526137336157263
druglikeScaffold,Cc1cn2c([nH+]1)CC[C@H](NS(=O)(=O)c1ccc3c(c1)CCO3)C2,0.11890502274036407,0.8810847252607346,0.11438364628702402,0.6441710442304611,0.2507607380161062
druglikeScaffold,[H][C@@]12CC3=C(C=C(O)C=C3)[C@]3(CCCC[C@@]13O)CCN2CC1CCC1,1.0,0.0,0.0,0.0,0.0
druglikeScaffold,CN1CCC[C@@H]1CC1=CNC2=C1C=C(CCS(=O)(=O)C1=CC=CC=C1)C=C2,0.9964697360992432,0.909134104847908,0.757967084646225,0.7313331663608551,0.0036473363637924195
druglikeScaffold,CC(=O)NCCCCCc1nc2ccccc2n1CCCOc1ccccc1Cl,0.01686733216047287,0.9811415746808052,0.012030950747430325,0.0003932863473892212,0.09955692070070654
druglikeScaffold,CC1=CC=CC=C1N1CCN(CCC2=NN=C3CCCCN23)CC1,0.11865479499101639,0.38284777849912643,0.2444126233458519,0.35134654492139816,0.050264101149514316
druglikeScaffold,Cc1c[nH+]c(N2CCN(C(=O)Nc3cccc(Cn4cccnc4=O)c3)CC2)s1,0.0028022697661072016,0.5288172790315002,0.00021447008475661278,0.000524541363120079,0.0017518019070848823
druglikeScaffold,CC[C@@]1(O)C(=O)OCC2=C1C=C1N(CC3=CC4=C(C=CC(O)=C4CN(C)C)N=C13)C2=O,0.9789189696311951,0.7972637861967087,0.4493979215621948,0.5304403901100159,0.1287396088242531
druglikeScaffold,[O-]C(=O)C1=C(CS[C@]2([H])[C@H](NC(=O)C(=N/OC(C)(C)C(O)=O)\C3=CSC(N)=N3)C(=O)N12)C[N+]1=CC=CC=C1,1.0,1.5497207641601562e-06,0.0,0.0,5.960464477539063e-09
druglikeScaffold,Cc1cccc(OCC(=O)N2CCN(Cc3nc(-c4cccs4)no3)CC2)c1,0.0015444697346538305,0.9709380327258259,0.0022985469549894333,0.001904304139316082,0.0013277238816954196
druglikeScaffold,COc1ccc(/C(C#N)=C2\C=C/C(=N\O)C(Cl)=C2)cc1,0.022722627967596054,0.9716257192194462,0.013892742805182934,0.01704172184690833,0.1111145204398781
druglikeScaffold,CC(=O)N(CC(O)CN(C(C)=O)C1=C(I)C(C(=O)NCC(O)CO)=C(I)C(C(=O)NCC(O)CO)=C1I)C1=C(I)C(C(=O)NCC(O)CO)=C(I)C(C(=O)NCC(O)CO)=C1I,1.0,0.0,0.0,0.0,0.0
druglikeScaffold,CC(=O)N1CCC[C@@H](COc2ccc(F)cc2)C1,0.2386738657951355,0.13017822057008743,0.3368796706199646,0.12975630164146423,0.10167015977203846
druglikeScaffold,CCC1=C(C(=O)OC)[C@@H](c2cccc(OC)c2OC)n2ncnc2N1,0.09989283978939056,0.9000185877084732,0.013803847134113312,0.18486033380031586,0.0988681515213102
druglikeScaffold,C=CCn1c(COc2ccc(C(C)C)cc2)nnc1SCC(=O)NCc1ccccc1,0.0012848384212702513,9.245844557881355e-05,6.296287756413221e-05,3.926060162484646e-05,8.637359715066851e-05
druglikeScaffold,COC(=O)c1c(NC(=O)c2ccc(S(=O)(=O)N3CCC[C@@H](C)C3)cc2)sc2c1CCN(C(C)C)C2,0.030727650970220566,0.9645384289324284,0.020848877727985382,0.3398127891123295,0.03668023344362155
druglikeScaffold,Cc1ccc([C@@H]2Nc3c(C(N)=O)cccc3[C@H]3C=CC[C@H]32)cc1,0.9685038328170776,0.9316022768616676,0.8613453134894371,0.13168847560882568,0.14786963984370233
druglikeScaffold,CCN(CC)CCC1=NC(=NO1)C1=CC=CC=C1,0.8718662858009338,0.8342427164316177,0.7086821496486664,0.14252746105194092,0.45273000188171864
druglikeScaffold,O=C(NNC(=O)[C@H]1CC(c2cccnc2)=NO1)Nc1ccccc1F,0.1113569438457489,0.8878677189350128,0.2605822682380676,0.025235891342163086,0.15185416946187616
druglikeScaffold,CC[C@]1(O)C[C@@H]2CN(C1)CCC1=C(NC3=CC=CC=C13)[C@@](C2)(C(=O)OC)C1=C(OC)C=C2N(C=O)[C@@H]3[C@]4(CCN5CC=C[C@](CC)([C@@H]45)[C@@H](OC(C)=O)[C@]3(O)C(=O)OC)C2=C1,1.0,0.0,0.0,0.0,0.0
druglikeScaffold,[H][C@@]12N(C)C3=CC(OC)=C(C=C3[C@@]11CCN3CC=C[C@@](CC)([C@@H](OC(C)=O)[C@]2(O)C(=O)OC)[C@@]13[H])[C@]1(C[C@@]2([H])CN(C[C@](O)(CC)C2)CCC2=C1NC1=C2C=CC=C1)C(=O)OC,1.0,0.0,0.0,0.0,0.0
druglikeScaffold,[H][C@@]12N3CC[C@@]11C4=C(C=C(OC)C(=C4)[C@]4(C[C@@H]5C[N@@](C[C@](O)(CC)C5)CCC5=C4NC4=CC=CC=C54)C(=O)OC)N(C)[C@@]1([H])[C@](O)([C@H](O)[C@]2(CC)C=CC3)C(N)=O,1.0,0.0,0.0,0.0,0.0
druglikeScaffold,O=C1CCC(=O)N1c1ccc(C2CCCCC2)cc1,0.8546447157859802,0.666347086429596,0.24926161766052246,0.40679416060447693,0.1320240914821625
druglikeScaffold,COc1ccc(/C=C/C(=O)Nc2c3c(nn2-c2ccccc2C)CSC3)cc1OC,0.0017831219593062997,0.5810914741596207,0.00025209051091223955,0.001200952217914164,0.0003246423730161041
druglikeScaffold,COC(=O)[C@H](CC(C)C)NC(=O)c1ccc(N2CCCC2)c(F)c1,0.0075212446972727776,0.9784970553591847,0.002650939393788576,0.09343598503619432,0.15773591336328535
druglikeScaffold,CN(CC1=CC(Br)=CC(Br)=C1N)C1CCCCC1,0.3601377606391907,0.637154221534729,0.4714478850364685,0.25076824426651,0.14761906899511815
druglikeScaffold,NC1=C(Br)C=C(Br)C=C1CN[C@H]1CC[C@H](O)CC1,0.09112721681594849,0.9017781615257263,0.7886267304420471,0.797745406627655,0.06680948757566511
druglikeScaffold,Cc1n[nH]cc1CN1CCC(Oc2cccc(C#N)c2)CC1,0.009714681655168533,0.9472012333571911,0.005573694594204426,0.09494567289948463,0.007119118026457727
druglikeScaffold,C[C@H]1C[C@@]2(OC(C)=O)[C@H]([C@H]1OC(=O)C1=CC=CC=C1)[C@@H](OC(C)=O)C(=C)CC[C@H]1[C@@H](\C=C(C)\C2=O)C1(C)C,0.9999997615814209,0.9953757580369711,0.9793850462883711,3.933906555175781e-06,0.00024249851703643798
druglikeScaffold,COc1ccc(CN2CCN(C(=O)Cc3ccccc3)CC2)cc1Br,0.003663464915007353,0.030299354810267687,0.0013829204253852367,0.0020305300131440163,0.005378558288794011
druglikeScaffold,Cc1nc(N(C)C)nc(NC[C@@H]2CN(S(C)(=O)=O)CCO2)c1C,0.029242761433124542,0.9544467255473137,0.01193617656826973,0.005717124789953232,0.024019033648073673
druglikeScaffold,CC[C@H](C)c1[nH+]c2cc(C(=O)O)ccc2n1C[C@@H](C)O,0.7082777619361877,0.6889121122658253,0.5970687046647072,0.05181342363357544,0.3129090882837772
druglikeScaffold,CCn1c(CN(C)[C@@H](C)CS(C)(=O)=O)[nH+]c2cc(F)ccc21,0.023621762171387672,0.9218750949949026,0.005578095093369484,0.01718419324606657,0.057493034331128
druglikeScaffold,Cc1ccc(-c2nnc3c4ccc(Cl)cc4nc(N4CCCN(C(=O)C5CC5)CC4)n23)cc1,0.00470148166641593,0.9796143309213221,0.02772209281101823,0.006149228196591139,0.04588254051050171
druglikeScaffold,CC(C)CN1CC2(CCN(C(=O)Nc3ccccc3Cl)CC2)CC1=O,0.008998376317322254,0.9408474145457149,0.003445626702159643,0.017785307951271534,0.010412572103086859
druglikeScaffold,C1N2CN3CN1CN(C2)C3,0.9999165534973145,0.0063340067863464355,0.002132713794708252,0.0063340067863464355,0.003974458575248719
