dataset,smiles,p,n_atoms,efficiency_err,spearman_shap_occlusion,dp_shap_topk,dp_occlusion_topk,dp_random_k
BBBP,Nc1nc(NC2CC2)c3ncn([C@@H]4C[C@H](CO)C=C4)c3n1,0.9726501703262329,39,0.0,0.7324212484499704,0.0030292868614196777,0.01307004690170288,0.0032654762268066405
BBBP,c1(c(cc2n(ncc2c1)CCN)Cl)Cl,0.7715541124343872,23,2.7755575615628914e-17,0.8705947978474353,0.1778017282485962,0.17864537239074707,0.1327197551727295
BBBP,c1c2CCOc2c(cc1OC)CN[C@@H]1CCCN[C@H]1c1ccccc1,0.9596723318099976,51,1.3877787807814457e-17,0.6018883142293715,0.025717973709106445,0.020837008953094482,0.005790713429450989
BBBP,CC(C)N1CCC(CC1)N(C(=O)Cc2ccccc2)c3ccc(Cl)cc3,0.9684728980064392,53,1.0408340855860843e-17,0.6349239997746751,0.00895625352859497,0.07004046440124512,0.007339206337928772
BBBP,n1(c(c2nc[nH]c2n(c1=O)C)=O)C,0.9707655906677246,21,0.0,0.9169829130304324,0.009872972965240479,0.003572523593902588,0.007205197215080261
BBBP,c1(nccc(c1)c1nc([nH]n1)N)N(C)C,0.973270058631897,27,0.0,0.851296294962943,0.007733643054962158,0.0033939480781555176,0.0030935972929000853
BBBP,CN(C)Cc1oc(cc1)CSCCNC=1NC=C(CN1)Cc1cnc(cc1)C,0.44905173778533936,57,1.1102230246251565e-16,0.6289230140324504,0.45701396465301514,0.12181729078292847,0.09551988691091537
BBBP,OC(=O)C1=CC(=O)c2ccccc2N1,0.4885542392730713,21,1.1102230246251565e-16,0.8458629093376494,0.47161710262298584,0.45993202924728394,0.08274465203285217
BBBP,CNC1(CCCCC1=O)c2ccccc2Cl,0.9833126664161682,32,0.0,0.6303826963736326,0.0009105205535888672,0.001217186450958252,0.0006426632404327393
BBBP,CN(C1CCCC[C@H]1N2CCCC2)C(=O)Cc3ccc(Cl)c(Cl)c3,0.9701196551322937,50,0.0,0.681427179154157,0.01835799217224121,0.011828482151031494,0.006843653321266174
BBBP,CN1C(=C(\O)Nc2ccccn2)/C(=O)c3sccc3[S]1(=O)=O,0.75994873046875,33,1.1102230246251565e-16,0.771082701108879,0.03464484214782715,0.6478446200489998,0.13619663715362548
BBBP,[NH]C(CC(C)C([N@@](C(C)(C)C)C(N)(C)N)(C)C)c1c(c(c[nH+][o+]1)C)[O-],0.8108634948730469,60,2.7755575615628914e-17,0.6003571149047754,0.13991475105285645,0.26467686891555786,0.06703675389289857
BBBP,Cc1nccc2c1[nH]c3ccccc23,0.9725343585014343,24,0.0,0.798762534042985,0.0057672858238220215,0.004292845726013184,0.00815366506576538
BBBP,CC1=C2NC3=CC(=O)C=CC3=C2C=CN1,0.8564589619636536,25,2.7755575615628914e-17,0.8777764838705362,0.12428271770477295,0.42719152569770813,0.10701857209205627
BBBP,COc1cc2CCN(C)C3CC4(C=CC(=O)C=C4)c(c1O)c23,0.9801245927810669,41,0.0,0.6391459674524624,0.0016232132911682129,0.03798133134841919,0.0018707096576690673
BBBP,CCC1(C)CC(=O)NC1=O,0.9766969680786133,21,0.0,0.6846682033098149,0.0055495500564575195,0.10121184587478638,0.002326372265815735
BBBP,c1cc2c(C(N[C@@H](CC)c3ccccc3)=O)c(c(nc2cc1)c1ccccc1)Cn1cncc1,0.6139332056045532,60,0.0,0.643861389157647,0.3483121991157532,0.28794586658477783,0.14677147418260575
BBBP,c1cc2c(c(c(c3ccccc3)nc2cc1)OCCNC([C@@H]1CCCN1)=O)C(=O)N[C@@H](CC)c1ccccc1,0.7703087329864502,73,5.551115123125783e-17,0.584903869608152,0.029371559619903564,0.6817639768123627,0.12617020010948182
BBBP,c1cc2c(c(OCCNC(Cc3ncccc3)=O)c(c3ccccc3)nc2cc1)C(N[C@@H](CC)c1ccccc1)=O,0.5924729108810425,73,0.0,0.5943686318308445,0.3775599002838135,0.3343936800956726,0.14884094893932343
BBBP,c1ccc2c(c(C(N[C@@H](CC)c3ccccc3)=O)c(OCCNC(Cc3c(cccc3)C(=O)O)=O)c(c3ccccc3)n2)c1,0.25998708605766296,77,1.1102230246251565e-16,0.4972138197206951,0.6767418682575226,0.6767418682575226,0.14041188955307007
BBBP,c1nc(C2CCN(CC2)C(NC2CCCCC2)=S)c[nH]1,0.9832858443260193,44,1.734723475976807e-18,0.7205523050522606,0.00555574893951416,0.0030100345611572266,0.0020150631666183473
BBBP,Fc1ccc(cc1)C(=O)CCCN2CCC(=CC2)N3C(=O)Nc4ccccc34,0.9895554780960083,50,0.0,0.6113535061539156,0.0011749863624572754,0.0005618929862976074,0.0004265904426574707
BBBP,c1(ccc(c(c1)Cl)Cl)CC(N1[C@H](CN2CCCC2)c2n(CC1)ncn2)=O,0.9225502014160156,47,0.0,0.6993233867350838,0.05893099308013916,0.05893099308013916,0.017483636736869812
BBBP,c1(ccc(c(c1)Cl)Cl)CC(N1[C@H](C[C@]2(CC1)NC(NC2=O)=O)CN1CCCC1)=O,0.966471791267395,53,0.0,0.6427424932817547,0.02588784694671631,0.8063659965991974,0.03298800736665726
BBBP,CN1CCN(CC1)c2c(F)cc3C(=O)C(=CN4CCSc2c34)C(O)=O,0.09873656183481216,43,0.0,0.6372066871654344,0.8172827586531639,0.6676497682929039,0.06937065459787846
BBBP,CN1CCN(CC1)CC(=O)N2c3ccccc3C(=O)Nc4cccnc24,0.9862112998962402,47,0.0,0.6813559789532151,0.002355039119720459,0.0016251206398010254,0.0006807953119277954
BBBP,CC(C)Nc1cccnc1N2CCN(CC2)C(=O)c3[nH]c4ccc(N[S](C)(=O)=O)cc4c3,0.9834614992141724,60,1.734723475976807e-18,0.5517603124191012,0.0056459903717041016,0.0009429454803466797,0.0009633421897888184
BBBP,CN1C(=C(/O)Nc2ccccn2)/C(=O)c3ccccc3[S]1(=O)=O,0.6348646879196167,36,0.0,0.7779370182023186,0.05682951211929321,0.05682951211929321,0.11268220245838165
BBBP,CN1C(=C(/O)Nc2sc(C)cn2)/C(=O)c3ccccc3[S]1(=O)=O,0.4871951937675476,36,1.1102230246251565e-16,0.7233539074568687,0.4746238589286804,0.07407763600349426,0.15179409310221673
BBBP,FC(F)(F)c1ccc2Sc3ccccc3N(CCCN4CCN(CC4)C5CC5)c2c1,0.9897871017456055,56,0.0,0.6590564049631559,0.0010344386100769043,0.020196259021759033,0.0005932241678237915
BBBP,COC(=O)[C@H]1[C@H](CC2CCC1N2C)OC(=O)c3ccccc3,0.9628860950469971,43,0.0,0.6717516869694281,0.002909719944000244,0.002909719944000244,0.01335182785987854
BBBP,CN1C(=C(\O)Nc2cc(C)on2)/C(=O)c3ccccc3[S]1(=O)=O,0.6570056676864624,36,0.0,0.7786954615351128,0.2760632038116455,0.2760632038116455,0.10153650939464569
BBBP,CC(C)[C@@H](CN1CCCC1)N(C)C(=O)Cc2ccc(Cl)c(Cl)c2,0.8495895266532898,49,0.0,0.6882234630518373,0.1331508755683899,0.09279876947402954,0.06524412631988526
BBBP,Clc1ccc2OC(=O)Nc2c1,0.9460733532905579,15,0.0,0.909241209316635,0.02766716480255127,0.02817821502685547,0.026623013615608215
BBBP,CN=C1CN(O)C(=C2C=C(Cl)C=CC2=N1)c3ccccc3,0.9078466892242432,35,1.3877787807814457e-17,0.7699232916599666,0.010973453521728516,0.3839501142501831,0.030826005339622497
BBBP,NN1C=Nc2cc3ccccc3cc2C1=O,0.581635057926178,25,5.551115123125783e-17,0.8677153103990194,0.3160035014152527,0.392089307308197,0.13456566780805587
BBBP,CSc1ccc2Sc3ccccc3N(CCC4CCCNC4)c2c1,0.9870326519012451,48,1.734723475976807e-18,0.6425484223009416,0.002117335796356201,0.008385300636291504,0.0005747050046920777
BBBP,CCCCCc1cc(O)c(C2C=C(C)CC[C@H]2C(C)=C)c(O)c1,0.8973225355148315,53,1.3877787807814457e-17,0.6802844808641417,0.05487173795700073,0.221843421459198,0.02331152856349945
BBBP,CC(C)(C)c1ccc(CN2CCN(CC2)C(c3ccccc3)c4ccc(Cl)cc4)cc1,0.9624454379081726,64,0.0,0.5899911636464343,0.019217371940612793,0.014381647109985352,0.005016705393791199
BBBP,Brc1ccc2NC(=O)CN=C(c3ccccn3)c2c1,0.9796974062919617,29,8.673617379884035e-19,0.7476659303914364,0.0020053982734680176,0.012939929962158203,0.00123232901096344
BBBP,CCN1C=C(C(O)=O)C(=O)c2cc(F)c(nc12)N3CCNCC3,0.2539173364639282,40,1.1102230246251565e-16,0.6449878825122268,0.6772513389587402,0.6540265679359436,0.10810352638363838
BBBP,CC1CCCC1,0.9779353141784668,18,4.336808689942018e-19,0.8685992486849385,0.002222001552581787,0.00040012598037719727,0.0005038887262344361
BBBP,CC(C)(C)NC(=O)[C@@H]1CN(CCN1C[C@@H](O)C[C@@H](Cc2ccccc2)C(=O)N[C@@H]3[C@H](O)Cc4ccccc34)Cc5cccnc5,0.029184438288211823,92,1.1102230246251565e-16,0.47821095055248586,0.15092558413743973,0.018805351108312607,0.0036682654172182083
BBBP,OC(CCN1CCCCC1)(C2CC3CC2C=C3)c4ccccc4,0.986474335193634,52,8.673617379884035e-19,0.5431198120872481,0.0007922649383544922,0.001790761947631836,0.00033982694149017336
BBBP,Fc1ccc(cc1)C(=O)CCCN2CCC(CC2)N3C(=O)Nc4ccccc34,0.9899410605430603,52,0.0,0.51045748759655,0.0011094212532043457,0.0003387928009033203,0.0001979619264602661
BBBP,Fc1ccc(cc1)C(=O)CCCN2CCN(CC2)c3ccccn3,0.9876091480255127,46,0.0,0.6770740835213317,7.092952728271484e-06,0.001635909080505371,0.0005048513412475586
BBBP,CN1CCc2cccc3c2[C@H]1Cc4ccc(O)c(O)c34,0.3043363392353058,37,1.1102230246251565e-16,0.6548115822018695,0.5702902972698212,0.5702902972698212,0.08663562387228012
BBBP,CN1CCN(CC1)c2cc3N(C=C(C(O)=O)C(=O)c3cc2F)c4ccc(F)cc4,0.2567954361438751,48,0.0,0.6118917095930897,0.6953261196613312,0.6678865849971771,0.09602280110120773
BBBP,CCOC(=O)c1ncn2c1CN(C)C(=O)c3cc(F)ccc23,0.9711570739746094,36,3.469446951953614e-18,0.7054375367784473,0.01090383529663086,0.01090383529663086,0.004295536875724792
BBBP,CC(=O)CC(c1ccccc1)C2=C(O)Oc3ccccc3C2=O,0.6068567037582397,39,0.0,0.7493871941869009,0.3716498017311096,0.3716498017311096,0.11128690540790558
BBBP,COc1ccc(CCN(C)CCCC(C#N)(C(C)C)c2ccc(OC)c(OC)c2)cc1OC,0.9907915592193604,71,0.0,0.3850194124341237,0.0025985240936279297,0.0015214085578918457,0.0005247175693511962
BBBP,CC(C)[C@@H]1NC(=O)[C@H](C)OC(=O)C(NC(=O)[C@H](OC(=O)[C@@H](NC(=O)[C@H](C)OC(=O)[C@H](NC(=O)[C@H](OC(=O)[C@@H](NC(=O)[C@H](C)OC(=O)[C@H](NC(=O)[C@H](OC1=O)C(C)C)C(C)C)C(C)C)C(C)C)C(C)C)C(C)C)C(C)C)C(C)C,0.0001423548674210906,168,1.1102230246251565e-16,0.25053410925971037,9.223009692505002e-05,9.500754822511226e-05,6.38449564576149e-06
BBBP,Nc1nc(N)c2nc(c3ccccc3)c(N)nc2n1,0.9794010519981384,30,0.0,0.7289135796731833,0.00013321638107299805,0.05029034614562988,0.004287135601043701
BBBP,Cc1ccc(cc1)[S](=O)(=O)NC(=O)NN2CCCCCC2,0.9405788779258728,42,0.0,0.7283522965518746,0.04527503252029419,0.04527503252029419,0.015525469183921814
BBBP,NC1=NC(=S)c2[nH]cnc2N1,0.9691433310508728,16,0.0,0.9232651988917154,0.009185254573822021,0.007645845413208008,0.005976760387420654
BBBP,c1(ccc(c(c1)Cl)Cl)CC(N1[C@@H](c2c(CC1)scc2)CN1CCCC1)=O,0.7178635001182556,48,0.0,0.7029452378967664,0.2497192621231079,0.2497192621231079,0.1091771125793457
BBBP,c1(cc(c(cc1)Cl)Cl)CC(N1[C@@H](c2c(CC1)cccc2)CN1CCCC1)=O,0.6459910273551941,51,5.551115123125783e-17,0.6699255916677535,0.33176273107528687,0.33440905809402466,0.08860747516155243
BBBP,CN1C(CNC(=O)c2cscc2)CN=C(c3ccccc3F)c4ccccc14,0.9582511186599731,48,6.938893903907228e-18,0.6854532972747384,0.055346786975860596,0.055346786975860596,0.01308821439743042
BBBP,OC(C1CCCCN1)c2cc(nc3c2cccc3C(F)(F)F)C(F)(F)F,0.9257146716117859,42,0.0,0.7319145905380475,0.017907142639160156,0.024784088134765625,0.021257475018501282
BBBP,CC(C)(C)OC(=O)c1ncn2c3cccc(Br)c3C(=O)N4CCC[C@H]4c12,0.9461838603019714,46,1.3877787807814457e-17,0.6618888644914902,0.03429436683654785,0.02412092685699463,0.011221864819526672
BBBP,C[C@]12CC[C@H]3[C@@H](CCC4=CC(=O)C=C[C@]34C)[C@@H]1CCC(=O)O2,0.9878324270248413,46,4.336808689942018e-19,0.6031085701735578,0.0020294189453125,0.001298069953918457,0.0008011609315872192
BBBP,CC(C)N1CCN(CC1)c2ccc(OC[C@H]3CO[C@@](Cn4cncn4)(O3)c5ccc(Cl)cc5Cl)cc2,0.9639320373535156,67,0.0,0.5835088199976736,0.0222548246383667,0.005767464637756348,0.005590882897377014
BBBP,OC(=O)C1=C\C(C=CC1=O)=N/Nc2ccc(cc2)[S](=O)(=O)Nc3ccccn3,0.9616186022758484,42,0.0,0.6730737115533723,0.009294569492340088,0.2972264289855957,0.009973278641700745
BBBP,C[C@]1(O)CC[C@H]2[C@@H]3CC[C@H]4Cc5[nH]ncc5C[C@]4(C)[C@H]3CC[C@]12C,0.9759282469749451,56,3.469446951953614e-18,0.6668072523935735,0.008519470691680908,0.05258750915527344,0.0033664971590042113
BBBP,CC(=O)S[C@@H]1CC2=CC(=O)CC[C@]2(C)[C@H]3CC[C@@]4(C)[C@@H](CC[C@@]45CCC(=O)O5)[C@H]13,0.9894459843635559,61,8.673617379884035e-19,0.5744760105909159,0.0016369223594665527,0.0035701990127563477,0.00032542645931243896
BBBP,CN1[C@@H]2CC(C[C@H]1[C@@H]3O[C@H]23)OC(=O)[C@H](CO)c4ccccc4,0.24553442001342773,43,0.0,0.7297614788090542,0.7190767526626587,0.7190767526626587,0.21030038148164748
BBBP,CC1C=CC=C(C(=O)NC2=C(C3=C(C(=C4C(=C3C(=O)C2=CNN5CCN(CC5)C)C(=O)C(O4)(OC=CC(C(C(C(C(C(C1O)C)O)C)OC(=O)C)C)OC)C)C)O)O)C,0.04281974211335182,117,0.0,0.44795857303575964,0.029931847006082535,0.025938142091035843,0.0030812617391347886
BBBP,S=C(NC1CCCCC1)N2CCC(CC2)c3[nH]cnc3,0.9827096462249756,44,0.0,0.728245376506175,0.0033611655235290527,0.0033611655235290527,0.0024523675441741944
BBBP,NC(=O)c1ncn(n1)[C@@H]2O[C@H](CO)[C@@H](O)[C@H]2O,0.210392564535141,29,0.0,0.5100626937713141,0.39663001894950867,0.24653694033622742,0.05589209794998169
BBBP,COc1ccc(C[C@H](N)C(=O)NC2[C@@H](O)[C@@H](O[C@@H]2CO)n3cnc4c(ncnc34)N(C)C)cc1,0.09471097588539124,63,0.0,0.5888218758129836,0.40522465109825134,0.4317631423473358,0.007325546815991402
BBBP,CC1OC(O[C@H]2CC[C@]3(C)[C@H]4CC[C@]5(C)[C@H](CC[C@]5(O)[C@@H]4CCC3=C2)C6=COC(=O)C=C6)C(O)C(O)C1O,0.09398066997528076,80,1.1102230246251565e-16,0.4380058156889964,0.25471773743629456,0.48063063621520996,0.03531603552401066
BBBP,CN[C@H](CC(C)C)C(=O)NC1[C@H](O)c2ccc(Oc3cc4cc(Oc5ccc(cc5Cl)[C@@H](O)[C@@H]6NC(=O)[C@H](NC(=O)[C@@H]4NC(=O)[C@H](CC(N)=O)NC1=O)c7ccc(O)c(c7)c8c(O)cc(O)cc8[C@@H](NC6=O)C(O)=O)c3O[C@@H]9O[C@H](CO)[C@@H](O)[C@H](O)[C@H]9O[C@H]%10C[C@](C)(N)[C@H](O)[C@H](C)O%10)c(Cl)c2,2.7934864192502573e-05,176,0.0,0.16647655079637622,1.448266630177386e-06,5.932430212851614e-06,2.9947080292913595e-06
BBBP,S=[P](N1CC1)(N2CC2)N3CC3,0.2699233293533325,23,0.0,0.06913420240280811,0.6995041370391846,0.6995041370391846,0.15949019268155099
BBBP,COc1cc(cc(OC)c1O)[C@H]2[C@@H]3[C@H](COC3=O)[C@H](OC4OC5COC(OC5C(O)C4O)c6sccc6)c7cc8OCOc8cc27,0.1438698023557663,78,0.0,0.5219514738041223,0.6135029345750809,0.6135029345750809,0.08922481164336205
BBBP,NC(N)=NCC1COC2(CCCCC2)O1,0.8261049389839172,34,0.0,0.779280745512845,0.13241618871688843,0.10709387063980103,0.05634598135948181
BBBP,NC1=C(F)C=NC(=O)N1,0.9590144753456116,13,0.0,0.8879744492886783,0.013355672359466553,0.012908756732940674,0.03964968621730804
BBBP,CC(C)(O/N=C(C(=O)N[C@H]1[C@H]2SCC(=C(N2C1=O)C([O-])=O)C[n+]3ccccc3)/c4csc(N)n4)C(O)=O,0.016504034399986267,59,0.0,0.3507268814575398,0.020493969321250916,0.01695863902568817,0.0017728866543620825
BBBP,C[C@@H]1CC2=C(CCC(=O)C2)[C@H]3CC[C@@]4(C)[C@@H](CC[C@@]4(O)C#C)[C@H]13,0.9873286485671997,51,0.0,0.5606473278138117,0.0034995079040527344,0.0011134743690490723,0.00029371976852416993
BBBP,Cc1ccc(CC2=CN=C(NCCCCc3ncc(Br)cc3C)NC2=O)cn1,0.6926866173744202,52,5.551115123125783e-17,0.6779565397685368,0.29319173097610474,0.29319173097610474,0.10201497077941894
BBBP,CN1CC[C@]2(C)[C@H]1N(C)c3ccc(OC(=O)Nc4ccccc4)cc23,0.9863241314888,48,0.0,0.5131623215609608,0.0007675290107727051,0.048341453075408936,0.0012416690587997437
BBBP,CCCCC1C(=O)N(N(C1=O)c2ccccc2)c3ccccc3,0.9855723977088928,43,0.0,0.47812986850088607,0.0012376904487609863,0.0005273818969726562,0.00048249363899230955
BBBP,CC(COc1ccccc1)N(CCCl)Cc2ccccc2,0.9809991121292114,43,0.0,0.411234595226669,0.0044408440589904785,0.0012485384941101074,0.0013528674840927123
BBBP,Oc1ccc(cc1)C2(OC(=O)c3ccccc23)c4ccc(O)cc4,0.731506884098053,38,0.0,0.7543666338279681,0.17592018842697144,0.2831091582775116,0.07856659293174743
BBBP,Nc1ccc(N=Nc2ccccc2)c(N)n1,0.9822173714637756,27,0.0,0.7138668285376273,0.0005396008491516113,0.0038036704063415527,0.0005928993225097657
BBBP,COc1ccc(Cc2nccc3cc(OC)c(OC)cc23)cc1OC,0.642231285572052,46,0.0,0.7084982766243254,0.3386712670326233,0.3442245125770569,0.09716605097055435
BBBP,C[C@H]1O[C@@H](O[C@@H]\2C[C@@H]3O[C@](O)(C[C@@H](O)C[C@@H](O)[C@H](O)CC[C@@H](O)C[C@@H](O)CC(=O)O[C@@H](C)[C@H](C)[C@H](O)[C@@H](C)\C=C/C=C\C=C/C=C\C=C/C=C\C=C2)C[C@H](O)[C@H]3C(O)=O)[C@@H](O)[C@@H](N)[C@@H]1O,0.0025757416151463985,138,1.1102230246251565e-16,0.27041567703752983,0.0007360733579844236,0.0008473437046632171,0.00027584380586631596
BBBP,N[S](=O)(=O)Cc1noc2ccccc12,0.8993026614189148,22,0.0,0.8609339824223894,0.07612615823745728,0.05388748645782471,0.05999272763729095
BBBP,CC[C@@]1(O)C(=O)OCC2=C1C=C3N(Cc4cc5c(CN(C)C)c(O)ccc5nc34)C2=O,0.06668662279844284,54,1.1102230246251565e-16,0.6216729196202543,0.8732154443860054,0.8732154443860054,0.008668173849582673
BBBP,CC/C(c1ccccc1)=C(c2ccccc2)/c3ccc(OCCN(C)C)cc3,0.9887862205505371,57,0.0,0.3952190134582234,0.0011072754859924316,0.0017902851104736328,0.0003272950649261475
BBBP,CNC(/NCCSCc1oc(CN(C)C)cc1)=C\[N+]([O-])=O,0.9250561594963074,43,0.0,0.65555862884691,0.045557379722595215,0.23016732931137085,0.020201435685157774
BBBP,Cc1ccnc2N(C3CC3)c4ncccc4C(=O)Nc12,0.9864999651908875,34,6.505213034913027e-19,0.535046354116198,0.001421511173248291,0.006006479263305664,0.00031247437000274657
BBBP,CN1CCN2C(C1)c3ccccc3Cc4cccnc24,0.946414053440094,39,1.3877787807814457e-17,0.7211167139303406,0.038139939308166504,0.038139939308166504,0.029605919122695924
BBBP,OC(=O)CCc1oc(c2ccccc2)c(n1)c3ccccc3,0.5779464244842529,37,5.551115123125783e-17,0.7507235652392737,0.33138322830200195,0.33138322830200195,0.09172356426715851
BBBP,C[C@]1(O)CC[C@H]2[C@@H]3CC[C@H]4CC(=O)OC[C@]4(C)[C@H]3CC[C@]12C,0.981895923614502,52,0.0,0.6021683126560627,0.003926455974578857,0.007214069366455078,0.0013727396726608276
BBBP,Cc1noc(N[S](=O)(=O)c2ccc(N)cc2)c1C,0.9200349450111389,31,1.3877787807814457e-17,0.8103895190463664,0.05640816688537598,0.4579073488712311,0.030147424340248107
BBBP,Nc1ccc(cc1)[S](=O)(=O)Nc2ncccn2,0.8468397855758667,27,2.7755575615628914e-17,0.8535064127495885,0.12440687417984009,0.6537221074104309,0.13133881092071534
BBBP,CC1=CN([C@@H]2O[C@H](CO)C=C2)C(=O)NC1=O,0.7588950991630554,28,0.0,0.8257374279644395,0.20339995622634888,0.1984647512435913,0.13488693237304689
BBBP,CC(C)[C@H](NC(=O)N(C)Cc1csc(n1)C(C)C)C(=O)N[C@H](C[C@H](O)[C@H](Cc2ccccc2)NC(=O)OCc3scnc3)Cc4ccccc4,0.17978133261203766,98,0.0,0.5139121740792347,0.7306275814771652,0.7373664826154709,0.08660097233951092
BBBP,CN1CCN2C(C1)c3ccccc3Cc4ccccc24,0.8747304081916809,40,4.163336342344337e-17,0.7218606398062624,0.10941207408905029,0.4276369512081146,0.09195806682109833
BBBP,Cc1ccc(CC2=CN=C(NCCSCc3oc(cc3)C(C)(C)N)NC2=O)cn1,0.08805137872695923,56,1.1102230246251565e-16,0.620215008341058,0.8717711567878723,0.8717711567878723,0.04796906802803278
BBBP,CN(Cc1cnc2nc(N)nc(N)c2n1)c3ccc(cc3)C(=O)N[C@@H](CCC(O)=O)C(O)=O,0.7561014294624329,55,0.0,0.6639458910328431,0.18480205535888672,0.3399135172367096,0.07495637834072114
BBBP,CC[N+](C)(CC)CCOC(=O)C1c2ccccc2Oc3ccccc13,0.9602091312408447,51,1.3877787807814457e-17,0.5224349440006703,0.0220145583152771,0.017014622688293457,0.008655411005020142
BBBP,COc1ccc(CN(CCN(C)C)c2ccccn2)cc1,0.9878450036048889,44,4.336808689942018e-19,0.34265439515324353,0.00048744678497314453,0.003079235553741455,0.0003746896982192993
BBBP,CCc1nc(N)nc(N)c1c2ccc(Cl)cc2,0.9539356827735901,30,6.938893903907228e-18,0.785727678131859,0.002520442008972168,0.002520442008972168,0.031559798121452334
BBBP,C1[C@@H]2[C@](C(=C3C(c4c(ccc(c4C[C@@H]13)N(C)C)O)=O)O)(C(C(C(N)=O)=C([C@H]2N(C)C)O)=O)O,0.10032946616411209,60,1.1102230246251565e-16,0.5569856117169477,0.5291821286082268,0.5291821286082268,0.015196383744478226
BBBP,CC#C[C@]1(O)CC[C@H]2[C@@H]3CCC4=CC(=O)CCC4=C3[C@H](C[C@]12C)c5ccc(cc5)N(C)C,0.990908145904541,67,0.0,0.5150209307540872,0.0017186999320983887,0.00034159421920776367,0.0002482891082763672
BBBP,OC[C@@H]1CC[C@@H](O1)n2cnc3C(=O)N=CNc23,0.9563859105110168,29,3.469446951953614e-18,0.7920122920857106,0.022871315479278564,0.012572944164276123,0.010434862971305848
BBBP,CC(=O)N1CCN(CC1)c2ccc(OC[C@H]3CO[C@@](Cn4ccnc4)(O3)c5ccc(Cl)cc5Cl)cc2,0.7626781463623047,64,2.7755575615628914e-17,0.6143948236786931,0.2067887783050537,0.17160815000534058,0.09196913838386536
BBBP,OC[C@H]1O[C@@H](OC2=C(Oc3cc(O)cc(O)c3C2=O)c4ccc(O)c(O)c4)[C@H](O)[C@@H](O)[C@@H]1O,0.011043142527341843,53,0.0,0.3943804616534181,0.005997726693749428,0.00802118144929409,0.0005691932979971171
BBBP,OC(=O)C1CCn2c1ccc2C(=O)c3ccccc3,0.9517509341239929,32,6.938893903907228e-18,0.7109331645260959,0.008478343486785889,0.007236003875732422,0.004851999878883362
BBBP,CCC(C)N1N=CN(C1=O)c2ccc(cc2)N3CCN(CC3)c4ccc(OC[C@H]5CO[C@@](Cn6cncn6)(O5)c7ccc(Cl)cc7Cl)cc4,0.9716999530792236,87,0.0,0.5460418251596694,0.01571345329284668,0.013484358787536621,0.003752502799034119
BBBP,CCCN(CCC)CCc1ccc(c2c1CC(N2)=C)O,0.8407410979270935,46,2.7755575615628914e-17,0.7209941928713502,0.12686556577682495,0.37291890382766724,0.0717879742383957
BBBP,NNc1nncc2ccccc12,0.9659269452095032,20,3.469446951953614e-18,0.8189336767857215,0.06163209676742554,0.47725921869277954,0.03452407419681549
BBBP,NC(N)=NCCN1CCCCCCC1,0.9106910824775696,36,0.0,0.7838784106392557,0.05798858404159546,0.05039870738983154,0.008777981996536255
BBBP,NC1CONC1=O,0.852214515209198,13,0.0,0.930751493440347,0.10796648263931274,0.05802154541015625,0.07316714823246002
BBBP,OC(COc1ccc2OC(=CC(=O)c2c1)C(O)=O)COc3cccc4OC(=CC(=O)c34)C(O)=O,0.03379705920815468,50,1.1102230246251565e-16,0.5004437410828417,0.020701978355646133,0.020701978355646133,0.003924042265862226
BBBP,CC(C)N=C1C=C2N(c3ccc(Cl)cc3)c4ccccc4N=C2C=C1Nc5ccc(Cl)cc5,0.10142254084348679,55,1.1102230246251565e-16,0.5897002604158709,0.8686841800808907,0.8686841800808907,0.03867597170174122
BBBP,COc1cc(cc(OC)c1OC)C(=O)N2CCOCC2,0.9885846376419067,39,2.168404344971009e-19,0.5028044092197806,0.0003165006637573242,0.004153072834014893,0.00030399560928344725
BBBP,OC(CCN1CCCCC1)(C2CCCCC2)c3ccccc3,0.9871739149093628,53,1.734723475976807e-18,0.548669359248914,0.0035108327865600586,0.0005348920822143555,0.0007765859365463257
BBBP,N[S](=O)(=O)c1cc(C(O)=O)c(NCc2occc2)cc1Cl,0.2736430764198303,32,2.220446049250313e-16,0.6670136067230089,0.6917994022369385,0.6917994022369385,0.22217447459697723
BBBP,FC1=CNC(=O)NC1=O,0.6771126389503479,12,5.551115123125783e-17,0.99124495269876,0.296894371509552,0.2975994348526001,0.18966419696807862
BBBP,CC(Cc1ccc(O)cc1)NCC(O)c2cc(O)cc(O)c2,0.04525282606482506,43,1.1102230246251565e-16,0.5694551815163316,0.025957416743040085,0.005152512341737747,0.0020291682332754133
BBBP,C[C@]12CC[C@H]3[C@@H](CCc4cc(O)ccc34)[C@@H]1CCC2=O,0.9696904420852661,42,0.0,0.7315991731477732,0.017878592014312744,0.035763323307037354,0.004539594054222107
BBBP,CCN(CC)CCCC(C)Nc1ccnc2cc(Cl)ccc12,0.9705267548561096,48,0.0,0.6095296193714891,0.00421905517578125,0.24831247329711914,0.0032724857330322264
BBBP,CC1=C(N2[C@H](SC1)[C@H](NC(=O)[C@H](N)C3=CCC=CC3)C2=O)C(O)=O,0.07181753218173981,43,0.0,0.6020776634583235,0.031147949397563934,0.08207780122756958,0.002963721752166748
BBBP,Clc1cccc(c1)N2CCN(CCCN3N=C4C=CC=CN4C3=O)CC2,0.9282442331314087,48,1.3877787807814457e-17,0.7072482362298153,0.057496607303619385,0.05194324254989624,0.015532833337783814
BBBP,COC1=CC=C2[C@H]3Cc4ccc(OC)c5O[C@@H]1[C@]2(CCN3C)c45,0.9873080849647522,44,0.0,0.45874207085396684,0.0021018385887145996,0.0017575621604919434,0.000837746262550354
BBBP,CCCCCc1cc(O)c2[C@@H]3C=C(C)CC[C@H]3C(C)(C)Oc2c1,0.9655674695968628,53,0.0,0.6737530237260737,0.020586788654327393,0.043505311012268066,0.003715336322784424
BBBP,CC(C)[C@H](NC(=O)[C@H](Cc1ccccc1)NC(=O)CNC(=O)[C@@H](C)NC(=O)[C@@H](N)Cc2ccc(O)cc2)C(N)=O,0.01383766159415245,78,1.1102230246251565e-16,0.3719080609968674,0.009250607341527939,0.011725213378667831,0.0008486815262585878
BBBP,CC(C)C[C@@H]1N2C(=O)[C@](NC(=O)[C@H]3CN(C)[C@@H]4Cc5c(Br)[nH]c6cccc(C4=C3)c56)(O[C@@]2(O)[C@@H]7CCCN7C1=O)C(C)C,0.7109227776527405,83,5.551115123125783e-17,0.5323153755859041,0.26679134368896484,0.20728039741516113,0.0830378532409668
BBBP,CCC(C)C(N)C1=NC(CS1)C(=O)N[C@@H](CC(C)C)C(=O)N[C@H](CCC(O)=O)C(=O)N[C@@H]([C@@H](C)CC)C(=O)NCCCC[C@@H]2NC(=O)[C@H](CC(N)=O)NC(=O)[C@@H](CC(O)=O)NC(=O)[C@H](Cc3[nH]cnc3)NC(=O)[C@@H](Cc4ccccc4)NC(=O)[C@@H](NC(=O)[C@@H](CCCN)NC2=O)[C@@H](C)CC,0.00019975542090833187,203,0.0,0.07210801476690352,1.169501047115773e-05,0.0006019006832502782,3.3636724401731045e-05
BBBP,CC[C@H]1OC(=O)[C@H](C)[C@@H](O[C@H]2C[C@@](C)(OC)[C@@H](O)[C@H](C)O2)C(C)[C@@H](O[C@@H]3O[C@H](C)C[C@@H]([C@H]3O)N(C)C)[C@](C)(O)C[C@@H](C)CN(C)[C@H](C)[C@@H](O)[C@]1(C)O,0.005714093800634146,124,1.1102230246251565e-16,0.34157673875619377,0.006734317634254694,0.01233611861243844,0.0005753681529313326
BBBP,OC1=C(C2CCC(CC2)c3ccc(Cl)cc3)C(=O)C(=O)c4ccccc14,0.9731621146202087,45,0.0,0.5535406819001146,0.00012165307998657227,0.00012165307998657227,0.002484777569770813
BBBP,CO[C@H]1[C@@H](C[C@@H]2CN3CCc4c([nH]c5cc(OC)ccc45)[C@H]3C[C@@H]2[C@@H]1C(=O)OC)OC(=O)\C=C\c6cc(OC)c(OC)c(OC)c6,0.9634650349617004,88,1.3877787807814457e-17,0.5508487667734141,0.026066064834594727,0.026066064834594727,0.013637945055961609
BBBP,O=C1C=CNN=C1,0.6381179690361023,11,5.551115123125783e-17,0.990909090909091,0.3326581120491028,0.3326581120491028,0.14475514888763427
BBBP,Clc1ccc2N(C3CCN(CCCN4C(=O)Nc5ccccc45)CC3)C(=O)Nc2c1,0.9888362288475037,54,0.0,0.43897332951220464,0.003140568733215332,3.612041473388672e-05,0.0004937112331390381
BBBP,CC\C(c1ccc(O)cc1)=C(\CC)c2ccc(O)cc2,0.7749342322349548,40,0.0,0.7489174824170782,0.14174914360046387,0.46281149983406067,0.08192523121833802
BBBP,CCN(CC)CCOC(=O)C1(CCCCC1)C2CCCCC2,0.9880154728889465,57,0.0,0.44939386868751763,0.003447413444519043,0.010418415069580078,0.000949704647064209
BBBP,C[C@H](CCC(O)=O)[C@H]1CC[C@H]2[C@H]3[C@H](CC(=O)[C@]12C)[C@@]4(C)CCC(=O)C[C@H]4CC3=O,0.982463002204895,63,1.734723475976807e-18,0.5071798020908279,0.0022578835487365723,0.0003579854965209961,0.0005747914314270019
BBBP,Nc1ccc(cc1)[S](=O)(=O)c2ccc(N)cc2,0.9685357213020325,29,0.0,0.7060184301067449,0.013293325901031494,0.013293325901031494,0.005065122246742248
BBBP,NC1[C@H]2CN(C[C@@H]12)c3nc4N(C=C(C(O)=O)C(=O)c4cc3F)c5ccc(F)cc5F,0.10517651587724686,45,1.1102230246251565e-16,0.6399093805169392,0.7124557420611382,0.7124557420611382,0.059205085039138794
BBBP,COc1cc(Cc2cnc(N)nc2N)cc(OC)c1OC,0.9620508551597595,39,3.469446951953614e-18,0.7139530699529784,0.021161675453186035,0.011768758296966553,0.03232472240924835
BBBP,O=C1CN(CC2N1CCc3ccccc23)C(=O)C4CCCCC4,0.9049151539802551,47,0.0,0.6076644962406796,0.08096063137054443,0.08096063137054443,0.022673922777175903
BBBP,CC[C@H](C)C(=O)O[C@H]1C[C@H](O)C=C2C=C[C@H](C)[C@H](CC[C@@H](O)C[C@@H](O)CC(O)=O)[C@@H]12,0.4300362467765808,66,0.0,0.6176738555872416,0.4808642268180847,0.32660970091819763,0.11728177629411221
BBBP,CO[C@@H]([C@@H]1Cc2cc3cc(O[C@H]4C[C@@H](O[C@H]5C[C@@H](O)[C@H](O)[C@@H](C)O5)[C@H](O)[C@@H](C)O4)c(C)c(O)c3c(O)c2C(=O)[C@H]1O[C@H]6C[C@@H](O[C@H]7C[C@@H](O[C@H]8C[C@](C)(O)[C@H](O)[C@@H](C)O8)[C@H](O)[C@@H](C)O7)[C@H](O)[C@@H](C)O6)C(=O)[C@@H](O)[C@@H](C)O,0.00032328913221135736,152,2.220446049250313e-16,0.20144602574016152,1.4612654922530055e-05,8.211821841541678e-05,2.494283689884469e-05
BBBP,OC(CCN1CCCC1)(C2CCCCC2)c3ccccc3,0.9861311912536621,50,8.673617379884035e-19,0.4829815591120257,0.003801584243774414,0.0005768537521362305,0.0012075603008270264
BBBP,CCC1(C(=O)NCNC1=O)c2ccccc2,0.930624783039093,30,6.938893903907228e-18,0.7605469749970644,0.06754076480865479,0.06754076480865479,0.012298381328582764
BBBP,OCCN1CCN(CC\C=C/2c3ccccc3COc4ccc(Cl)cc24)CC1,0.9473245143890381,55,0.0,0.5664552554700277,0.03753793239593506,0.03710561990737915,0.008252257108688354
BBBP,OCC[C@@H]1CCN(CC\C=C2/c3ccc(F)cc3Sc4ccc(cc24)C(F)(F)F)CC1,0.9879804253578186,56,0.0,0.5954563058657553,0.0013977289199829102,0.000958561897277832,0.0005276232957839965
BBBP,Clc1ccccc1C(n2ccnc2)(c3ccccc3)c4ccccc4,0.8812686800956726,42,0.0,0.7274930814714532,0.09828168153762817,0.07129669189453125,0.026085099577903746
BBBP,N[S](=O)(=O)c1cc(ccc1Cl)C2(O)NC(=O)c3ccccc23,0.48912015557289124,33,0.0,0.7847950742279314,0.40478184819221497,0.4196905195713043,0.09478879943490029
BBBP,N[S](=O)(=O)c1cc2c(NC=N[S]2(=O)=O)cc1Cl,0.12798409163951874,23,1.1102230246251565e-16,0.9027986179558984,0.8273269087076187,0.8273269087076187,0.08730852827429772
BBBP,OC[C@H]1O[C@H](C[C@@H]1O)n2cnc3[C@H](O)CN=CNc23,0.1093917042016983,35,0.0,0.7363852412789978,0.32795514166355133,7.960200309753418e-05,0.025725091993808746
BBBP,COc1ccc2nc([nH]c2c1)[S](=O)Cc3ncc(C)c(OC)c3C,0.9765204191207886,43,0.0,0.7333110440456391,0.011664509773254395,0.011664509773254395,0.004233255982398987
BBBP,C1CCN(CC1)C2(CCCCC2)c3ccccc3,0.9890596866607666,43,2.168404344971009e-19,0.6633087808499236,0.00036257505416870117,0.00017637014389038086,0.00012427568435668945
BBBP,CC(=O)OCC1=C(N2[C@H](SC1)[C@H](NC(=O)CSc3ccncc3)C2=O)C(O)=O,0.044269390404224396,45,1.1102230246251565e-16,0.6872824246043912,0.022599920630455017,0.004202466458082199,0.004937382414937019
BBBP,CC(C)(C)NCC(O)COc1cccc2NC(=O)CCc12,0.6913865804672241,45,0.0,0.6060250719991238,0.2757501006126404,0.06634867191314697,0.11080782413482666
BBBP,COc1ccc(CCN2CCC(CC2)Nc3nc4ccccc4n3Cc5ccc(F)cc5)cc1,0.9895113110542297,65,1.734723475976807e-18,0.295890554184024,0.0023074746131896973,0.016362369060516357,0.0004529029130935669
BBBP,Cc1c(O)cccc1C(=O)N[C@@H](CSc2ccccc2)[C@H](O)CN3C[C@H]4CCCC[C@H]4C[C@H]3C(=O)NC(C)(C)C,0.07321915775537491,85,0.0,0.49314012817554187,0.25185035914182663,0.07376272231340408,0.00957066435366869
BBBP,CCN1C=C(C(O)=O)C(=O)c2ccc(C)nc12,0.253304123878479,29,1.1102230246251565e-16,0.7129853869326243,0.6954411268234253,0.6954411268234253,0.12632997706532478
BBBP,OC(Cn1cncn1)(Cn2cncn2)c3ccc(F)cc3F,0.9477315545082092,34,0.0,0.8049387044010916,0.028996825218200684,0.010048091411590576,0.02963503897190094
BBBP,COc1cc(cc(OC)c1O)[C@H]2[C@@H]3C(COC3=O)[C@H](O[C@@H]4O[C@@H]5CO[C@@H](C)O[C@H]5[C@H](O)[C@H]4O)c6cc7OCOc7cc26,0.08916931599378586,74,0.0,0.5869476958710732,0.48206866532564163,0.48206866532564163,0.009913316369056702
BBBP,CN1CCCC(C1)CN2c3ccccc3Sc4ccccc24,0.9886730313301086,44,4.336808689942018e-19,0.35778380498262913,0.00011271238327026367,0.004118204116821289,0.00025452375411987304
BBBP,O=C1Nc2ccccc2N1C3CCN(CCOc4ccccc4)CC3,0.9880924820899963,48,0.0,0.4745215036527119,0.0014078617095947266,0.0007608532905578613,0.000518578290939331
BBBP,CCCCc1oc2ccccc2c1C(=O)c3cc(I)c(OCCN(CC)CC)c(I)c3,0.7681264877319336,60,0.0,0.6286748514871232,0.21265894174575806,0.5888238102197647,0.1173141434788704
BBBP,CCCCC[C@H](O)/C=C/[C@H]1[C@H](O)CC(=O)[C@@H]1CCCCCCC(O)=O,0.9512759447097778,59,0.0,0.6034235036088751,0.002807915210723877,0.031195521354675293,0.00417274534702301
BBBP,O=C1N=CN=C2NNC=C12,0.6166552305221558,14,0.0,0.9800604994290172,0.3557513356208801,0.34676867723464966,0.20692029893398284
BBBP,CO/N=C(C(=O)N[C@H]1[C@H]2SCC(=C(N2C1=O)C(O)=O)CSC3=NC(=O)C(=O)NN3C)/c4csc(N)n4,0.023346588015556335,54,1.1102230246251565e-16,0.5544605340698313,0.023066755384206772,0.023434262722730637,0.0019622153602540495
BBBP,CN(C)Cc1oc(CSCCNC2C([N+]([O-])=O)=CC=N2)cc1,0.5649276375770569,42,0.0,0.7456173482893215,0.2442423701286316,0.36588767170906067,0.1640094041824341
BBBP,CN(C)Cc1ccnc(c2cccc(NC3C([N+]([O-])=O)=CC=N3)c2)c1,0.6085731387138367,44,5.551115123125783e-17,0.7272447451503582,0.36613261699676514,0.36613261699676514,0.14317964017391205
BBBP,ClC1=CC=CC(OC2CCN(CCC3CCCN3S(C4=CC(N([H])C=C5)=C5C=C4)(=O)=O)CC2)=C1,0.9785675406455994,63,0.0,0.6130222264298505,0.010642290115356445,0.003374934196472168,0.004496023058891296
BBBP,CN(C)Cc1ccc(CSCCNC2=C([N+]([O-])=O)C(Cc3ccccc3)=CN2)o1,0.8523402810096741,55,0.0,0.6638099684194441,0.11245208978652954,0.06786531209945679,0.05429620444774628
BBBP,CN(C)Cc1ccc(c2cccc(NC3C([N+]([O-])=O)=CC=N3)c2)o1,0.9393216371536255,42,0.0,0.6194067124868857,0.044080376625061035,0.013529598712921143,0.038159888982772824
BBBP,CN1[C@H]2CCC[C@@H]1CC(C2)NC(=O)c3nn(C)c4ccccc34,0.9868436455726624,47,0.0,0.7155157515804317,0.007315993309020996,0.04117375612258911,0.0014833927154541016
BBBP,IC1=C(N([H])[H])C=CC(C2=NC3=CC=C(O[H])C=C3S2)=C1,0.8217450976371765,27,2.7755575615628914e-17,0.8529460920443437,0.14023548364639282,0.08059817552566528,0.0740862399339676
BBBP,CN(C)c1cc(C2=NC(N)=NN2)ccn1,0.9737561345100403,27,3.469446951953614e-18,0.8555474624783634,0.007780194282531738,0.008643805980682373,0.007267385721206665
BBBP,CN1CCN(CC1)C2=C3C=CC=CC3=Nc4ccc(Cl)cc4N2,0.9850150942802429,42,8.673617379884035e-19,0.6685431306984387,0.0027620792388916016,0.0005084872245788574,0.0009467095136642456
BBBP,CCC(=O)N(c1ccccc1)C2(CCN(CCc3sccc3)CC2)COC,0.9892252087593079,57,0.0,0.35915532510265946,0.001378178596496582,0.002429664134979248,0.00037123262882232666
BBBP,Nc1nnc(c(N)n1)c2cccc(Cl)c2Cl,0.9417178630828857,23,6.938893903907228e-18,0.7865373690897518,0.013004720211029053,0.42058122158050537,0.054356999695301056
BBBP,COc1ccc(Cl)cc1C(=O)NCCc2ccc(cc2)[S](=O)(=O)NC(=O)NC3CCCCC3,0.8167005181312561,61,0.0,0.6371782691045861,0.1473134160041809,0.03936952352523804,0.0789336085319519
BBBP,Cn1c2CCC(Cn3ccnc3C)C(=O)c2c4ccccc14,0.9844754338264465,41,2.6020852139652106e-18,0.5953220437100322,0.002505779266357422,0.01316612958908081,0.0017760694026947021
BBBP,CN(C)[C@H]1[C@@H]2C[C@H]3C(=C(O)c4c(O)cccc4[C@@]3(C)O)C(=O)[C@]2(O)C(=O)\C(=C(/O)NCN5CCCC5)C1=O,0.02290329337120056,71,1.1102230246251565e-16,0.3432045264237165,0.013319097459316254,0.005304763093590736,0.00139445960521698
BBBP,CCN1CCN(C(=O)N[C@@H](C(=O)N[C@H]2[C@H]3SCC(=C(N3C2=O)C(O)=O)CSc4nnnn4C)c5ccc(O)cc5)C(=O)C1=O,0.02148071676492691,71,1.1102230246251565e-16,0.4561542390980171,0.020271386951208115,0.008878964930772781,0.0014981448650360108
BACE,CC(C)(C)Cc1cnc2c(c1)C([NH2+]CC(O)C1Cc3cccc(c3)CCCCn3cc(ccc3=O)C(=O)N1)CC1(CCC1)O2,0.9690614938735962,91,0.0,0.31055924644830313,0.1875860095024109,0.1875860095024109,0.006500664353370667
BACE,COCC(=O)NC(Cc1cccc(-c2ncco2)c1)C(O)C[NH2+]C1CC2(CCC2)Oc2ncc(CC(C)(C)C)cc21,0.8762701749801636,84,1.1102230246251565e-16,0.4074111916160946,0.2664404511451721,0.17225635051727295,0.0615492194890976
BACE,COCC(=O)NC(Cc1cccc(-c2ccccn2)c1)C(O)C[NH2+]C1CC2(CCC2)Oc2ncc(CC(C)(C)C)cc21,0.7871251106262207,87,1.1102230246251565e-16,0.4806361884879985,0.27022647857666016,0.1730560064315796,0.04453030526638031
BACE,CCn1cc2c3c(cc(C(=O)NC(Cc4ccccc4)[C@H](O)C[NH2+]C4CC4)cc31)N(C)S(=O)(=O)CC2,0.8638776540756226,71,2.220446049250313e-16,0.5762118602948052,0.18773066997528076,0.33364439010620117,0.0313775897026062
BACE,CC(=O)NC(Cc1cc(F)cc(F)c1)C(O)C[NH2+]C1(c2cccc(C(C)(C)C)c2)CCC(=NO)CC1,0.1524515599012375,74,0.0,0.4798857742047161,0.1501649827696383,0.6577329188585281,0.14714932162314653
BACE,CCc1cn2c3c(cc(C(=O)NC(Cc4ccccc4)C(O)C[NH2+]Cc4cccc(OC)c4)cc13)N(C)S(=O)(=O)C2,0.8570458292961121,78,1.1102230246251565e-16,0.5286182676518799,0.23481857776641846,0.03697788715362549,0.02858412265777588
BACE,CCc1cn2c3c(cc(C(=O)NC(Cc4ccccc4)[C@H](O)C[NH2+]Cc4cccc(C(F)(F)F)c4)cc13)OS(=O)(=O)CC2,0.6938005685806274,76,0.0,0.5550775942895937,0.6554752215743065,0.1856018304824829,0.06406357735395432
BACE,CC(C)(C)Cc1cc(C[NH2+]C2CS(=O)(=O)CC(Cc3cc(F)c(N)c(OC(C(F)(F)F)C(F)(F)F)c3)C2O)no1,0.8334742188453674,71,1.1102230246251565e-16,0.4182523070712535,0.0797044038772583,0.18192631006240845,0.02591138780117035
BACE,CC(NC(=O)c1cc(-c2ncc(C(C)([NH3+])Cc3ccccc3)o2)cc(N(C)S(C)(=O)=O)c1)c1ccc(F)cc1,0.6574651002883911,71,1.1102230246251565e-16,0.5682257643708862,0.6574309170500783,0.6574362932133226,0.16704425420612096
BACE,COCC(=O)NC(Cc1cccc(-c2cscn2)c1)C(O)C[NH2+]C1CC2(CCC2)Oc2ncc(CC(C)(C)C)cc21,0.7482486367225647,84,0.0,0.44426972861545516,0.2870011329650879,0.010574698448181152,0.04810653924942017
BACE,Cc1cc(C2(c3cccc(C#CC4CC4)c3)N=C(N)c3c(F)cccc32)cn(C)c1=O,0.820854127407074,53,1.1102230246251565e-16,0.5473957175178955,0.6878489851951599,0.7736802585422993,0.034457623958587646
BACE,CC1(C)OCc2ccc(C[NH2+]C3CS(=O)(=O)CC(Cc4cc(F)c(N)c(OC(C(F)(F)F)C(F)(F)F)c4)C3O)cc21,0.7152634263038635,71,0.0,0.5005924624123731,0.10766249895095825,0.011242508888244629,0.03376218974590302
BACE,CS(=O)(=O)N(c1ccccc1)c1cc(C(=O)NC(Cc2ccccc2)C(O)C[NH2+]Cc2cccc(C(F)(F)F)c2)cc(N2CCCC2=O)c1,0.6872661113739014,87,1.1102230246251565e-16,0.4876957134372785,0.6855697582941502,0.5760654881596565,0.06359345763921738
BACE,CCc1ccc2c(c1)C([NH2+]CC(O)C1Cc3cccc(c3)CCCCn3cc(cc(-c4ccccn4)c3=O)C(=O)N1)CC1(CCC1)O2,0.9435855746269226,92,1.1102230246251565e-16,0.4268620738161404,0.32380211353302,0.22627294063568115,0.03166764676570892
BACE,CCC(C)C1(NC(C)=O)CCN(C(CCc2ccccc2)C(=O)NC(Cc2cc(F)cc(F)c2)C(O)C2CC(Oc3cccnc3)C[NH2+]2)C1=O,0.8839541077613831,98,0.0,0.43074492800633746,0.8512805514037609,0.32689177989959717,0.032754752039909366
BACE,COCC(=O)NC(Cc1cccc(-c2cncs2)c1)C(O)C[NH2+]C1CC2(CCC2)Oc2ncc(CC(C)(C)C)cc21,0.7464592456817627,84,0.0,0.417956606067988,0.26367607712745667,0.01052248477935791,0.07144531607627869
BACE,CCn1cc2c3c(cc(C(=O)NC(Cc4ccccc4)[C@H](O)CNc4ccccc4)cc31)N(C)S(=O)(=O)CC2,0.7929403781890869,73,1.1102230246251565e-16,0.5508472411911357,0.5416406691074371,0.07833611965179443,0.06894315481185913
BACE,CS(=O)(=O)N(c1ccccc1)c1cc(C(=O)NC(Cc2ccccc2)C(O)C[NH2+]Cc2cccc(C(F)(F)F)c2)cc(C2CCCC2)c1,0.6653010249137878,89,0.0,0.5168826268239065,0.6645829602493905,0.5883614644408226,0.08920048549771309
BACE,CC(C)(C)Cc1cnc2c(c1)C([NH2+]CC(O)C1Cc3cccc(c3)CCCn3cc(ccc3=O)C(=O)N1)CC1(CCC1)O2,0.9698784947395325,88,1.1102230246251565e-16,0.37449758831218666,0.06033200025558472,0.15578311681747437,0.004010233283042908
BACE,CCC(C)C1(NC(C)=O)CCN(C(CCc2ccccc2)C(=O)NC(Cc2cc(F)cc(F)c2)C(O)C2CC(Oc3ccccn3)C[NH2+]2)C1=O,0.9177877902984619,98,1.1102230246251565e-16,0.3963376177292184,0.5395568013191223,0.1936982274055481,0.020033857226371764
BACE,CCC(C)C1(NC(C)=O)CCN(C(CCc2ccccc2)C(=O)NC(Cc2cc(F)cc(F)c2)C(O)C2CC(Oc3ccccc3)C[NH2+]2)C1=O,0.8043162822723389,99,2.220446049250313e-16,0.38686234129814584,0.7635907121002674,0.45487287640571594,0.08568843081593513
BACE,CCc1ccc2c(c1)C([NH2+]CC(O)C1Cc3cccc(c3)CCCCn3cc(cc(N4CCCC4)c3=O)C(=O)N1)CC1(CCC1)O2,0.9117130637168884,95,2.220446049250313e-16,0.432748016119714,0.21534758806228638,0.18037700653076172,0.03564063012599945
BACE,CCn1cc(C2(c3cccc(NC(=O)c4ccccn4)c3)N=C(N)c3c(F)cccc32)cc(C)c1=O,0.6454591155052185,60,1.1102230246251565e-16,0.6330950489845711,0.6198659241199493,0.63078907225281,0.0914811372756958
BACE,CCC(C)C1(NC(C)=O)CCN(C(CCc2ccccc2)C(=O)NC(Cc2cc(F)cc(F)c2)C(O)C2CC(OCc3ccccn3)C[NH2+]2)C1=O,0.6078326106071472,101,0.0,0.4276472599754866,0.6075009303167462,0.563184954226017,0.1119686633348465
BACE,CCC(C)C1(NC(C)=O)CCN(C(CCc2ccccc2)C(=O)NC(Cc2cc(F)cc(F)c2)C(O)C2CC(OCc3cccnc3)C[NH2+]2)C1=O,0.7036324739456177,101,0.0,0.42520977994543063,0.7021699163597077,0.041828274726867676,0.06962515711784363
BACE,CC(C)c1cccc(C2([NH2+]CC(O)C3Cc4cccc(c4)OCCCCOc4cc(cc(N5CCCC5=O)c4)C(=O)N3)CC2)c1,0.40809178352355957,91,0.0,0.5016485802998624,0.3725097179412842,0.012286096811294556,0.15856498964130877
BACE,[NH3+]CCc1ccc(O)c(C2CCCCC2)c1,0.2194797247648239,38,2.7755575615628914e-17,0.69718123214442,0.21397955063730478,0.21583853289484978,0.0763332150876522
BACE,Nc1ccc2cc(-c3ccsc3)ccc2n1,0.13581430912017822,26,5.551115123125783e-17,0.8762327645832116,0.13560920328018256,0.13560920328018256,0.06090385094285011
BACE,CN(C(=O)CCc1cc2ccccc2nc1N)C1CCCCC1,0.6855239868164062,48,0.0,0.5780472565943201,0.4568306505680084,0.11410379409790039,0.026991787552833556
BACE,Nc1nc2ccccc2cc1CCC(=O)NCC1CCCCC1,0.3154662847518921,48,0.0,0.681092150560841,0.3079972118139267,0.1100282371044159,0.10007885061204433
BACE,CN(C)c1cccc(C[NH2+]CC(O)C(Cc2ccccc2)NC(=O)C2(Cc3ccccc3)CN(Cc3ccccc3)C(=O)N2)c1,0.0006141399499028921,89,7.589415207398531e-19,0.3066926733440349,0.0004390710673760623,0.14471549936570227,0.0014773235243410454
BACE,CN1C(=[NH2+])NC(c2ccccc2)(c2ccccc2)C1=O,0.0088047431781888,36,0.0,0.7819362782360416,0.004036812111735344,0.0031327204778790474,0.013298515201313421
BACE,CN(C(=O)CCC(C1CCCCC1)N1Cc2cc(Oc3ccccc3)ccc2[NH+]=C1N)C1CCCCC1,0.7204364538192749,80,1.1102230246251565e-16,0.535250096873195,0.5589290708303452,0.03248095512390137,0.0967379242181778
BACE,CN1C(=[NH2+])NC(c2ccccc2)(c2cccc(-c3cccnc3)c2)C1=O,0.5112543702125549,45,0.0,0.727005139438458,0.5098265175474808,0.5072250817902386,0.11470775054767728
BACE,COc1cccc(CN2CC(C(=O)NC(Cc3ccccc3)C(O)C[NH2+]Cc3cccc(N(C)C)c3)NC2=O)c1,0.12305516004562378,80,1.3877787807814457e-17,0.5213634431126574,0.4405946135520935,0.1543411910533905,0.04827373567968607
BACE,COc1cccc(-c2cccc(C3(c4ccccc4)NC(=[NH2+])N(C)C3=O)c2)c1,0.10695309191942215,50,0.0,0.6896602454654296,0.05485237017273903,0.6428424045443535,0.08784752730280161
BACE,CN1C(=O)C2CN(c3ccccc3)CC2(c2ccc(-c3ccc(F)c(C#N)c3)s2)N=C1N,0.06749465316534042,52,1.3877787807814457e-17,0.6675160086941627,0.06634917855262756,0.01685934141278267,0.017964320699684323
BACE,CN1C(=O)CC(C)(c2cc(-c3cccc(C#N)c3)cs2)N=C1N,0.424689918756485,39,1.1102230246251565e-16,0.7290747055568314,0.4188142507337034,0.4188142507337034,0.13902587592601776
BACE,CCCN(CCC)C(=O)c1cccc(C(=O)NC(Cc2ccccc2)C([NH3+])CC(C)C(=O)Nc2ccc(F)cc2)c1,0.827068030834198,83,1.1102230246251565e-16,0.529924836393495,0.7992959003895521,0.7992959003895521,0.04466121792793274
BACE,CC(C)CC(NC(=O)C1CC(=O)NCCCCCCOC(=O)NC(C(C)C)C(=O)N1)C(O)CC(C)C(=O)NC(C(=O)NCc1ccccc1)C(C)C,0.4513678252696991,114,5.551115123125783e-17,0.33112690553705787,0.45134952529042494,0.4513666939551513,0.2155994170345366
BACE,CN(C(=O)CCN1Cc2cc(C(=O)c3ccccc3)ccc2[NH+]=C1N)C1CCCCC1,0.2771993577480316,62,0.0,0.5148211035879894,0.20902426540851593,0.5772939622402191,0.11767800375819207
BACE,CN1C(=O)C2CN(C(=O)c3ccccc3)CC2(c2cc(-c3cccc(C#N)c3)cs2)N=C1N,0.7420733571052551,54,1.1102230246251565e-16,0.6597390329786352,0.6901995167136192,0.6901995167136192,0.1544061340391636
BACE,COc1cccc(C[NH2+]CC(O)C(Cc2ccccc2)NC(=O)c2cc(C(=O)NC(C)c3ccccc3)cc(N(C)S(C)(=O)=O)c2)c1,0.4778901934623718,90,5.551115123125783e-17,0.5268785124381121,0.4756045062094927,0.4757402951363474,0.1018907878547907
BACE,CC#Cc1cncc(-c2cc(Cl)c(C3(C)CC(=O)N(C)C(=[NH2+])N3)s2)c1,0.6584790349006653,43,0.0,0.5637209705643333,0.3724086880683899,0.06719785928726196,0.025526401400566102
BACE,CC(C)CC(NC(=O)c1cc(C(=O)NC(C)c2ccccc2)cc(N(C)S(C)(=O)=O)c1)C(O)CC(C)C(=O)NC(C(=O)NC(C)C)C(C)C,0.7232113480567932,104,1.1102230246251565e-16,0.410924832729807,0.721539058140479,0.7224394441582263,0.11373871937394142
BACE,COCC1CCCN1C(=O)c1cc(C)cc(C(=O)NC(Cc2cc(F)cc(F)c2)C(O)C2CN(S(=O)(=O)c3cccc(C)c3)CC[NH2+]2)c1,0.7924854755401611,91,1.1102230246251565e-16,0.44407681012747624,0.6163741946220398,0.1167643666267395,0.03615460395812988
BACE,COCC1CCCN1C(=O)c1cc(C)cc(C(=O)NC(Cc2cc(F)cc(F)c2)C(O)C2CC(Oc3ccccc3)C[NH2+]2)c1,0.8852120041847229,84,1.1102230246251565e-16,0.4189982540996661,0.276109516620636,0.3967571258544922,0.044828799366950986
BACE,Cc1cc(C)n(COC(=O)NC(CS(C)(=O)=O)C(=O)NC(CC(C)C)C(O)CC(C)C(=O)NC(C(=O)NCC(C)C)C(C)C)n1,0.002355598146095872,99,1.734723475976807e-18,0.34500859560802255,0.42452467209659517,0.7578140271361917,0.00209203960899913
BACE,CC(C)CC(NC(=O)C(CC(N)=O)NC(=O)C(NC(=O)C(CCC(=O)[O-])NC(=O)C(CO)NC(=O)C(Cc1c[nH]c2ccccc12)NC(=O)C([NH3+])Cc1c[nH]c2ccccc12)C(C)C)C(O)CC(C)C(=O)NC(C)C(=O)NC(CCC(=O)[O-])C(=O)NC(Cc1ccccc1)C(=O)[O-],0.9365559220314026,184,1.1102230246251565e-16,0.3207361509367964,0.19039368629455566,0.20468658208847046,0.020476284623146056
BACE,CCCc1cc(=O)[nH]c(N)n1,9.096897701965645e-05,22,5.421010862427522e-19,0.44164209373324836,0.0004518838759395294,0.10714702569384826,0.0012685200646728844
BACE,Cc1ccc(C)c(OCC(O)C[NH+]2CCOCC2)c1,0.0007512991433031857,43,0.0,0.6584308258872512,0.03734511387301609,0.09810668480349705,0.0021785736174933846
BACE,Nc1ccc2ccccc2n1,0.034963298588991165,19,6.938893903907228e-18,0.9444649165268955,0.03492520096915541,0.03492520096915541,0.012283969511645409
BACE,Nc1nccc2ccccc12,0.044598307460546494,19,1.3877787807814457e-17,0.7876726072017037,0.042384801898151636,0.042384801898151636,0.009334007883444429
BACE,Nc1ncccc1CCc1cccc(Cl)c1,0.14234353601932526,29,0.0,0.7656749776658223,0.14045529207214713,0.14045529207214713,0.028913099318742752
BACE,Nc1nc2ccccc2nc1N1CCCC1,0.2882339358329773,30,5.551115123125783e-17,0.8061120566562513,0.2596178185194731,0.10060246288776398,0.07303656712174415
BACE,Fc1ccc(CC2CC[NH2+]CC2)cc1,0.015494749881327152,31,0.0,0.781202776350531,0.014638071996159852,0.07378443982452154,0.010397147323237732
BACE,Nc1ncccc1NCc1ccccc1,0.08218130469322205,28,0.0,0.6524443700647458,0.08103495463728905,0.06468847393989563,0.00963937323540449
BACE,C[N@@H+](Cc1cccc(CCc2cccnc2N)c1)Cc1ccco1,0.41760900616645813,48,0.0,0.6847093323071636,0.3851441517472267,0.3851441517472267,0.07259832993149758
BACE,Nc1nc(CCc2ccc3cc[nH]c3c2)cc(=O)[nH]1,1.5183104551397264e-05,33,0.0,0.4565723009452623,3.765159999602474e-05,0.004105473184608854,2.783681602522847e-05
BACE,O=C(OC1CCOCC1)[C@H]1C[C@]2(C[NH2+]1)C(=O)Nc1ccccc12,0.0008622835157439113,44,0.0,0.611122210091432,0.029716799152083695,0.04423576418776065,0.0010871564365515952
BACE,C[C@@]1(c2cccc(-c3cccnc3)c2)N=C(c2ccccc2)C(N)=[NH+]1,0.006573584396392107,44,8.673617379884035e-19,0.72342179121855,0.006569854382860285,0.053461968433111906,0.0034147076097269745
BACE,NC1=N[C@@]2(c3cccc(-c4cncnc4)c3)CCOC[C@H]2O1,0.026379670947790146,38,6.938893903907228e-18,0.7385824718753647,0.026249315356835723,0.026249315356835723,0.0090768248133827
BACE,Nc1cccc(CCc2ccc3cc[nH]c3c2)n1,0.044537149369716644,33,0.0,0.800886618675226,0.0445152291431441,0.0445152291431441,0.021728018696740035
BACE,COc1ccc([C@]2(C)CCSC(N)=N2)cc1,8.129683556035161e-05,32,8.07367239872292e-05,,8.796414476819336e-06,4.8976628022501245e-05,4.6217880390031495e-05
BACE,CC1(C)Cc2ccccc2/C(=[NH+]/[C@@H](Cc2ccccc2)C(=O)[O-])N1,2.2141604858916253e-05,46,1.0842021724855044e-19,0.665852042125169,0.018170864910644013,0.018170864910644013,0.0011221895911944558
BACE,CN(C(=O)CCCn1c(N)nc2cc(Cl)ccc21)C1CCCCC1,0.01455188449472189,49,4.163336342344337e-17,0.4747056756724565,0.16732110921293497,0.8111803466454148,0.08315911628305912
BACE,N#CC1(OC(=O)[C@H]2C[C@]3(C[NH2+]2)C(=O)Nc2ccccc23)CCCCC1,0.005430073942989111,47,8.673617379884035e-19,0.550067240983174,0.0036326677072793245,0.06469598272815347,0.0029650717275217175
BACE,COc1cccc(-c2cccc(CCc3cccc(N)n3)c2)c1,0.3876360058784485,43,0.0,0.7328679222926319,0.3870280797709711,0.3870280797709711,0.13913788446225225
BACE,Cc1ccc(Nc2cc(-c3ccccc3)ncn2)cc1NS(C)(=O)=O,0.39217355847358704,43,0.0,0.7296594855904923,0.38654251070693135,0.3921650706251967,0.13705788925290108
BACE,O=C(O[C@H]1CCSc2ccc(Br)cc21)[C@H]1C[C@]2(C[NH2+]1)C(=O)Nc1ccccc12,0.0017527529271319509,48,1.734723475976807e-18,0.5566520643562957,0.024408064666204154,0.4266649893252179,0.001297269247152144
BACE,CN1C(=N)N[C@](C)([C@@H]2C[C@H]2c2ccccc2)CC1=O,4.949669892084785e-05,38,4.934100668663177e-05,,3.023065801244229e-05,1.5028013876872137e-05,2.556834838287614e-05
BACE,Nc1ncccc1NCc1cccc(-c2ccc3cc[nH]c3c2)c1,0.3559334874153137,42,0.0,0.7132940621133144,0.32748634554445744,0.32748634554445744,0.16769899800419807
BACE,CC[C@@H](CC(=O)NC1C2CC3CC(C2)CC1C3)n1c(N)nc2cc(Cl)ccc21,1.7055754142347723e-05,57,1.734723475976807e-18,0.37497431204545406,0.09834302824310726,0.7296286137061543,0.001979629886983503
BACE,COc1ccc([C@@]2(c3cccc(-c4cncnc4)c3)CCC(N)=[NH+]2)cc1,0.2595270872116089,47,5.551115123125783e-17,0.7042715253677079,0.1728060021996498,0.3950002193450928,0.11610028967261314
BACE,CC(C)C[C@@]1(C)NC(=N)N(Cc2ccc(CNC(=O)Nc3ccc(C#N)cc3)cc2)C1=O,0.017055083066225052,60,0.0,0.6336224379013231,0.01704890152950611,0.18219679221510887,0.010994121571275172
BACE,C[C@]1(c2cccc(-c3cccc(Cl)c3)c2)[NH+]=C(N)CCO1,3.681241287267767e-05,39,0.0,0.7635200897073969,3.583047180200083e-05,0.02118770496235811,0.0007141002926005057
BACE,Nc1ncccc1NCc1cc(-c2ccc3cc[nH]c3c2)ccc1OCc1ccccn1,0.2474479079246521,55,0.0,0.6507327856178402,0.23345041647553444,0.5328549742698669,0.18529371367767453
BACE,O=C(O[C@H]1CCS(=O)(=O)c2ccc(Br)cc21)[C@H]1C[C@]2(C[NH2+]1)C(=O)Nc1ccccc12,0.00034009586670435965,50,1.734723475976807e-18,0.3349328876051286,0.003225861204555258,0.1248930178990122,0.00016800371752196953
BACE,NC(=[NH2+])NC(=O)Cn1c(-c2ccccc2)ccc1-c1ccccc1,0.0009263826650567353,43,5.204170427930421e-18,0.6388608071653982,0.0008956599704106338,0.01718610542593524,0.001813402678089915
BACE,COc1ccc([C@@]2(c3cccc(-c4cccnc4)c3)C[C@@H](OC)C(N)=[NH+]2)cc1,0.03805620223283768,52,0.0,0.6846373413612392,0.038015207148418995,0.6996273323893547,0.03324149986547127
BACE,CC(=O)Nc1ccc(C[NH+]2CCC3(CC2)C(NC2CCCCC2)=NC(=O)N3c2cccc(F)c2)cc1,3.972373451688327e-05,71,8.131516293641283e-20,0.17790508022986762,0.012770493482094025,0.02832047544870875,6.0463592717496795e-05
BACE,CCCCCS(=O)(=O)c1cccc(C(=O)N[C@@H](Cc2ccccc2)[C@H](O)C[NH2+][C@@H](C)C(=O)NC2CCCCC2)c1,0.06453798711299896,86,0.0,0.5312878442011907,0.45312924683094025,0.7091261297464371,0.02752094892784953
BACE,C[C@@H]1CCc2cccc(c2)C[C@@](C)([NH3+])C(=O)OCc2cc(nc(N(C)S(C)(=O)=O)c2)CC1,0.36470791697502136,66,5.551115123125783e-17,0.6061005257464691,0.36470135786794344,0.36469752161065117,0.09718899736180901
BACE,C[C@@H](NC(=O)c1cc(OCC(=O)NCCCCC[NH3+])cc(OS(=O)(=O)Cc2ccccc2)c1)c1ccc(F)cc1,5.3651332564186305e-05,75,5.421010862427522e-20,0.4664234187101936,0.017493877858214546,0.041710742116265465,0.0003714773907120161
BACE,CCCN(CCC)C(=O)c1cc(C)cc(C(=O)N[C@@H](Cc2cc(F)cc(F)c2)[C@H](O)[C@H]2CN(C(=O)c3ccccc3)CC[NH2+]2)c1,0.9277076125144958,88,1.1102230246251565e-16,0.42831771681521086,0.30994701385498047,0.3562127947807312,0.028920209407806395
BACE,CC(=O)Nc1c(Cl)cc(C/N=C(\N)NC(=O)Cn2ccc3ccccc32)cc1Cl,0.050391919910907745,48,6.938893903907228e-18,0.5541356717442478,0.03648634999990463,0.15177147835493088,0.017725729662925006
BACE,O=S1(=O)C[C@@H](Cc2ccc(O)c(Br)c2)[C@H](O)[C@@H]([NH2+]Cc2cccc(C3CC3)c2)C1,0.010635127313435078,56,0.0,0.6145526546656568,0.010532502885325812,0.002625005319714546,0.004977793025318533
BACE,CC1(C)Cc2cc(Cl)ccc2C(N[C@@H](Cc2ccccc2)c2noc(=O)[n-]2)=[NH+]1,1.5481439277209574e-06,49,1.5326566913387296e-06,,9.73189628439286e-07,8.690962545188086e-07,1.0399913790593018e-06
BACE,CC(=O)c1ccc(Oc2ccc(-c3ccc(-c4ccccc4Cl)n3CC(=O)NC(N)=[NH2+])cc2)cc1,0.0020930992905050516,59,0.0,0.5898136271606533,0.0020611689215002116,0.10392331308685243,0.006868652192497393
BACE,COc1ccc([C@]2(c3cccc(-c4cncnc4)c3)[NH+]=C(N)c3nc(C)sc32)cc1,0.06187039986252785,50,1.3877787807814457e-17,0.5670718018932488,0.05833309702575207,0.05978970159776509,0.01649785917252302
BACE,CN1C(=N)N[C@](CCC2CCCCC2)(CC2CCCCC2)C1=O,0.007842328399419785,56,0.0,0.29702908214366114,0.007607549225213006,0.09104547277092934,0.006779198130243458
BACE,NC(=[NH2+])NC(=O)Cn1c(-c2ccccc2)ccc1-c1ccc(NC(=O)c2cccc(Br)c2)cc1,0.013886810280382633,57,3.469446951953614e-18,0.5882940722302422,0.005052884109318256,0.0686440235003829,0.014688795841357205
BACE,CCCCNC(=O)[C@H](C)C[C@H](O)[C@@H]1C[C@H](C)CCCCCCCC(=O)N[C@@H](C)C(=O)N1,0.049624744802713394,76,6.938893903907228e-18,0.45933635599714107,0.015213478356599808,0.7592272125184536,0.059293252089992164
BACE,CCCOc1ccc(-c2csc(-c3ccccc3Cl)c2CC(=O)NC(N)=[NH2+])cc1,0.6324304938316345,52,0.0,0.6421327779976427,0.6309008067473769,0.6309008067473769,0.13018579334020614
BACE,CC1(C)Cc2cc(Cl)ccc2C(N[C@@H](Cc2ccccc2)c2ncc(C#N)c(=O)[nH]2)=[NH+]1,0.002073145704343915,54,0.0,0.5802667061697141,0.0020184947024972644,0.0069672882091254,0.0017723330711305607
BACE,CC1(C)Cc2cc(Cl)ccc2C(N[C@@H](Cc2cscc2-c2cn[nH]c2)C(=O)[O-])=[NH+]1,0.08368713408708572,50,2.7755575615628914e-17,0.631700219527408,0.0624714121222496,0.6479308530688286,0.05230885666096583
BACE,CN1CC(N)=[NH+][C@](C)(c2cccc(NC(=O)c3ccc(Cl)cn3)c2)C1=O,0.347807377576828,45,0.0,0.6886178194979966,0.3456252384930849,0.3456252384930849,0.16181130856275558
BACE,CCc1ccnc2c(N3CCCC3=O)cc(C(=O)N[C@@H](Cc3ccccc3)[C@H](O)C[NH2+]Cc3cccc(C(F)(F)F)c3)cc12,0.7508286833763123,80,0.0,0.5182471042928846,0.6004571616649628,0.1387283205986023,0.05155242085456848
BACE,CC(C)C[C@H](NC(=O)[C@@H](NC(=O)[C@@H]([NH3+])CNC(=O)c1nnn[n-]1)C(C)C)C(=O)NC[C@](O)(CCc1ccccc1)C(=O)Nc1cccc(C(=O)[O-])c1,0.675883412361145,97,0.0,0.4734029563896265,0.6758549141304684,0.6758549141304684,0.17451193928718567
BACE,CCCCNC(=O)[C@H](C)C[C@H](O)[C@@H]1CSC/C=C/CS[C@H]2CCC[NH2+][C@H]2C(=O)N[C@@H](C)C(=O)N1,0.3649601340293884,77,5.551115123125783e-17,0.5358976603497181,0.33231227844953537,0.029238015413284302,0.10851629227399825
BACE,COC(=O)[C@@H]1CCCN1C(=O)[C@@H](CC1CCCCC1)N(C)C(=O)[C@H](C)NC(=O)[C@H](CC(C)C)NC(=O)C[C@H](O)[C@H](CC1CCCCC1)NC(=O)[C@H](CCC(N)=O)N(C)C(=O)[C@@H](NC(=O)[C@H](C)O)C(C)C,0.9917519688606262,156,0.0,0.37393811442709846,0.06309771537780762,0.09569138288497925,0.0036452144384384157
BACE,CCNc1cc(C(=O)N[C@@H](Cc2ccccc2)[C@H](O)C[NH2+]C2CCCCC2)cc(N2CCCC2=O)c1,0.5500013828277588,77,0.0,0.5401188099715819,0.48771442100405693,0.513151254504919,0.15361088439822196
BACE,CC1(C)Cc2cc(Cl)ccc2C(N[C@@H](Cc2ccccc2)c2nc3ccncc3c(=O)[nH]2)=[NH+]1,9.233214950654656e-05,58,5.421010862427522e-20,0.591725494260616,0.0012377364182611927,0.01751721381151583,0.0001359450243853644
BACE,CCCCNC(=O)[C@@H](NC(=O)[C@H](C)C[C@H](O)[C@@H]1CSC/C=C/CSC[C@H](NC(=O)OC(C)(C)C)C(=O)N[C@@H](C)C(=O)N1)C(C)C,0.2219509780406952,100,0.0,0.48149254016235515,0.22194371598197904,0.34045109152793884,0.12075204746797681
BACE,CCCN1C(=O)OC[C@@H]1Cc1cc(C[C@@H]2CS(=O)(=O)C[C@H]([NH2+]Cc3cccc(C(C)C)c3)[C@H]2O)ccc1O,0.7966748476028442,79,0.0,0.49572965977944655,0.7600838467478752,0.7614080794155598,0.06592347919940948
BACE,CC(C)(C)c1cccc(C[NH2+][C@H]2CS(=O)(=O)C[C@@H](Cc3cc(F)c4c(c3)C3(CCC(F)(F)CC3)CN4)[C@@H]2O)c1,0.9133493900299072,79,1.1102230246251565e-16,0.3988398893299831,0.24344342947006226,0.2100326418876648,0.02704918086528778
BACE,COC(=O)[C@@H]1CCCN1C(=O)[C@@H](CC1CCCCC1)N(C)C(=O)[C@H](C)NC(=O)[C@H](CC(C)C)NC(=O)C[C@H](O)[C@H](CC1CCCCC1)NC(=O)[C@@H]1C[C@H](NS(C)(=O)=O)C[C@@H](C(=O)N[C@H](C)C2CCCCC2)C1,0.9352145791053772,163,0.0,0.3701352427530667,0.36883097887039185,0.016990959644317627,0.020111244916915894
BACE,CCCN(CCC)C(=O)c1cc(C)cc(C(=O)N[C@@H](Cc2cc(F)cc(F)c2)[C@H](O)[C@H]2C[N@@H+](Cc3ccccc3)CC[NH2+]2)c1,0.8438804745674133,90,1.1102230246251565e-16,0.4673903690435322,0.5111131072044373,0.10849541425704956,0.05298827886581421
BACE,CCCC(CCC)S(=O)(=O)C[C@@H](NC(=O)OCc1ccccc1)C(=O)N[C@@H](Cc1ccccc1)[C@H](O)C[NH2+]Cc1cccc(OC)c1,0.0182911716401577,97,3.469446951953614e-18,0.39246617944986417,0.01828079735969368,0.5869422592222691,0.016879179736133666
BACE,CN(c1cc(C(=O)N[C@@H](Cc2ccccc2)[C@H](O)C[NH2+]C2CC2)cc(C(=O)c2ccccc2)c1)S(C)(=O)=O,0.20735237002372742,72,2.7755575615628914e-17,0.5838887038770573,0.17531900480389595,0.011614888906478882,0.0736789295449853
BACE,C[C@@]1(c2cc(NC(=O)c3ccc(Cl)cn3)ccc2F)C[C@@H]2C[C@@H]2C(N)=[NH+]1,0.2660016119480133,45,0.0,0.7022867531658026,0.26599019172772387,0.26599019172772387,0.1276771815493703
BACE,CC#Cc1cncc(-c2cccc([C@]3(C4CC4)N=C(C)C(N)=[NH+]3)c2)c1,0.12865571677684784,46,0.0,0.6800559241380052,0.12123036291450262,0.10810388997197151,0.04697877746075392
BACE,Cc1cc2cc(c1)[C@@H](O)[NH2+][C@@H](c1ccccc1)C/C=C/COC[C@@H]([C@H](O)C[NH2+]Cc1cccc(C(C)C)c1)NC2=O,0.04463193565607071,86,0.0,0.4275791854642655,0.043833055708091706,0.5953472480177879,0.021771731693297623
BACE,O=C(N[C@@H](Cc1ccccc1)[C@H](O)C[NH2+]Cc1cccc(C(F)(F)F)c1)c1cc(N2CCCC2=O)c(=O)n(C2CCCC2)c1,0.6092291474342346,82,0.0,0.5678474764035452,0.6050854036584496,0.6042242115363479,0.11272743418812751
BACE,CC(C)C[C@H](NC(=O)C[C@H](O)[C@H](CC1CCCCC1)NC(=O)[C@H](CCC(N)=O)N(C)C(=O)[C@@H](NC(=O)[C@H](C)O)C(C)C)C(=O)N[C@@H](C)C(=O)N(C)[C@H](CC1CCCCC1)C(=O)[O-],0.9586296677589417,138,0.0,0.3880939323591715,0.1532774567604065,0.20435315370559692,0.017453542351722716
BACE,C[C@@H](NC(=O)c1cc(C(=O)N[C@@H](Cc2ccccc2)[C@H](O)[C@@H]2[NH2+]C(C)(C)N(C)C2=O)cc(N(C)S(C)(=O)=O)c1)c1ccc(F)cc1,0.6030686497688293,87,1.1102230246251565e-16,0.5034925919344709,0.5667463168501854,0.5830670166760683,0.11584694758057594
BACE,CC(=O)N[C@@H](Cc1cc(F)cc(F)c1)[C@H](O)C[NH2+]C1(c2cccc(-n3cccn3)c2)CCCCC1,0.0066040209494531155,68,1.734723475976807e-18,0.5291442081253873,0.18809501314535737,0.47437756741419435,0.010389528353698552
BACE,COC(=O)[C@@H]1CCCN1C(=O)[C@@H](Cc1ccccc1)N(C)C(=O)[C@H](C)NC(=O)[C@H](CC(C)C)NC(=O)C[C@H](O)[C@H](Cc1ccccc1)NC(=O)c1cc(C(=O)N[C@H](C)c2ccccc2)cc(N(C)S(C)(=O)=O)c1,0.9463030099868774,142,0.0,0.40237208054471874,0.3283156752586365,0.35686981678009033,0.010073623061180115
BACE,CCC[N@H+]1CCC[C@@]12CCN([C@@H](C)C(=O)N[C@@H](Cc1ccccc1)[C@H](O)C[NH2+]Cc1cccc(C(C)C)c1)C2=O,0.6721436381340027,90,2.220446049250313e-16,0.45452064138155096,0.6557618733495474,0.47983425855636597,0.06705243587493896
BACE,COC(=O)[C@H]1CCCN1C(=O)[C@@H](Cc1ccccc1)N(C)C(=O)[C@H](C)NC(=O)[C@H](CC(C)C)NC(=O)C[C@H](O)[C@H](Cc1ccccc1)NC(=O)[C@H](CCC(N)=O)N(C)C(=O)[C@@H](NC(=O)OC(C)(C)C)C(C)C,0.9552342295646667,150,0.0,0.33897736023892966,0.2752392292022705,0.31895118951797485,0.01291968822479248
BACE,CC(=O)Nc1c(Cl)cc(CNC(=N)NC(=O)Cn2ccc3ccc(C#N)cc32)cc1Cl,0.2691492736339569,49,0.0,0.6231183236507297,0.26675043487921357,0.41819265484809875,0.13673725561238825
BACE,CC(=O)N[C@@H](Cc1ccccc1)[C@H](O)C[NH2+][C@H]1CC(C)(C)Cc2nn(CC(C)(C)C)cc21,0.060958441346883774,73,6.938893903907228e-18,0.3412257405468364,0.05762406438589096,0.6292764581739902,0.041369828209280965
BACE,COc1cccc(-c2cccc([C@@]3(c4ccncc4)[NH+]=C(N)N4CC(F)(F)CN=C43)c2)c1F,0.818273663520813,54,1.1102230246251565e-16,0.5581319850438922,0.259718120098114,0.036151349544525146,0.014827364683151245
BACE,CC(C)C[C@H](NC(=O)[C@H](CC(N)=O)NC(=O)[C@@H](NC(=O)[C@@H]([NH3+])CCC(=O)[O-])C(C)C)[C@@H](O)[C@@H]1CCC[C@H]1C(=O)N[C@@H](C)C(=O)[O-],0.5709661245346069,94,0.0,0.5045118360249085,0.5709213312584325,0.5709459090030577,0.20244853757321835
BACE,CC(C)[C@H](NC(=O)C[C@H](O)[C@H](COc1cc(F)cc(F)c1)NC(=O)c1cc(C(=O)N[C@H](C)c2ccccc2)cc(N(C)S(C)(=O)=O)c1)C(=O)Nc1cc(C(=O)[O-])cc(C(=O)[O-])c1,0.8527675867080688,105,0.0,0.36315585104417664,0.7650880664587021,0.15587735176086426,0.04009906351566315
BACE,CCc1ccc2c(c1)[C@@H]([NH2+]C[C@@H](O)[C@@H]1Cc3cccc(c3)CCCCCCCC(=O)N1)CC1(CCC1)O2,0.5304686427116394,82,0.0,0.5355390836500923,0.5183463655412197,0.47920943051576614,0.1428478755056858
BACE,CCNc1cc(C(=O)N[C@@H](Cc2ccccc2)[C@H](O)C[NH2+]C(C)(C)CCCC(C)C)cc(N2CCCC2=O)c1,0.37155023217201233,88,0.0,0.46221112066066766,0.36456533800810575,0.25246618688106537,0.22678899480961262
BACE,CC(C)c1cccc(C[NH2+]C[C@@H](O)[C@@H]2C[C@H](C)CCCCCCCCC(=O)N(C)[C@@H](C)C(=O)N2)c1,0.6502600908279419,85,0.0,0.5082894631240925,0.4491797834634781,0.041924238204956055,0.09156399220228195
BACE,C[C@@]1([NH3+])Cc2cccc(c2)CC[C@H](c2ccccc2)NC(=O)c2cc(cc(-c3ccccc3C#N)c2)COC1=O,0.03814301639795303,72,6.938893903907228e-18,0.5825389038439412,0.029879187233746052,0.30483075231313705,0.01279254318214953
BACE,CCC[C@H]1CN(Cc2ccc(CN3C(=N)N[C@](CCC4CCCCC4)(CC4CCCCC4)C3=O)cc2)C(=O)N1,0.024903150275349617,88,3.469446951953614e-18,0.4165685590668549,0.02204984030686319,0.6006380598992109,0.012801649299217389
BACE,CCN1CCN2CCS(=O)(=O)N(C)c3cc(C(=O)N[C@@H](Cc4ccccc4)[C@H](O)C[NH2+]Cc4cccc(OC)c4)cc1c32,0.7462190985679626,85,1.1102230246251565e-16,0.4729621483438258,0.7268240246921778,0.7226418908685446,0.04614096581935882
BACE,CCn1ccc2c(N3CCCC3=O)cc(C(=O)N[C@@H](CC3=CC=CCC3)[C@H](O)C[NH2+]Cc3cccc(OC)c3)cc21,0.6061084866523743,82,0.0,0.5253586012050213,0.5847968775779009,0.5847968775779009,0.11391728073358535
BACE,CCc1ccc2c(c1)[C@@H]([NH2+]C[C@@H](O)[C@@H]1Cc3cccc(c3)CCCCCCC(=O)N1)CC1(CCC1)O2,0.4959828555583954,79,5.551115123125783e-17,0.5218203392357642,0.45022549107670784,0.45022549107670784,0.13377067409455776
BACE,C[C@@H](NC(=O)c1cc(C(=O)N[C@@H](Cc2ccccc2)[C@H](O)C[NH2+]C2CC2)cc(N(C)S(C)(=O)=O)c1)c1ccccc1,0.4073481857776642,80,0.0,0.5639912473940935,0.3986750580370426,0.33633486926555634,0.14269587863236666
BACE,CC(=O)N[C@@H](Cc1cc(F)cc(F)c1)[C@H](O)C[NH2+][C@@]1(c2cccc(C(C)(C)C)c2)CCc2n[nH]cc2C1,0.17630022764205933,74,0.0,0.5006132657296288,0.1688699177466333,0.6445351839065552,0.08913256684318185
BACE,COc1c(C)cc([C@@]2(c3cccc(-c4cncnc4)c3)N=C(C)C(N)=[NH+]2)cc1C,0.3128294050693512,53,5.551115123125783e-17,0.6799067987086524,0.19330978393554688,0.19330978393554688,0.1177689965814352
BACE,C[C@@H](NC(=O)c1cc(-c2nnc([C@](C)([NH3+])Cc3ccccc3)o2)cc(N(C)S(C)(=O)=O)c1)c1ccc(F)cc1,0.010443967767059803,70,3.469446951953614e-18,0.5678445637215591,0.010395788180176169,0.20416899304836988,0.005783997126854956
BACE,CCCC[C@H]([NH3+])[C@H](Cc1ccsc1)NC(=O)c1cc(NC[C@H]2C[C@@H]2C)nc(N(C)S(C)(=O)=O)c1,0.902661919593811,72,2.220446049250313e-16,0.4716971046839337,0.6722688674926758,0.6722688674926758,0.03150207102298737
BACE,CCCC[NH2+]C(=O)[C@@H](NC(=O)[C@@H]1CC(=O)C[C@H]1[C@H](O)[C@H](CC(C)C)NC(=O)[C@H](CCSC)NC(=O)[C@H](CC(C)C)NC(C)=O)C(C)C,0.6505163908004761,109,1.1102230246251565e-16,0.3928601575771572,0.6489742692792788,0.6494082920253277,0.2955046031624079
BACE,CC(=O)N[C@@H](Cc1ccccc1)[C@H](O)C[NH2+][C@H]1CC(C)(C)Oc2sc(CC(C)(C)C)cc21,0.4183094799518585,71,0.0,0.4874593742586357,0.39496547169983387,0.3161734864115715,0.16466286033391953
BACE,CCC[C@H]1SC=C(c2cn[nH]c2)[C@H]1C[C@H](NC1=[NH+]C(C)(C)Cc2cc(Cl)ccc21)C(=O)[O-],0.02157355472445488,61,3.469446951953614e-18,0.5487945868587645,0.27732478454709053,0.6395797021687031,0.012169934732264664
BACE,CCCN(CCC)C(=O)c1cc(C)cc(C(=O)N[C@@H](Cc2cc(F)cc(F)c2)[C@H](O)[C@H]2CN(S(=O)(=O)c3ccccc3)CC[NH2+]2)c1,0.6946204900741577,89,0.0,0.4472700838074767,0.6535127945244312,0.14051097631454468,0.08530006110668183
BACE,CCCN(CCC)C(=O)c1cc(C)cc(C(=O)N[C@@H](Cc2cc(F)cc(F)c2)[C@H](O)[C@@H]2[NH2+]CN(Cc3ccccc3)C2=O)c1,0.797269344329834,85,1.1102230246251565e-16,0.477916627806521,0.47439298033714294,0.12491512298583984,0.07492045164108277
BACE,CCCN(CCC)C(=O)c1cc(C)cc(C(=O)N[C@@H](Cc2cc(F)cc(F)c2)[C@H](O)[C@H]2C[C@@H](OCc3ccccc3)C[NH2+]2)c1,0.6914867162704468,88,0.0,0.48264769832016385,0.6671051401644945,0.1101645827293396,0.1031328096985817
BACE,CCCN(CCC)C(=O)c1cc(C)cc(C(=O)N[C@@H](Cc2cc(F)cc(F)c2)[C@H](O)[C@@H]2[NH2+]CCN(Cc3ccccc3)C2=O)c1,0.8571305274963379,88,1.1102230246251565e-16,0.4216333570199034,0.35627979040145874,0.10539752244949341,0.04609421193599701
BACE,CCCN(CCC)C(=O)c1cc(C)cc(C(=O)N[C@@H](Cc2cc(F)cc(F)c2)[C@H](O)[C@H]2C[C@@H](Oc3ccccc3)C[NH2+]2)c1,0.8652405738830566,85,1.1102230246251565e-16,0.46035932125346063,0.3403007984161377,0.4941665828227997,0.07281473577022553
BACE,CC(C)c1cccc(C[NH2+]C[C@@H](O)[C@H](Cc2ccccc2)NC(=O)[C@@H]2CCC[C@H](C(C)(C)N3CCCCC3=O)C2)c1,0.01960708387196064,93,0.0,0.46682447572405417,0.019581725893658586,0.6287931632250547,0.03846609907632228
BACE,CCc1ccc2c(c1)[C@@H]([NH2+]C[C@@H](O)[C@@H]1Cc3cccc(c3)CCCCn3cc(ccc3=O)C(=O)N1)CC1(CCC1)O2,0.8400764465332031,83,1.1102230246251565e-16,0.5459574923790558,0.7322473451495171,0.7645264938473701,0.0779579073190689
BACE,CC#Cc1cncc(-c2cccc([C@@]3(c4cc(C)c(=O)n(CC)c4)[NH+]=C(N)c4c(F)cccc43)c2)c1,0.9137841463088989,62,1.1102230246251565e-16,0.6112715448470715,0.1561967134475708,0.17697405815124512,0.00963393747806549
BACE,CCCCCS(=O)(=O)C[C@@H](NC(=O)c1cccnc1)C(=O)N[C@@H](Cc1cc(F)cc(F)c1)[C@H](O)C[NH2+]Cc1cccc(CC)c1,0.40468767285346985,88,0.0,0.48174185620030857,0.39998062513768673,0.144478440284729,0.1522829007357359
BACE,Cc1ccccc1-c1ccc2nc(N)c(C[C@@H](C)C(=O)N[C@@H]3CCOC(C)(C)C3)cc2c1,0.6568177342414856,65,1.1102230246251565e-16,0.4870193912210751,0.6319438964128494,0.08224356174468994,0.14173763580620288
druglikeRandom,CN1C(C(=O)NC2=CC=CC=N2)=C(O)C2=C(C=C(Cl)S2)S1(=O)=O,0.3163420855998993,33,0.0,0.640930898100575,0.30303887464106083,0.6836579144001007,0.3218110649380833
druglikeRandom,[H][C@@]1(CC[C@@]2([H])[C@]3([H])CC=C4C[C@@H](O)CC[C@]4(C)[C@@]3([H])CC[C@]12C)[C@H](C)CCCC(C)C,0.9996154308319092,74,1.1102230246251565e-16,0.19254242117620923,0.6445676684379578,0.014083623886108398,0.001271340250968933
druglikeRandom,CCCCCCCCCCCCCCCCCC[N+](C)(C)CCCCCCCCCCCCCCCCCC,1.0,119,0.0,,0.0,0.0,0.0
druglikeRandom,NC1=C2N=CN([C@H]3C[C@H](O)[C@@H](CO)O3)C2=NC(Cl)=N1,1.0,31,0.0,,2.384185791015625e-07,0.0,0.00030991435050964355
druglikeRandom,C[C@@H](NCCCC1=CC(=CC=C1)C(F)(F)F)C1=CC=CC2=CC=CC=C12,0.08553476631641388,48,5.551115123125783e-17,0.6773874502929154,0.07321591675281525,0.9103616923093796,0.15924501877743752
druglikeRandom,O=C(COc1ccccc1/C=C1\N=C2CCCCCN2C1=O)N1CCCC1,0.00042772700544446707,52,1.6263032587282567e-19,0.31598324915712167,0.0069192472146824,0.015020552673377097,0.0002907630318077281
druglikeRandom,CN(C)c1ccc(C[N@H+]2CC[C@@]3(CC2)CN(c2ccccc2)C3=O)cc1,0.0007949876016937196,54,3.469446951953614e-18,0.17156533736981205,0.938386995869223,0.010359192790929228,0.00013432812702376395
druglikeRandom,COC(=O)c1cc(OC)c2ccccc2c1OC,0.9073057770729065,32,0.0,0.816704551182508,0.8899062406271696,0.8899062406271696,0.38200652971863747
druglikeRandom,CCCCc1ccc(NC(=S)N2CCN(c3ccc(OC)cc3)CC2)cc1,0.003180213738232851,56,1.3877787807814457e-17,0.2411139249181899,0.15367264254018664,0.000789338257163763,0.0004841397749260068
druglikeRandom,[H][C@]12SCC(C=CC)=C(N1C(=O)[C@@]2([H])NC(=O)[C@H](N)C1=CC=C(O)C=C1)C(O)=O,0.9999608993530273,46,0.0,0.4571583455835299,0.9982309160986915,0.9968966899905354,0.04511917009949684
druglikeRandom,CC(C)Cc1ccc([C@H](C)NC(=O)CSc2nnc(N3CCCC3)s2)cc1,0.0006443368038162589,55,5.421010862427522e-19,0.365381407844442,0.0003641018411144614,0.0027848008321598172,0.00029513329500332477
druglikeRandom,Cc1cccc(C)c1NS(=O)(=O)c1cc(F)ccc1CN1C(=O)c2cccnc2C1=O,0.10296570509672165,49,0.0,0.5471376505065726,0.5099050477147102,0.8930758312344551,0.18278143282514064
druglikeRandom,CCC1=C(NC2CCOCC2)N=C(NC2=CC=C(N3CCC(CC3)N3CCN(C)CC3)C(OC)=C2)C(=N1)C(N)=O,0.9896063208580017,84,0.0,0.3024945375465408,0.025757789611816406,0.009602189064025879,0.003661316633224487
druglikeRandom,FCC(F)(F)F,0.9986280202865601,8,0.0,0.6015100547717895,0.09954279661178589,0.011485934257507324,0.05299655199050903
druglikeRandom,CCN(CC)CCOCCOC(=O)C(CC)(CC)C1=CC=CC=C1,0.9991863369941711,57,1.1102230246251565e-16,0.5400490648463774,0.08988851308822632,0.07478475570678711,0.003218337893486023
druglikeRandom,CCOC1=CC=CC=C1OCC1CNCCO1,0.8140460848808289,36,0.0,0.736336870328182,0.809081225655973,0.809081225655973,0.26238729394972327
druglikeRandom,[H]C(CCN(C)C)=C1C2=CC=CC=C2COC2=CC=CC=C12,0.9999866485595703,42,1.1102230246251565e-16,0.2911480781742163,0.44190382957458496,0.6578647196292877,0.00026955008506774903
druglikeRandom,CN1C2=C(C=C(Cl)C=C2)C(=NCC1=O)C1=CC=CC=C1,0.9993135929107666,33,0.0,0.6535427182761724,0.9855056824162602,0.9751807730644941,0.3011025503277779
druglikeRandom,CCOC(=O)c1ccc(N2C(=O)C(O)=C(C(=O)c3ccc(OC)cc3)[C@H]2c2ccccc2F)cc1,0.004920782055705786,57,3.469446951953614e-18,0.17202346190356735,0.0019593967590481043,0.4752018437720835,0.003926738543668762
druglikeRandom,O=C(Nc1cccc(C(=O)Nc2ccc(F)c(F)c2)c1)c1ccccc1,0.004560878034681082,40,0.0,0.6470538764408035,0.6541137197054923,0.0018340139649808407,0.007351059652864933
druglikeRandom,NC1=CC(=CNC1=O)C1=CC=NC=C1,0.1475406140089035,23,1.3877787807814457e-17,0.8557349458254344,0.002781614661216736,0.6582372337579727,0.08907671310007573
druglikeRandom,Cc1cccc(NC(=O)[C@H]2Cc3ccccc3C(=O)O2)c1,0.024162067100405693,36,6.938893903907228e-18,0.6529154366865869,0.10907374508678913,0.8957399595528841,0.05304395505227148
druglikeRandom,CC(C)Sc1ccc(CC(=O)NC[C@H](O)c2ccsc2)cc1,0.003837837604805827,43,1.3877787807814457e-17,0.6961591145706402,0.008694341639056802,0.7070406537968665,0.034963791444897654
druglikeRandom,COc1cccc(CN(C(=O)c2oc3cc(C)c(Cl)cc3c2C)[C@@H]2CCS(=O)(=O)C2)c1,0.001605513272807002,55,0.0,0.3713673763624455,0.0024247283581644297,0.06770622474141419,0.0004308808041969314
druglikeRandom,Cc1cccc(NC(=O)[C@@H]2CC=CC[C@@H]2C(=O)N2CCCCC2)c1,0.0013720394345000386,50,4.336808689942018e-19,0.34887521180383657,0.0001698711421340704,0.005448374315164983,0.0009163319249637425
druglikeRandom,CC[C@]1(O)CC[C@@H](COC)C1,0.3239113986492157,29,0.0,0.8036338957846939,0.2962255571037531,0.29033489525318146,0.137509648129344
druglikeRandom,Cc1cccc(NC(=S)NNC(=O)[C@H](C)Oc2cccc(C#N)c2)c1C,0.006613321602344513,46,6.938893903907228e-18,0.5586088959982133,0.15206830948591232,0.7378844544291496,0.011720074515324086
druglikeRandom,[H][C@](NC(=O)[C@H](CC1=CC=C(OS(O)(=O)=O)C=C1)NC(=O)[C@H](CC(O)=O)NC(=O)[C@H](CCC(N)=O)NC(=O)[C@@H]1CCC(=O)N1)([C@@H](C)O)C(=O)NCC(=O)N[C@@H](CC1=CNC2=CC=CC=C12)C(=O)N[C@@H](CCSC)C(=O)N[C@@H](CC(O)=O)C(=O)N[C@@H](CC1=CC=CC=C1)C(N)=O,1.0,167,3.469446951953614e-18,0.2034847142377239,2.384185791015625e-07,2.0265579223632812e-06,5.960464477539063e-09
druglikeRandom,CC[N+](C)(CC)CCOC(=O)C1C2=CC=CC=C2OC2=CC=CC=C12,0.9997263550758362,51,2.220446049250313e-16,0.40031022917206227,0.02261185646057129,0.0015654563903808594,0.0003168165683746338
druglikeRandom,CCCOC1=C(C=C(C=C1)S(=O)(=O)NCCC1CCCN1C)C1=NC(=O)C2=C(N1)C(CCC)=NN2C,0.9917792677879333,72,0.0,0.4808193529227588,0.8642247915267944,0.8642247915267944,0.011971673369407654
druglikeRandom,[H][C@@]1(C[C@@](C)(OC)[C@@H](O)[C@H](C)O1)O[C@H]1[C@H](C)[C@@H](O[C@]2([H])O[C@H](C)C[C@@H]([C@H]2O)N(C)C)[C@@](C)(C[C@@H](C)C(=O)[C@H](C)[C@@H](O)[C@](C)(O)[C@@H](CC)OC(=O)[C@@H]1C)OC,1.0,121,0.0,,0.0,0.0,0.0
druglikeRandom,COCC(=O)NC1=C(I)C(C(=O)N(C)CC(O)CO)=C(I)C(C(=O)NCC(O)CO)=C1I,0.9999985694885254,56,0.0,0.5339643671973622,0.008404076099395752,0.01212388277053833,0.00029289722442626953
druglikeRandom,O=C(c1c[nH]c2ccccc12)N1CC(C(=O)N2CCN(C3CCCCC3)CC2)C1,0.0008202345343306661,59,6.505213034913027e-19,0.21749838583738065,0.003871094319038093,0.006129349931143224,0.00020186753827147185
druglikeRandom,COCCNc1nc(N[C@@H]2CCNC2=O)c2c([nH+]1)CCNCC2,0.025022054091095924,48,1.3877787807814457e-17,0.6183532004029643,0.9477491732686758,0.96825454197824,0.07903405507386196
druglikeRandom,CC(=O)Nc1c(-c2ccccc2)c(C)nn1-c1ccc(C(=O)NCc2ccc3c(c2)OCO3)cc1,0.0005460833199322224,59,0.0,0.5184140046667639,3.333372296765447e-05,0.9305774117819965,0.04318650644563604
druglikeRandom,CSc1cccc(NC(=O)Nc2cccn3c(C)nnc23)c1,0.0011731900740414858,37,2.168404344971009e-18,0.4112468371965699,0.8776871643494815,0.8776871643494815,0.0004032486875075847
druglikeRandom,O=[N+]([O-])c1cc(Cl)cc(/C=N/[C@@H]2CCN(CC(F)(F)F)C2)c1O,0.040972378104925156,36,4.163336342344337e-17,0.6249174574596478,0.9341600872576237,0.9590270258486271,0.08829880570992828
druglikeRandom,[H][C@@]12CN(C[C@]1([H])[C@H]2N)C1=NC2=C(C=C1F)C(=O)C(=CN2C1=C(F)C=C(F)C=C1)C(O)=O,0.9591735601425171,45,1.1102230246251565e-16,0.6145402108792906,0.9502851162105799,0.9502851162105799,0.03746521174907684
druglikeRandom,Cc1ccccc1NC(=O)[C@@H](C)n1nc(Cc2ccccc2)c2ccccc2c1=O,0.13587573170661926,53,0.0,0.6626826679586356,0.13345398963429034,0.6748981773853302,0.1805965517181903
druglikeRandom,CCN(CC)C1=CC=C(C=C1)C(C1=CC=CC=C1)=C1C=CC(C=C1)=[N+](CC)CC,0.9860175251960754,62,1.1102230246251565e-16,0.26511831093774,0.963896781206131,0.008517682552337646,0.04988349266350269
druglikeRandom,C[N@H+]1CCC[C@@H]1CCN1CCc2onc(-c3cccc4ccccc34)c2C1,0.07070969045162201,55,5.551115123125783e-17,0.622016631422614,0.7982888370752335,0.9292264133691788,0.35975625236460473
druglikeRandom,O=C(c1ccccc1[N+](=O)[O-])N1CCN(c2[nH+]ccn2-c2ccccc2F)CC1,0.002841355511918664,48,3.469446951953614e-18,0.46437194715749164,0.0012475668918341398,0.021261678775772452,0.0006672706978861243
druglikeRandom,COC1=CC(O)=C(C=C1)C(=O)C1=CC=CC=C1,0.9943401217460632,29,0.0,0.70005206097226,0.9467278234660625,0.9695949554443359,0.04238451421260834
druglikeRandom,NCC(CC(O)=O)C1=CC=C(Cl)C=C1,0.9999831914901733,26,0.0,0.39109589812808254,0.5306406021118164,0.2797281742095947,0.02622285485267639
druglikeRandom,O=C(NC1CCCCC1)c1c[nH]c2ccc(S(=O)(=O)Nc3cccc(C(F)(F)F)c3)cc2c1=O,0.3296365439891815,56,0.0,0.6595322640349719,0.3217686861753464,0.6702610552310944,0.33134883642196655
druglikeRandom,Cc1c(NC(=O)COc2ccc(Br)cc2)cccc1-c1nc2ncccc2o1,0.0018512628739699721,44,1.3010426069826053e-18,0.4976026747826201,0.23472559230867773,0.0014782656216993928,0.00047917562769725917
druglikeRandom,CN(C)C1=NC(=NC(=N1)N(C)C)N(C)C,0.7895967364311218,33,1.1102230246251565e-16,0.6739230550295898,0.44851866364479065,0.2044416069984436,0.08715724349021911
druglikeRandom,CC(CNC1CCCCC1)OC(=O)C1=CC=CC=C1,0.9729915857315063,42,0.0,0.46671211870451396,0.961154667660594,0.9647790463641286,0.09960942808538675
druglikeRandom,O=C(Nc1ccc(OC(F)F)cc1)[C@H]1CCCN1C(=O)C12C[C@H]3C[C@@H](C1)C[C@@H](C2)C3,0.04836983606219292,58,1.3877787807814457e-17,0.47823448938614577,0.030662422999739647,0.6905214674770832,0.047063026891555636
druglikeRandom,CCCNS(=O)(=O)NC1=C(C(OCCOC2=NC=C(Br)C=N2)=NC=N1)C1=CC=C(Br)C=C1,0.002311103045940399,52,0.0,0.5122475350822181,0.02146867848932743,0.8715388849377632,0.017251044849399478
druglikeRandom,[H][C@@]12CCCC[C@@]11CCN(CC=C)[C@@H]2CC2=C1C=C(O)C=C2,0.999594509601593,46,2.220446049250313e-16,0.37687936074309447,0.9867543010041118,0.9558912739157677,0.024541035294532776
druglikeRandom,CSc1ccc(N2C[C@@H](C(=O)NCCCOC3CCCCC3)CC2=O)cc1,0.0007012218120507896,57,8.673617379884035e-19,0.2812017155413994,0.001003639365080744,0.7754986554500647,0.00022664408752461895
druglikeRandom,OC1=CC=C2C(OC3=CC(O)=CC=C3C22OC(=O)C3=C2C=CC=C3)=C1,0.9973811507225037,37,0.0,0.37294837839793177,0.9812013637274504,0.687672883272171,0.0674274280667305
druglikeRandom,CCOP(=O)(OCC)SCC[N+](C)(C)C,1.0,38,0.0,0.3580052097011992,0.0027205348014831543,0.0002192854881286621,0.00016351640224456787
druglikeRandom,CC[C@H](C)Oc1ccc(NC(=O)[C@H](NC(N)=O)[C@H](C)CC)cc1,0.27766653895378113,50,0.0,0.6136074476519405,0.7140924632549286,0.7216288149356842,0.23941830275580286
druglikeRandom,[H][C@@]12CSSC[C@H](NC(=O)CNC(=O)[C@@]([H])(NC(=O)[C@]([H])(CSSC[C@H](NC(=O)[C@H](CCC(O)=O)NC(=O)[C@H](CC(O)=O)NC(=O)[C@@H](N)CC(N)=O)C(=O)N[C@@H](CCC(O)=O)C(=O)N[C@@H](CC(C)C)C(=O)N1)NC(=O)[C@H](C)NC(=O)[C@@H](NC(=O)[C@H](CC(N)=O)NC(=O)[C@@H](NC2=O)C(C)C)C(C)C)[C@@H](C)O)C(=O)N[C@@H](CC(C)C)C(O)=O,1.0,217,5.421010862427522e-20,,0.0,0.0,0.0
druglikeRandom,COc1ccc(C2(CNC(=O)c3ccc(Br)cc3)CCCC2)cc1,0.004473064094781876,46,0.0,0.48018653866356187,0.053144849836826324,0.024195315316319466,0.000593618571292609
druglikeRandom,OC1=CC=C(C=C1)C1(OC(=O)C2=CC=CC=C12)C1=CC=C(O)C=C1,0.9984118938446045,38,0.0,0.2903702500538474,0.9882742399349809,0.9940097643993795,0.0013505935668945313
druglikeRandom,CC(C)Cn1c([C@@H](C)NC(=S)Nc2ccccc2F)nc2cc(C(=O)O)ccc21,0.0025119376368820667,52,1.734723475976807e-18,0.5158238175081289,0.9398699807934463,0.4702018606476486,0.000635772617533803
druglikeRandom,COC(=O)[C@H](CC(C)C)NC(=O)CCCCCCCCC=C,0.09102935343980789,55,2.7755575615628914e-17,0.41860307312887757,0.09202558547258377,0.8957236334681511,0.07113784719258547
druglikeRandom,OC(=O)COC(=O)CC1=CC=CC=C1NC1=C(Cl)C=CC=C1Cl,0.9964240193367004,36,1.1102230246251565e-16,0.5099265965448793,0.07160389423370361,0.6918236017227173,0.027644473314285278
druglikeRandom,CCCCCCCCCCCCCC(=O)OCC(COP([O-])(=O)OCC[N+](C)(C)C)OC(=O)CCCCCCCCCCCCC,1.0,118,1.1102230246251565e-16,,0.0,0.0,0.0
druglikeRandom,COC1=CC2=C(SC3=C(C=CC=C3)N2C[C@H](C)CN(C)C)C=C1,1.0,47,1.1102230246251565e-16,0.34929790916261216,0.9510242454707623,0.19471454620361328,1.609325408935547e-07
druglikeRandom,Cc1occc1C(=O)NNC(=S)N[C@@H]1CCCC[C@@H]1C,0.006497072987258434,41,0.0,0.3696089604506744,0.02058997843414545,0.7733250977471471,0.03627550299279392
druglikeRandom,N#Cc1ccc(OCC(=O)Nc2ccc(N3CCCC3)cc2)cc1,0.017156701534986496,43,0.0,0.5681396123408876,0.9453045316040516,0.7305862493813038,0.021185026853345335
druglikeRandom,O=C(O)[C@H]1CC=CC[C@@H]1C(=O)Nc1nc2c(s1)CCCC2,0.058426935225725174,39,6.938893903907228e-18,0.7447128383541705,0.03628506138920784,0.9043992571532726,0.02517796610482037
druglikeRandom,O[C@@H](CNCCCCC1=CC=C(O)C=C1)C1=CC(O)=C(O)C=C1,0.999427318572998,46,0.0,0.5580532788866618,0.9900677455589175,0.9694736804813147,0.020741063356399535
druglikeRandom,CC(C)COCCC(=O)OCc1coc(-c2ccccc2)n1,0.007783584762364626,43,8.673617379884035e-19,0.5886321755037793,0.0024917125701904297,0.0006429394707083702,0.000990488869138062
druglikeRandom,NC1=CC=NC=C1,0.9999654293060303,13,0.0,0.9401956242309176,0.6594425439834595,0.6098628640174866,0.31506446599960325
druglikeRandom,C[C@H](CS)C(=O)N1CCC[C@H]1C(O)=O,0.8996361494064331,29,1.1102230246251565e-16,0.7590680777402703,0.7652175724506378,0.00823301076889038,0.23956339210271835
druglikeRandom,CN1CCC(CC1)C(=O)C1=CC=CC(NC(=O)C2=C(F)C=C(F)C=C2F)=N1,0.42929720878601074,45,5.551115123125783e-17,0.5878056299275053,0.41769879683852196,0.5520109534263611,0.3122792895883322
druglikeRandom,[H][C@@]12CC[C@@](O)(C#C)[C@@]1(CC)CC[C@]1([H])[C@@]3([H])CCC(=O)C=C3CC[C@@]21[H],0.9998682737350464,51,1.1102230246251565e-16,0.5273096100845873,0.15607959032058716,0.9163901135325432,0.003737333416938782
druglikeRandom,Nc1nc(N2CCC[C@](CO)(CCc3ccccc3)C2)c2cn[nH]c2n1,0.09801822155714035,50,1.3877787807814457e-17,0.601321587628201,0.09247686108574271,0.08231891132891178,0.04929744976107031
druglikeRandom,COC1=C(C=C(C=C1C1=CC2=CC=C(NS(C)(=O)=O)C=C2C=C1)N1C=CC(=O)NC1=O)C(C)(C)C,0.999971866607666,62,1.1102230246251565e-16,0.3204868013161437,0.010934412479400635,0.03084510564804077,0.000304606556892395
druglikeRandom,Cn1cc(C[C@H]2[C@H](N(C)C)CCN2Cc2cccc(F)c2)cn1,0.22962689399719238,48,0.0,0.5554496638154351,0.10666535049676895,0.6854507327079773,0.1769565446767956
druglikeRandom,CCn1nc(C)c(CN/C(=N\C(=O)c2ccc(C)c(F)c2)Nc2cccc(C)c2)c1C,0.6598523855209351,59,0.0,0.5638269382844031,0.6595273908751551,0.6596044926845934,0.16898259595036508
druglikeRandom,C[C@@H]1C[C@@H](C)CN(C[C@@H](C)NC(=O)NCc2ccnc(-n3cccn3)c2)C1,0.008038444444537163,57,2.42861286636753e-17,0.22467786970503492,0.9900257755070925,0.9782011676579714,0.011665293818805367
druglikeRandom,CCN1C=CC(NS(=O)(=O)C2=CC=C(N)C=C2)=NC1=O,0.9994832277297974,34,1.1102230246251565e-16,0.6827015372012873,0.9883771194145083,0.9883771194145083,0.10808953046798705
druglikeRandom,COC1=C(C=C2C(OC3=CC=C(NC(=O)NC4CC4)C(Cl)=C3)=CC=NC2=C1)C(N)=O,0.9747127294540405,49,2.220446049250313e-16,0.5481636936894659,0.9444642830640078,0.9444642830640078,0.056933453679084776
druglikeRandom,Cc1cc([C@H](C)N[C@H](C)c2ccc(-n3cncn3)cc2)c(C)o1,0.0011296990560367703,45,8.673617379884035e-19,0.5182698027880542,0.06758087396156043,0.009466224233619869,0.00042673859861679374
druglikeRandom,O=C(NC[C@@H](c1cccnc1)N1CCOCC1)[C@H]1C=C(C2CC2)N=N1,0.002710681641474366,48,0.0,0.2629371129265105,0.1314197217579931,0.00063501694239676,0.0004929593938868493
druglikeRandom,CCC(=O)NCC[C@@H]1CCC2=C1C1=C(OCC1)C=C2,0.01972750946879387,40,0.0,0.4861466624023393,0.0035579781979322433,0.9483376331627369,0.05605637868866324
druglikeRandom,CC(=O)CC(C1=CC=CC=C1)C1=C(O)C2=C(OC1=O)C=CC=C2,0.8990840315818787,39,0.0,0.6545263856269746,0.8868911853060126,0.8868911853060126,0.16899813059717417
druglikeRandom,CCCC[C@H](CC)CNC(=O)Nc1ccc(NC(=O)[C@@H]2CCCO2)cc1,0.002368601504713297,57,8.673617379884035e-19,0.42342224377432425,0.0035284822806715965,0.931581465061754,0.0008436903706751763
druglikeRandom,N1C2=CC=CC=C2N=C1C1=CSC=N1,0.16508248448371887,21,2.0816681711721685e-17,0.7757250229912438,0.7922217547893524,0.7603332102298737,0.13019979000091553
druglikeRandom,C[C@H]1NN(C)c2[nH+]cc(NC(=O)CCC3=c4ccccc4=NC3)cc21,0.0038303632754832506,47,2.7755575615628914e-17,0.47138655021407516,0.00335178361274302,0.30589203047566116,0.09737222851836122
druglikeRandom,COC(=O)C1=C(C)NC2=C(C(=O)c3ccccc32)[C@@H]1c1ccccc1Br,0.0027148134540766478,42,6.938893903907228e-18,0.49088916186804055,0.004401943879202008,0.9925112121272832,0.009062139882007613
druglikeRandom,CCC1(C)OC(=O)N(C)C1=O,0.3352087140083313,22,2.7755575615628914e-17,0.5721196275045174,0.13677939772605896,0.5442577600479126,0.14603694304823875
druglikeRandom,O=C1C[C@H](C(=O)N2CCCc3cccc(OC(F)F)c32)CN1Cc1ccco1,0.001998036867007613,48,0.0,0.3824235830253203,0.014779279241338372,0.011523600900545716,0.0009881334030069412
druglikeRandom,Cc1cn2nc(NCCS(=O)(=O)N3CCSCC3)sc2n1,0.001626348472200334,38,4.336808689942018e-19,0.33719648081222003,0.0027421783888712525,0.010913334437645972,0.002892423505545594
druglikeRandom,CCOCCP(CCOCC)CCP(CCOCC)CCOCC,0.9999715089797974,64,0.0,-0.36929957026173277,1.9669532775878906e-05,2.0742416381835938e-05,3.7491321563720702e-06
druglikeRandom,[H][C@]12C[C@@H](OC(=O)C3=CC(OC)=C(OC)C(OC)=C3)[C@H](OC)[C@@H](C(=O)OC)[C@@]1([H])C[C@@]1([H])N(CCC3=C1NC1=CC=CC=C31)C2,0.9617650508880615,80,0.0,0.40333886862932483,0.881338082253933,0.881338082253933,0.016340014338493348
druglikeRandom,C[C@H]1OC(C)(C)N(C(=O)OC(C)(C)C)[C@H]1C(=O)NCc1ccc[nH+]c1N1CCCCC1,0.931814432144165,68,0.0,0.5788430223668384,0.9314328053442296,0.9314328053442296,0.09846007274463772
druglikeRandom,CC1(C)O[C@@H]2C[C@H]3[C@@H]4C[C@H](F)C5=CC(=O)CC[C@]5(C)[C@H]4[C@@H](O)C[C@]3(C)[C@@]2(O1)C(=O)CO,0.9999996423721313,64,0.0,0.4374441835766228,0.12806230783462524,0.005534112453460693,0.00021887123584747316
druglikeRandom,CCOC(N)=O,0.9999982118606567,13,0.0,0.4651828631984759,0.5426634550094604,0.0014307498931884766,0.000700831413269043
druglikeRandom,CC(C)(OC1=CC=C(C=C1)C(=O)C1=CC=C(Cl)C=C1)C(O)=O,0.9945344924926758,37,0.0,0.6353639638200195,0.9768738877028227,0.5662469267845154,0.0034666478633880613
druglikeRandom,Cc1cccc(NC(=O)[C@@H](C)Sc2nc(C3CC3)n(-c3ccccc3)n2)c1,0.0013782561291009188,49,1.734723475976807e-18,0.4635547895033496,0.0018425988964736462,0.1522375016938895,0.00027805969002656636
druglikeRandom,CC1=NOC(NS(=O)(=O)C2=C(SC=C2)C(=O)CC2=CC3=C(OCO3)C=C2C)=C1Cl,0.9693911671638489,44,0.0,0.5348914694743931,0.9651074851863086,0.967222232138738,0.10767935533076525
druglikeRandom,CCCNC(C)C(=O)NC1=CC=CC=C1C,0.1733061671257019,36,0.0,0.43954390997290677,0.15259714052081108,0.034340277314186096,0.07705093459226191
druglikeRandom,CC(C)CCNC(=O)COC(=O)c1ccc2ncsc2c1,0.019790180027484894,39,1.3877787807814457e-17,0.5103944584766319,0.9205773994326591,0.9773719236254692,0.07632720856927336
druglikeRandom,NCC(O)=O,1.0,10,0.0,-0.008649988268461367,0.00037789344787597656,0.0429004430770874,0.002504187822341919
druglikeRandom,O=C1COc2ccc(OC(F)(F)F)cc21,0.9505141973495483,20,1.1102230246251565e-16,0.7965269415805731,0.8934049904346466,0.8934049904346466,0.17195859029889107
druglikeRandom,CS(=O)(=O)c1ccc(N2CCN([C@@H]3CC(=O)N(c4ccc5c(c4)OCO5)C3=O)CC2)cc1,0.013700040057301521,55,0.0,0.6101758736262732,0.14544385485351086,0.29430156759917736,0.007938329118769617
druglikeRandom,Fc1ccc(F)c(CN[C@H]2CCCOc3ccc(F)cc32)c1,0.0023871762678027153,38,5.204170427930421e-18,0.425159370994894,0.0010436107404530048,0.14968146849423647,0.0008113440417218953
druglikeRandom,COc1ccc(OC)c(/C=C/[C@@]23NC(=O)CCN2c2ccccc2C3(C)C)c1,0.01931997574865818,54,0.0,0.5791744724080986,0.0077954987064003944,0.952344274148345,0.06480638723005541
druglikeRandom,C#CCN1CCC(C(=O)NCC2(c3ccc4c(c3)OCO4)CCCCC2)CC1,0.8706023693084717,58,1.1102230246251565e-16,0.6259569970036334,0.8621970973908901,0.8621970973908901,0.24522481532767415
druglikeRandom,COC(=O)CCC(=O)CN,0.9379571080207825,21,0.0,0.6776711402344558,0.6860243082046509,0.6024746298789978,0.12417403012514114
druglikeRandom,COc1ccc(CC(=O)Nc2cc(-c3cn4nc(OC)ccc4n3)ccc2Cl)cc1,0.0038409014232456684,49,6.938893903907228e-18,0.5066743290963126,0.0009407608304172754,0.9942999104969203,0.004853158764308319
druglikeRandom,CCOC1=C(OCC)C=C(\C=C2/NCCC3=CC(OCC)=C(OCC)C=C23)C=C1,0.012846231460571289,60,0.0,0.524012125152647,0.010672583477571607,0.9847217202186584,0.004464386031031609
druglikeRandom,CC1=CC(OCCCC(C)(C)C(O)=O)=C(C)C=C1,0.7210996150970459,40,0.0,0.5352647327192905,0.7109973523765802,0.7109973523765802,0.24853465836495162
druglikeRandom,CN1C(C(=O)NC2=CC=CC=N2)=C(O)C2=C(C=CS2)S1(=O)=O,0.07597684115171432,33,1.3877787807814457e-17,0.667636352188099,0.06766383815556765,0.9240225628018379,0.09144504456780851
druglikeRandom,CCN(CC)CCCC(C)NC1=C2C=CC(Cl)=CC2=NC=C1,0.9709241390228271,48,1.1102230246251565e-16,0.6352951764242504,0.9279798567295074,0.9461675975471735,0.3193083954975009
druglikeRandom,CCc1cnn2c(=O)cc(-c3ccccc3OC)[nH]c12,0.012630870565772057,35,0.0,0.5662684840549975,0.005021822638809681,0.15956873632967472,0.006547298340592533
druglikeRandom,CC(O)=NC1=C(I)C(C(O)=NCCO)=C(I)C(C(O)=O)=C1I,1.0,33,1.1102230246251565e-16,,0.004934966564178467,0.0,0.0
druglikeRandom,CC(C)C1=CC=CC(C(C)C)=C1OCOP(O)(O)=O,0.9947060942649841,40,0.0,0.21788945358250622,0.009865760803222656,0.0052762627601623535,0.0012776881456375122
druglikeRandom,CN(C)CCN1C2=CC=CC=C2N(C)C2=CC=CC=C2C1=O,0.9992141723632812,43,0.0,0.3288007519878784,0.9826272092759609,0.9826272092759609,0.0027838706970214843
druglikeRandom,Cc1ccc(Cl)cc1NC(=O)c1cnc2c(-c3ccc(F)cc3)c(C)nn2c1C,0.0011221686145290732,47,2.6020852139652106e-18,0.2631956873669246,4.570581950247288e-05,0.8370513400295749,0.030131592584075405
druglikeRandom,FC(F)(F)COCCC[N@H+]1CCCSCC1,0.008858325891196728,35,8.673617379884035e-18,0.47087960329728684,0.1317445607855916,0.9812641711905599,0.03889386396622285
druglikeRandom,O=C(Cc1ccccc1F)N1CCN(C(=O)NC2CCCC2)CC1,0.0020237872377038,48,0.0,0.10152216302678926,0.0065475208684802055,0.08029580023139715,0.00070799455861561
druglikeRandom,COC1=CC(O)=C(C=C1)C(=O)C1=CC=CC=C1O,0.9980906844139099,30,1.1102230246251565e-16,0.6957286787966097,0.9484889283776283,0.9544871337711811,0.0892473015934229
druglikeRandom,CC(C)NC1=C(N=CC=C1)N1CCN(CC1)C(=O)C1=CC2=C(N1)C=CC(NS(C)(=O)=O)=C2,0.003184821456670761,60,1.0408340855860843e-17,0.6035586627687126,0.8885902501642704,0.7054123617708683,0.0034414421214023607
druglikeRandom,CC(C)COC[C@H](O)CNCc1cnn(-c2ccccc2)c1,0.013570143841207027,47,6.938893903907228e-18,0.5265756449565729,0.006810945458710194,0.33095888886600733,0.06270397242624312
druglikeRandom,CCc1n[nH]c(S[C@@H](C)C(=O)NCc2ccccc2F)n1,0.0027297516353428364,38,4.336808689942018e-19,0.20494931247869932,0.000994884641841054,0.007464419584721327,0.0008121733204461634
druglikeRandom,CSC[C@@H](C)NC(=O)N[C@@H](C(N)=O)c1ccccc1,0.015786129981279373,38,0.0,0.48051039287112113,0.8690867237746716,0.9377140812575817,0.0033653233898803593
druglikeRandom,ClC1=CC=C2N=C3NC(=O)CN3CC2=C1Cl,0.9999778270721436,23,0.0,0.4324022855230049,0.806033656001091,0.8143613040447235,0.09576744548976421
druglikeRandom,Cc1cc(C)n(CCN2CCCN(S(=O)(=O)c3ccc4c(c3)CCCC4)CC2)n1,0.000557487306650728,61,8.673617379884035e-19,0.37716194546368936,0.0019357612472958863,0.06916550785535946,5.2254715410526845e-05
druglikeRandom,CC[C@H]1C[N@@H+](Cc2ccc(O[C@@H](C)C(=O)OC)cc2)C[C@H](C)O1,0.0010863934876397252,51,1.734723475976807e-18,0.016522226178082702,0.0035070603480562568,0.001550982822664082,0.0005107765406137333
druglikeRandom,[H]C1=NOC(=C1C(=O)C1=C(C([H])=C(C([H])=C1[H])C(F)(F)F)S(=O)(=O)C([H])([H])[H])C1([H])C([H])([H])C1([H])[H],0.6125867962837219,36,0.0,0.7501749866356481,0.5756362304091454,0.5986609039828181,0.20453392881900073
druglikeRandom,CCCc1c[nH+]c(C)nc1NCC(=O)NC(C)(C)C,0.0038888445124030113,44,0.0,0.4791391554253167,0.008926643058657646,0.008444746024906635,0.0029913052101619543
druglikeRandom,N[C@@H](CS)C(O)=O,1.0,14,2.220446049250313e-16,,0.0,0.0,1.1980533599853516e-06
druglikeRandom,Cn1cc(NC(=O)/C=C/c2ccc(-c3cccc(Br)c3)s2)cn1,0.0031296471133828163,37,4.336808689942018e-19,0.4930152886495915,0.008606953546404839,0.005621463060379028,0.001086380606284365
druglikeRandom,CC(=O)c1nn(-c2cccc(Cl)c2)cc1C(=O)c1cccs1,0.0529848113656044,33,1.3877787807814457e-17,0.7806861994937537,0.8606922253966331,0.9394930228590965,0.11551984078250825
druglikeRandom,CCC1=CC(=CC=C1CN1CC(C1)C(O)=O)C(\C)=N\OCC1=CC=C(C2CCCCC2)C(=C1)C(F)(F)F,0.44136664271354675,72,5.551115123125783e-17,0.5241382512243237,0.11969271302223206,0.4246094524860382,0.2108414651826024
druglikeRandom,NC1=CC=C(C=C1)S(=O)(=O)NC1=CC=NN1C1=CC=CC=C1,0.98401939868927,36,0.0,0.765518399362794,0.9765862463973463,0.9796552560292184,0.2242934826761484
druglikeRandom,C[C@H]1CC[N@H+](CCCNC(=O)CCNS(=O)(=O)c2cccs2)CC1,0.00039427331648766994,52,0.0,0.46510776624908035,3.926872159354389e-05,0.7402141804341227,0.0002182637239457108
druglikeRandom,CCN(CC)CC(=O)NC1=C(C)C=CC=C1C,0.0342535600066185,39,0.0,0.7175774674617309,0.004189744591712952,0.11155567318201065,0.010428777802735567
druglikeRandom,C[C@@H]1O[C@@H]1P(O)(O)=O,1.0,15,0.0,0.34426518632954817,0.007844984531402588,7.62939453125e-05,4.83095645904541e-05
druglikeRandom,CN(C)CCOC(C)(C1=CC=CC=C1)C1=CC=CC=N1,1.0,42,1.1102230246251565e-16,0.426867057574393,0.045947909355163574,0.020965218544006348,0.0005142778158187866
druglikeRandom,CCN(CCO)C(=O)c1ccc(F)cc1Cl,0.058056846261024475,29,2.0816681711721685e-17,0.7178109816952453,0.03491053730249405,0.9354488700628281,0.13639871971681714
druglikeRandom,COc1cc(Nc2ncc3c(n2)CCN(Cc2cccc(Br)c2)C3)cc(OC)c1,0.017809903249144554,52,3.469446951953614e-18,0.5503690076570451,0.061099546030163765,0.8860045317560434,0.049845691997325046
druglikeRandom,NC1=NC(=O)C2=C(N1)N(COCCO)C=N2,1.0,27,0.0,0.7972060112752475,0.9170190989971161,0.33794498443603516,0.10756394863128663
druglikeRandom,CCCCC1=NC(Cl)=C(CO)N1CC1=CC=C(C=C1)C1=CC=CC=C1C1=NNN=N1,0.8978744745254517,53,1.1102230246251565e-16,0.6430868426381613,0.896298497216776,0.896298497216776,0.18730024611577392
druglikeRandom,Cc1cc(Br)cc(C)c1NC(=O)c1cccs1,0.01751604676246643,29,3.469446951953614e-18,0.6857448570328567,0.008710598573088646,0.017541956156492233,0.007408281369134784
druglikeRandom,COc1ccc(OC)c([C@@H](C)NC(=O)C[N@H+]2CCC[C@@H]2c2ccc3c(c2)OCCO3)c1,0.00046451386879198253,62,2.6020852139652106e-18,0.31983046007889426,0.8969957679801155,0.0893603712611366,0.00026417374465381727
druglikeRandom,COC(=O)[C@@H]1C[C@H](O)C[N@@H+]1CCn1cccn1,0.0047811949625611305,35,0.0,0.38431270725536776,0.03572659846395254,0.8026228463277221,0.07002939272206277
druglikeRandom,[H]\C(=C(\[H])C1=CC(OC)=C(O)C=C1)C(=O)OCC,0.9345700144767761,30,1.1102230246251565e-16,0.7082452684800794,0.9215094679966569,0.9215094679966569,0.2910730016417801
druglikeRandom,O=C(Nc1ccc([N+](=O)[O-])cn1)C(Cl)(Cl)Cl,0.5844860672950745,20,5.551115123125783e-17,0.7728341223012308,0.3935387134552002,0.3927221894264221,0.32991546019911766
druglikeRandom,[H][C@]1(C)C[C@@]2([H])[C@]3([H])CCC4=CC(=O)C=C[C@]4(C)[C@@]3([H])C(=O)C[C@]2(C)[C@@]1(O)C(=O)CO,1.0,55,1.1102230246251565e-16,0.3080214572505878,4.3272972106933594e-05,6.878376007080078e-05,1.3384222984313966e-05
druglikeRandom,OCC1(CO)O[C@H](O)[C@@H](O)O1,1.0,21,1.1102230246251565e-16,,0.0,0.0,0.0
druglikeRandom,COc1cccc(CC(=O)OCC(=O)Nc2c(C)cccc2C)c1,0.010385687462985516,45,6.938893903907228e-18,0.6138893705248634,0.007125487085431814,0.3651936398819089,0.006725661433301866
druglikeRandom,CCOC(=O)C1(CCN(CCC2=CC=C(N)C=C2)CC1)C1=CC=CC=C1,0.9997748732566833,54,1.1102230246251565e-16,0.45618757693867806,0.8298516720533371,0.599000871181488,0.004587343335151673
druglikeRandom,CC1(C)OC[C@H](COC(=O)[C@@H]2CCC[N@H+]2Cc2ccccc2)O1,0.8897789120674133,49,2.220446049250313e-16,0.4311494762485023,0.8874759657774121,0.8875816788058728,0.11074766367673874
druglikeRandom,CCN(C(=O)C=CC)C1=CC=CC=C1C,0.025288140401244164,32,0.0,0.6379764679306903,0.012338554486632347,0.008255841210484505,0.014240670390427113
druglikeRandom,COc1ccccc1-n1c(SCC(=O)OC(C)(C)C)nc2ccccc2c1=O,0.005858646705746651,50,1.734723475976807e-18,0.5153958520023502,0.0004777703434228897,0.9772167336195707,0.006899363186676055
druglikeRandom,O=C(Cn1cnc2ccccc2c1=O)Nc1n[nH]c(-c2ccco2)n1,0.001766473171301186,37,0.0,0.6008502573722709,0.00018690235447138548,0.0016705639427527785,0.00031924914801493285
druglikeRandom,CC1=C(S(=O)(=O)Nc2ccc(F)c(F)c2)[C@H](C)N=N1,0.009523596614599228,30,9.540979117872439e-18,0.32112112639321255,0.0043479809537529945,0.0033782455138862133,0.002790245460346341
druglikeRandom,O=C1CC2(CCCC2)CC(=O)N1CCCCN1CCN(CC1)C1=NC=CC=N1,0.016350440680980682,59,0.0,0.37851409077774023,0.0031387116760015488,0.8872940614819527,0.022325137676671148
druglikeRandom,Cc1cc(-c2ccccc2)nc(SCC(=O)N[C@@H]2CCCC[C@@H]2C)n1,0.005669249687343836,50,0.0,0.1727190889261762,0.01637447765097022,0.003986144904047251,0.0024419646826572715
druglikeRandom,[H][C@@]12CCCC[C@@]11CCN(C)[C@@H]2CC2=C1C=C(O)C=C2,0.9995903372764587,42,0.0,0.04862922448530298,0.8066994249820709,0.1289452314376831,0.004495415091514588
druglikeRandom,Cc1cc(NC(=O)c2cccc(OCc3cccc(Cl)c3)c2)n([C@H]2CCS(=O)(=O)C2)n1,0.00037812243681401014,53,0.0,0.3874664542606828,0.0007711425423622131,0.9770292137982324,0.0002150001731934026
druglikeRandom,BrC1=C(NC2=NCCN2)C=CC2=NC=CN=C12,0.9278736710548401,27,0.0,0.5056441766642038,0.8482366055250168,0.813083752989769,0.2283566202968359
druglikeRandom,CC1(C)C[C@@H]1C(=O)N\C(=C/CCCCSC[C@H](N)C(O)=O)C(O)=O,0.9526718258857727,50,0.0,0.4730842680828829,0.01408839225769043,0.1537240743637085,0.04682002365589142
druglikeRandom,[H][C@@]12CC[C@](O)(C(=O)OCCl)[C@@]1(C)C[C@H](O)[C@@]1([H])[C@@]2([H])CCC2=CC(=O)C=C[C@]12C,1.0,54,0.0,0.5850808866394559,0.001321256160736084,0.05366528034210205,0.0001070559024810791
druglikeRandom,OC(C1CCCCN1)C1=CC(=NC2=C1C=CC=C2C(F)(F)F)C(F)(F)F,0.9999607801437378,42,0.0,0.5392414924518869,0.018246054649353027,0.14973467588424683,0.005675384402275085
druglikeRandom,O=C(Cc1ccc(-c2ccccc2)cc1)Nc1nc(-c2ccccc2)c(-c2ccccc2)o1,0.006218872964382172,55,0.0,0.4865730966652466,0.1819530799984932,0.9926119819283485,0.08393951687030494
druglikeRandom,O=C(c1ccccc1)N1CCN2C(=O)N(C3CCCCC3)C(=O)[C@@H]2C1,0.004123900085687637,48,0.0,0.23892500123447435,0.054572198539972305,0.5936983488500118,0.0018495525699108839
druglikeRandom,C[C@@H](OC[C@]1(CC[C@]2(CCC(=O)N2)CN1)C1=CC=CC=C1)C1=CC(=CC(=C1)C(F)(F)F)C(F)(F)F,0.602371871471405,61,1.1102230246251565e-16,0.6386442450788079,0.5972533118911088,0.5734104383736849,0.22719916589558126
druglikeRandom,CC(C)[C@@H]1CC[C@@H](C)C[C@H]1OC(=O)C1=CC=CC=C1O,0.9699772596359253,44,0.0,0.27688854080556846,0.9616601718589664,0.9559524031355977,0.05798168010078371
druglikeRandom,CC(C)[C@H](N1CCCNC1=O)C(=O)N[C@H](C[C@H](O)[C@H](CC1=CC=CC=C1)NC(=O)COC1=C(C)C=CC=C1C)CC1=CC=CC=C1,0.9676700830459595,94,0.0,0.4506414934003788,0.19392246007919312,0.004473984241485596,0.009945261478424072
druglikeRandom,O=C(O[C@H]1[C@H](OC(=O)C2=CC=CN=C2)[C@@H](OC(=O)C2=CC=CN=C2)[C@H](OC(=O)C2=CC=CN=C2)[C@H](OC(=O)C2=CC=CN=C2)[C@@H]1OC(=O)C1=CC=CN=C1)C1=CC=CN=C1,0.997006356716156,90,0.0,0.09098861609403909,0.004188120365142822,0.046945273876190186,0.003442949056625366
druglikeRandom,CN(CC(O)=O)C(N)=N,1.0,18,1.1102230246251565e-16,,0.0,0.0,0.0
druglikeRandom,C[C@@H](O)[C@@H]1NC(=O)[C@H](CC2=CC=CC=C2)NC(=O)[C@@H](NC(=O)[C@H](CCCCN)NC(=O)[C@H](CC2=CNC3=C2C=CC=C3)NC(=O)[C@H](CC2=CC=CC=C2)NC(=O)[C@H](CC2=CC=CC=C2)NC(=O)[C@H](CC(N)=O)NC(=O)[C@H](CCCCN)NC(=O)[C@H](CSSC[C@H](NC(=O)[C@H](CO)NC1=O)C(O)=O)NC(=O)CNC(=O)[C@H](C)N)[C@@H](C)O,1.0,219,0.0,,0.0,0.0,0.0
druglikeRandom,CNCCC=C1C2=CC=CC=C2CCC2=CC=CC=C12,1.0,41,1.1102230246251565e-16,0.11983335825140569,0.9743896815925837,0.9024035036563873,0.0004509657621383667
druglikeRandom,CCOC(=O)C(C)(C)OC1=CC=C(Cl)C=C1,0.1118902713060379,31,1.3877787807814457e-17,0.7394135923632414,0.08323999121785164,0.08357340097427368,0.11047447016462683
druglikeRandom,OC(=O)[C@@H]1CCC(=O)N1,0.9847961664199829,16,0.0,0.5443870637326881,0.35011547803878784,0.010455727577209473,0.08172631561756134
druglikeRandom,NC1=CC2=NC3=C(C=CC(N)=C3)C=C2C=C1,1.0,27,0.0,0.7105477104181589,0.9103343337774277,0.9103342741727829,0.009021684527397156
druglikeRandom,[H][C@@]12CC[C@](O)(C(=O)COC(C)=O)[C@@]1(C)CC(=O)[C@@]1([H])[C@@]2([H])CCC2=CC(=O)C=C[C@]12C,0.9999997615814209,57,2.220446049250313e-16,0.5487271986559246,0.001869499683380127,0.16947954893112183,3.115832805633545e-05
druglikeRandom,COc1ccc(Br)cc1/C=C/C(=O)c1cccs1,0.01344077568501234,29,3.469446951953614e-18,0.7377900012409668,0.006684889085590839,0.1293903859332204,0.01065523005090654
druglikeRandom,CCCSC1=CC2=C(C=C1)N=C(NC(=O)OC)N2,0.12348300963640213,33,1.3877787807814457e-17,0.5829308041913828,0.036897413432598114,0.7654857560992241,0.12625766545534134
druglikeRandom,CN1CCC(CC1)=C1C2=CC=CC=C2SC2=CC=CC=C12,1.0,40,1.1102230246251565e-16,0.355697457490501,0.011088252067565918,0.012580454349517822,0.0003785103559494019
druglikeRandom,CC(CN1CCCCC1)CC1=CC=C(C=C1)C(C)(C)C,0.9902426600456238,51,1.1102230246251565e-16,0.6398604341186206,0.534757137298584,0.9839351368136704,0.13901056051254274
druglikeRandom,NC1=CC=C(C=C1)C(=O)NCC(O)=O,0.9651694297790527,24,0.0,0.6042848378994731,0.8649970293045044,0.8657752200961113,0.2886685535311699
druglikeRandom,O=C1N[C@H](c2cccc(Br)c2)c2c1oc1ccc(Cl)cc1c2=O,0.06329425424337387,32,1.3877787807814457e-17,0.5642409398725103,0.5977542772889137,0.9007421508431435,0.040987356938421725
druglikeRandom,COc1ncc(NC(=O)CCc2ccccc2)c(OC)n1,0.016134975478053093,38,0.0,0.6452971652181065,0.008049780502915382,0.005395092070102692,0.002800406469032168
druglikeRandom,CSc1ccc(CNC(=O)c2ccc(NC(=O)N3C[C@H](C)Sc4ccccc43)cc2)cc1,0.0003744213317986578,57,0.0,0.48199623445766204,0.4728723616863135,0.1553486438060645,0.012574719940312206
druglikeRandom,Cc1nc2nc(S[C@H](C)C(=O)NC3(C#N)CCCCC3)nn2c(C)c1CCC(=O)O,0.018549442291259766,56,6.938893903907228e-18,0.488343923633138,0.009817440994083881,0.29448968172073364,0.013055785570759326
druglikeRandom,CCN(CC)c1ccc(/C=N/c2ccc(S(=O)(=O)NC(C)=O)cc2)c(O)c1,0.2837199568748474,50,0.0,0.5966440661452603,0.2816523970104754,0.7145761251449585,0.22416308829560877
druglikeRandom,CC(O)CC1(CC=C)C(=O)NC(=O)NC1=O,0.9769338965415955,30,0.0,0.7448982700809417,0.6045612394809723,0.676571786403656,0.10746168941259385
druglikeRandom,Brc1ccccc1-c1nc2c3ccccc3ncn2n1,0.01478046178817749,29,0.0,0.4495898664104273,0.005749029107391834,0.007733466103672981,0.003345015412196517
druglikeRandom,Cc1nc([C@@H]2CCCCN2C(=O)c2cccnc2N)nc2c1CCC(=O)N2CC1CC1,0.9221594929695129,59,0.0,0.4524507996203143,0.9216941408230923,0.9216941408230923,0.1654906593816122
druglikeRandom,[H][C@]1([C@@H](C)O)C(=O)N2C(C(O)=O)=C(S[C@@H]3CN[C@@H](C3)C(=O)N(C)C)[C@H](C)[C@]12[H],0.9941745400428772,51,1.1102230246251565e-16,0.6012793451554321,0.9791685696691275,0.8158425539731979,0.014494314789772034
druglikeRandom,COc1ccc(NC(=S)N2CCn3cccc3[C@@H]2c2ccc(OC)cc2)cc1,0.0016138724749907851,51,6.938893903907228e-18,0.26419509531035196,0.00010097154881805182,0.0008926346199586987,0.0003621707408456132
druglikeRandom,CC(N)CC1=CC=C(O)C=C1,0.9951640367507935,24,1.1102230246251565e-16,0.620532505997005,0.8201558291912079,0.6225917041301727,0.04775147885084152
druglikeRandom,CN1N=NC(=N1)C1=NC=C(C=C1)C1=C(F)C=C(C=C1)N1C[C@H](CO)OC1=O,0.9939170479774475,42,1.1102230246251565e-16,0.25684830775441936,0.9132620394229889,0.9587554559111595,0.056064189225435254
druglikeRandom,CCCCN(CCOC)C(=O)Nc1ccc(C(=O)N(C)C)c(C)c1,0.009155410341918468,53,6.938893903907228e-18,0.5759399304630561,0.0019652447663247585,0.8176912488415837,0.01703525329940021
druglikeRandom,COc1ccc(-c2noc([C@@H]3CCCN3C(=O)Nc3cc(C)cc(C)c3)n2)cc1,0.0008566826581954956,53,1.734723475976807e-18,0.34553101376283585,0.00011209410149604082,0.42333684861660004,0.001192715557408519
druglikeRandom,CCCCOc1ccc(C(=O)Nc2c3c(nn2C(C)(C)C)CSC3)cc1,0.00270621245726943,53,3.469446951953614e-18,0.5492863651770707,3.1519681215286255e-05,0.8517252975143492,0.0018800873891450464
druglikeRandom,[H][C@@]12CC3=CNC4=CC=CC(=C34)C1=C[C@H](CN2C)C(=O)N[C@@H](C)CO,0.9999091625213623,47,0.0,0.5814864536014841,0.044836342334747314,0.18145602941513062,0.0027395784854888916
druglikeRandom,CCC(C1=CC=CC=C1)C1=C(O)C2=C(OC1=O)C=CC=C2,0.8764814734458923,37,0.0,0.6286608566919873,0.8631901675835252,0.8631901675835252,0.30198277896270154
druglikeRandom,OC1=NN=C(CC2=CC(C(=O)N3CCN(CC3)C(=O)C3CC3)=C(F)C=C2)C2=CC=CC=C12,0.0020697214640676975,55,0.0,0.49236657486450314,0.0013231480261310935,0.21138850366696715,0.0015361956902779639
druglikeRandom,CC(N)C(=O)NC1=C(C)C=CC=C1C,0.19871985912322998,30,5.551115123125783e-17,0.585385919399046,0.02304789423942566,0.13967689871788025,0.099411166831851
druglikeRandom,CN[C@@H]1[C@@H](O)[C@@H](O[C@H]2[C@@H](C[C@H](N)[C@@H](O[C@H]3OC(CNCCO)=CC[C@H]3N)[C@@H]2O)NC(=O)[C@@H](O)CCN)OC[C@]1(C)O,1.0,89,0.0,,0.0,0.0,0.0
druglikeRandom,[H][C@]12COC(=O)[C@]1([H])[C@H](C1=CC(OC)=C(O)C(OC)=C1)C1=CC3=C(OCO3)C=C1[C@H]2O[C@@H]1O[C@]2([H])CO[C@@H](C)O[C@@]2([H])[C@H](O)[C@H]1O,0.9999998807907104,74,1.1102230246251565e-16,0.2161328621747042,1.9073486328125e-06,2.086162567138672e-05,3.695487976074219e-07
druglikeRandom,CC1=C(CCN2CCC(CC2)C2=NOC3=C2C=CC(F)=C3)C(=O)N2CCCC(O)C2=N1,0.9761266708374023,58,0.0,0.6099871355968829,0.8962672203779221,0.9553560689091682,0.15356234908103944
druglikeRandom,CO\N=C1/CN(CC1CN)C1=NC2=C(C=C1F)C(=O)C(=CN2C1CC1)C(O)=O,0.9185470342636108,48,0.0,0.7066544835895854,0.9161303639411926,0.9134740610606968,0.17054524892009795
druglikeRandom,[O-][N+](=O)C1=CN2C[C@@H](COC2=N1)OCC1=CC=C(OC(F)(F)F)C=C1,0.9662789702415466,37,1.1102230246251565e-16,0.7070281265564691,0.9587558675557375,0.9593594674952328,0.25315316021442413
druglikeRandom,[H][C@@]1(CC[C@@]2([H])[C@]3([H])CC[C@@]4([H])NC(=O)C=C[C@]4(C)[C@@]3([H])CC[C@]12C)C(=O)NC1=CC(=CC=C1C(F)(F)F)C(F)(F)F,0.7991530299186707,67,1.1102230246251565e-16,0.5908470270760362,0.7857713783159852,0.7939217099919915,0.1481405220925808
druglikeRandom,[H][C@@]12C[C@H](O)C[C@]3(O)C[C@H](O)[C@@H](C(O)=O)[C@]([H])(C[C@@H](O[C@]4([H])O[C@H](C)[C@@H](O)[C@H](N)[C@@H]4O)\C=C\C=C\C=C\C=C\C[C@@H](C)OC(=O)\C=C\[C@@]1([H])O2)O3,1.0,94,3.3306690738754696e-16,,0.0,0.0,0.0
druglikeRandom,O=C1c2ccccc2-c2c[nH]c3ccc(N4CCOCC4)c1c23,0.9610083103179932,39,0.0,0.7657237090440934,0.9570079557597637,0.9557816535234451,0.3632921503158286
druglikeRandom,CN(C[C@@H]1CCCOC1)C(=O)Nc1ccncc1F,0.03326917439699173,37,1.3877787807814457e-17,0.7321377663554649,0.022100411355495453,0.09427841752767563,0.1485735979862511
druglikeRandom,Cc1cc(N2CCC(c3noc(C)n3)CC2)nc[nH+]1,0.0028569349087774754,37,0.0,0.5789238355110292,0.0011852164752781391,0.5579331866465509,0.0017033926211297511
druglikeRandom,[H][C@@]12C[C@@H]([C@H](OC(C)=O)[C@@]1(C)CC[C@@]1([H])[C@@]2([H])CC[C@@]2([H])C[C@H](OC(C)=O)[C@H](C[C@]12C)N1CCCCC1)[N+]1(C)CCCCC1,1.0,97,1.1102230246251565e-16,0.33153433331150783,2.384185791015625e-06,5.960464477539062e-07,0.0
druglikeRandom,CC[C@@H]1NC(=O)[C@H]([C@H](O)[C@H](C)C\C=C\C)N(C)C(=O)[C@H](C(C)C)N(C)C(=O)[C@H](CC(C)C)N(C)C(=O)[C@H](CC(C)C)N(C)C(=O)[C@@H](C)NC(=O)[C@H](C)NC(=O)[C@H](CC(C)C)N(C)C(=O)[C@@H](NC(=O)[C@H](CC(C)C)N(C)C(=O)CN(C)C1=O)C(C)C,0.999997615814209,196,0.0,0.1934130391797988,1.3113021850585938e-06,0.00019806623458862305,2.8908252716064453e-06
druglikeRandom,COc1cn(-c2ccccc2)nc1C(=O)N(C)Cc1nc2ccccc2s1,0.0037055395077914,45,3.469446951953614e-18,0.6356893385903453,0.0021244275849312544,0.0021244275849312544,0.0013209141790866852
druglikeRandom,Cc1ccc(-c2cc3c(c(OC[C@H]4CCC[N@@H+](C)C4)c2)OCCN(C(=O)Cc2ccc(F)cc2)C3)s1,0.0003617372422013432,70,0.0,0.3631513941286848,0.37924445010139607,0.9288935694785323,9.440924477530644e-05
druglikeRandom,NC(=N)NC(=O)CC1=C(Cl)C=CC=C1Cl,0.973282516002655,24,0.0,0.6220430461734334,0.46563154458999634,0.4417439103126526,0.06908361762762069
druglikeRandom,CC(C)(C)c1nc(CNCc2ccc(N3CCOCC3)c(F)c2)cs1,0.002326409565284848,51,3.469446951953614e-18,0.23847125862108667,0.005151322344318032,0.08253766293637455,0.007721361983567476
druglikeRandom,O=C1C[C@@H](c2noc(-c3ccncc3)n2)CN1c1cccc(F)c1,0.0034375302493572235,37,4.336808689942018e-19,0.6719475213268626,0.0016448009992018342,0.0008897744119167328,0.0008397994213737547
druglikeRandom,CC(=O)N1CCC[C@@H](COc2ccc(F)cc2)C1,0.004292668774724007,36,3.469446951953614e-18,0.3310863759093236,0.0033297277987003326,0.03644155152142048,0.002394408662803471
druglikeRandom,Cc1ccsc1-c1nnco1,0.2468881607055664,17,3.469446951953614e-18,0.5463649802440381,0.015562862157821655,0.0072425901889801025,0.020484182238578796
druglikeRandom,NCCCC[C@H](N[C@@H](CCC1=CC=CC=C1)C(O)=O)C(=O)N1CCC[C@H]1C(O)=O,0.9943469166755676,60,1.1102230246251565e-16,0.40915504036100186,0.03850710391998291,0.0458371639251709,0.0021793603897094726
druglikeRandom,COc1ccc(F)c(NC(=O)[C@H](C)SCc2ccccc2)c1,0.009812258183956146,40,6.938893903907228e-18,0.31263286322704753,0.00015160813927650452,0.07557680457830429,0.010946110566146671
druglikeRandom,[H][C@]12CC[C@]([H])(C[C@@]([H])(C1)OC(=O)C1=CNC3=CC=CC=C13)N2C,0.9578867554664612,41,1.1102230246251565e-16,0.7197076007939343,0.864667609333992,0.9246826581656933,0.17108989097177982
druglikeRandom,N#Cc1ccnc(S(=O)(=O)N2CCC[C@H](N)C2)c1,0.23456734418869019,32,0.0,0.7694899844711826,0.0975644439458847,0.7621890306472778,0.22551596332341434
druglikeRandom,C[C@H](O)C[C@H](C)CNC(=O)NCCCSc1ccc(F)cc1,0.0028355587273836136,47,1.3877787807814457e-17,0.6248351021157188,0.8669054638594389,0.9929797779768705,0.002508533129002899
druglikeRandom,CCCC(C)C1(CC=C)C(=O)NC(=S)NC1=O,0.46698468923568726,35,0.0,0.770166759829534,0.35162001103162766,0.3859050050377846,0.12285819724202156
druglikeRandom,CCNC(=O)c1ccc(CNC(=O)CNc2ccc(C#N)cc2)cc1,0.0034375826362520456,45,6.938893903907228e-18,0.6579439434565303,0.0027994660194963217,0.8471155127044767,0.0031347545445896685
druglikeRandom,Cc1cc(Nc2ncnc(NC3CCCCCC3)c2N)no1,0.016595853492617607,44,4.163336342344337e-17,0.6376129932696373,0.013832492288202047,0.9813095200806856,0.009995330218225717
druglikeRandom,[H][C@@]1(CC[C@@]2([H])\C(CCC[C@]12C)=C\C=C1\C[C@@H](O)C[C@H](O)C1=C)[C@H](C)\C=C\[C@H](C)C(C)C,0.9999997615814209,74,1.1102230246251565e-16,0.30520572138839813,7.033348083496094e-06,0.00010085105895996094,1.5497207641601563e-07
druglikeRandom,COc1ccc(/N=C/C2C(=O)CCCC2=O)cc1,0.008993273600935936,33,0.0,0.573462024976139,0.0014071203768253326,0.014870373532176018,0.002624066732823849
druglikeRandom,CCCCCn1c(CCCCCNC(=O)CCC)nc2ccccc21,0.002699368167668581,58,0.0,0.43905368445772325,0.0010477204341441393,0.13170889718458056,0.0008166041283402592
druglikeRandom,CO[C@@H]([C@@H]1CC2=CC3=CC(O[C@H]4C[C@@H](O[C@H]5C[C@@H](O)[C@H](O)[C@@H](C)O5)[C@H](O)[C@@H](C)O4)=C(C)C(O)=C3C(O)=C2C(=O)[C@H]1O[C@H]1C[C@@H](O[C@H]2C[C@@H](O[C@H]3C[C@](C)(O)[C@H](O)[C@@H](C)O3)[C@@H](O)[C@@H](C)O2)[C@H](O)[C@@H](C)O1)C(=O)[C@@H](O)[C@@H](C)O,1.0,152,1.3877787807814457e-17,,0.0,0.0,0.0
druglikeRandom,C[C@@H]1CCC[C@@](C#N)(NC(=O)Cc2cccc(OCC#N)c2)C1,0.00653106952086091,44,3.469446951953614e-18,0.3870877104330516,0.03280719881877303,0.038481426890939474,0.0026225136360153558
druglikeRandom,CC(C)CCSCC(=O)N1CCOC[C@@H]1C1CC1,0.12263716757297516,43,2.7755575615628914e-17,0.7210242164221332,0.10802142135798931,0.8691098541021347,0.13067719126120209
druglikeRandom,CCCCOCC1=CC(OC)=C(O)C=C1,0.9318060278892517,33,2.220446049250313e-16,0.7274681406832483,0.9200965072959661,0.9200965072959661,0.23735919781029224
druglikeRandom,CCC1(C(=O)NC(=O)N(C)C1=O)C1=CC=CC=C1,0.9600929021835327,32,1.1102230246251565e-16,0.715409320876152,0.794876903295517,0.7724932879209518,0.12123637944459915
druglikeRandom,OC(CCN1CCCCC1)(C1CCCC1)C1=CC=CC=C1,0.9967809915542603,50,1.1102230246251565e-16,0.692972045345601,0.9885448040440679,0.9885448077693582,0.09486091360449792
druglikeRandom,O=C(O)[C@H]1[C@H]2CC[C@H](C2)[C@@H]1C(=O)Nc1nc2ccccc2s1,0.04131334647536278,38,6.938893903907228e-18,0.691349421234907,0.0020599104464054108,0.16572443023324013,0.016386824287474157
druglikeRandom,Cc1ccc(-c2nc3ccc(/N=C/c4cc(Br)ccc4O)cc3o2)cc1,0.004201746545732021,41,0.0,0.608603800404318,0.00114871421828866,0.05282100383192301,0.001647623663302511
druglikeRandom,CS(=O)(=O)C1=CC(C[C@H](NC(=O)C2=C(Cl)C3=C(CN(CC3)C(=O)C3=CC=C4C=COC4=C3)C=C2Cl)C(O)=O)=CC=C1,0.8264409899711609,65,0.0,0.604389591660931,0.8253059493144974,0.8254408719949424,0.030095726251602173
druglikeRandom,CC1CCN(CC2=NC(=O)[C@@H]3SC=CC3=N2)CC1,0.10428100824356079,35,0.0,0.20417927111463854,0.00559031218290329,0.8720406293869019,0.054452133970335125
druglikeRandom,C=C1N=C2C[C@H](C)[C@H](C(=O)OC)C(=O)C2[C@@H](c2ccccc2C)C1C(=O)OCCC,0.0006986736552789807,59,3.0357660829594124e-18,0.2125057303006968,0.1915245474083349,0.773290526936762,0.00010050450218841433
druglikeRandom,CCOc1cccc([C@H]2c3c(oc4ccc(Cl)cc4c3=O)C(=O)N2c2ccc(C)cc2)c1,0.0035576068330556154,52,0.0,0.5527804209239253,0.11514343391172588,0.8810308135580271,0.049370308505604046
druglikeRandom,NC1=CC=C(C=C1)C(O)=O,0.9999982118606567,17,0.0,0.6878227506298334,0.7439353466033936,0.7348198294639587,0.17419707030057907
druglikeRandom,Cc1ccc(CNC(=O)C(=O)N/N=C/c2ccccc2O)cc1,0.009174567647278309,40,1.734723475976807e-18,0.5804916557639394,0.0037444629706442356,0.0024975109845399857,0.0038367108441889285
druglikeRandom,NC1=NC(N2C=C(C(O)=O)C(=O)C3=CC(F)=C(N4CC(O)C4)C(Cl)=C23)=C(F)C=C1F,1.0,42,2.220446049250313e-16,0.640002750238242,0.0890318751335144,0.7554207295179367,0.0016063928604125976
druglikeRandom,CN1C(CCl)NC2=CC(Cl)=C(C=C2S1(=O)=O)S(N)(=O)=O,1.0,31,0.0,0.7847265459551699,0.9014565944671631,0.3952931761741638,0.040168938040733335
druglikeRandom,Cc1noc(/C=C\N(C)C)c1S(=O)(=O)N1CCC[C@@H](C(=O)NC2CCCC2)C1,0.0007988772704266012,58,4.336808689942018e-19,0.2936356419556275,0.00024990056408569217,0.01751496276119724,0.0003258219046983868
druglikeRandom,COCCCN(Cc1csc(COc2cc(C)cc(C)c2C)n1)C(=O)c1ccccc1F,0.0004423645732458681,61,2.168404344971009e-19,0.10156498401410205,7.761409506201744e-06,0.0009712123137433082,0.00010951447038678452
druglikeRandom,O=C(NCCCSc1nccs1)c1cnc([C@@H]2CCCO2)s1,0.002927690977230668,39,0.0,0.5446190771456553,0.001372860511764884,0.020862977718934417,0.0011049253400415183
druglikeRandom,CC(C)COC(=O)c1ccc(Nc2ncnc(NC(c3ccccc3)c3ccccc3)c2[N+](=O)[O-])cc1,0.7535654902458191,64,1.1102230246251565e-16,0.60034375294146,0.7529275922570378,0.749936591135338,0.16655686870217323
druglikeRandom,Cc1ccc(CNC(=O)[C@@H](C)OC(=O)[C@H]2CC(=O)N(c3ccc(C)cc3)C2)cc1,0.0011976560344919562,55,0.0,0.40152609146390833,0.092273915768601,0.09156710153911263,0.0004733555164420977
druglikeRandom,O=C1O[C@H](C(=O)N2CCc3[nH]c4ccccc4c3C2)Cc2ccccc21,0.013174943625926971,44,3.469446951953614e-18,0.4594602164827132,0.019724272191524506,0.8536964729428291,0.028929448639973997
druglikeRandom,[H][C@@]12CO[C@@]3(COS(N)(=O)=O)OC(C)(C)O[C@@]3([H])[C@]1([H])OC(C)(C)O2,1.0,43,0.0,,0.0,0.0,0.0
druglikeRandom,[H][C@]12SC(C)(C)[C@@H](N1C(=O)[C@H]2NC(=O)[C@H](N)C1=CC=CC=C1)C(=O)OC(C)OC(=O)OCC,0.9999998807907104,59,0.0,0.31005449897392234,0.922702245414257,0.014586985111236572,0.003170749545097351
druglikeRandom,NS(=O)(=O)C1=CC(=C(Cl)C(Cl)=C1)S(N)(=O)=O,1.0,22,0.0,0.3064567272254884,7.11679458618164e-05,0.005951404571533203,1.5795230865478516e-06
druglikeRandom,CC1(C)CCC(NC(=O)c2ccnc(F)c2)(C(N)=O)CC1,0.13952484726905823,41,0.0,0.6460886282455224,0.09329375252127647,0.4358043968677521,0.09054342936724424
druglikeRandom,c1ccc(-c2n[nH]c(SCc3cccc4ccccc34)n2)cc1,0.007923671044409275,38,3.469446951953614e-18,0.2727970577807411,0.002731011249125004,0.46835832949727774,0.005902390205301344
druglikeRandom,CO[C@@H]1C[C@@H](CC[C@H]1O)\C=C(/C)[C@H]1OC(=O)[C@@H]2CCCCN2C(=O)C(=O)[C@]2(O)O[C@@H]([C@H](C[C@H]2C)OC)[C@H](C[C@@H](C)C\C(C)=C\[C@@H](CC=C)C(=O)C[C@H](O)[C@H]1C)OC,1.0,126,0.0,0.07255051365377355,9.5367431640625e-07,0.00039654970169067383,6.556510925292969e-08
druglikeRandom,C=CCn1c(=O)[nH]c(O)c(C(=O)/C=C/c2ccc(OCC)cc2)c1=O,0.002583249704912305,43,3.469446951953614e-18,0.3907078026169737,0.0056270572822541,0.43667091499082744,0.0027613881800789388
druglikeRandom,C(N(CC1=CC=CC=C1)C1=CC=CC=C1)C1=NCCN1,0.8132870197296143,39,1.1102230246251565e-16,0.6165675361597053,0.8090925090946257,0.8073683301918209,0.40470003318041564
druglikeRandom,Cc1ccn2cc(C[N@@H+]3CC[C@@]4(CCCN(C(C)C)C4=O)C3)nc2c1,0.0012023367453366518,54,2.168404344971009e-19,0.527477345523033,0.0004044481320306659,0.0004044481320306659,0.0003990595752838999
druglikeRandom,CC(=O)C1=CC=C(C=C1)S(=O)(=O)NC(=O)NC1CCCCC1,0.9951868653297424,42,1.1102230246251565e-16,0.4895064026222844,0.9889304218813777,0.9789147861301899,0.33431782471016047
druglikeRandom,CN(C)CCOC(C1=CC=CC=C1)C1=CC=C(Br)C=C1,0.9434641599655151,40,1.1102230246251565e-16,0.6171183986240232,0.6243282556533813,0.8264770582318306,0.108204285800457
druglikeRandom,C[C@@H](c1nc(-c2cccnc2)no1)[N@H+]1CC[C@H](Cc2ccccc2)CC1,0.0014414979377761483,51,0.0,0.3229344207534346,0.8579059051116928,0.002814943785779178,0.0003601524455007166
druglikeRandom,COc1ccc([C@@H]2[C@H]3N=c4ccccc4=C3C[C@H]3C(=O)N(CCCN4CCOCC4)CC(=O)N32)cc1OC,0.00038696711999364197,72,6.938893903907228e-18,0.4464003451577144,0.0024781569081824273,0.25028009826201014,0.00018167033995268865
druglikeRandom,COC(=O)C1=C(C)NC(C)=C(C1C1=CC=CC2=NON=C12)C(=O)OC(C)C,0.7027285099029541,48,2.220446049250313e-16,0.7021412214069532,0.7016182091319934,0.7016182091319934,0.37566771792480724
druglikeRandom,Cc1cc([C@@](C)(O)CN[C@H]2CCC[C@@H]2C)c(C)o1,0.25777319073677063,43,0.0,0.6849894305068474,0.2544751821551472,0.24562793131917715,0.1743188434513286
druglikeRandom,CC(=O)N[C@H]1[C@H](O)O[C@H](CO)[C@@H](O)C1O[C@@H]1O[C@@H]([C@@H](O[C@@H]2O[C@H](CO)[C@@H](O)C(O[C@@H]3O[C@@H]([C@@H](O)[C@H](O)[C@H]3O)C(O)=O)[C@H]2NC(C)=O)[C@H](O)[C@H]1O)C(O)=O,1.0,97,0.0,,0.0,0.0,0.0
druglikeRandom,COc1ccc(NS(=O)(=O)c2cc(NC(=O)c3cccc4cccnc34)ccc2OC)cc1,0.004622278735041618,54,0.0,0.4755904865911993,0.08797984011471272,0.8827110547572374,0.047331108176149425
druglikeRandom,COc1ccc([C@H]2C/C(=C3/C(=O)N(C)C(=O)N=C3O)NN2C(C)=O)cc1,0.005615918431431055,44,0.0,0.669048658691681,0.7526483251713216,0.06978539517149329,0.0016641978872939944
druglikeRandom,[H][C@]12SC(C)(C)[C@@H](N1C(=O)[C@H]2NC(=O)CC1=CC=CC=C1)C(O)=O,1.0,41,1.1102230246251565e-16,0.3546362519055887,0.987156193703413,0.4008626937866211,0.0
druglikeRandom,COc1ccccc1N1CCN(S(=O)(=O)c2ccc(-c3onc(C)c3C)s2)CC1,0.0005513712530955672,52,3.469446951953614e-18,0.3559165682034745,0.0007844562642276287,0.043514700257219374,0.0029578285102616064
druglikeRandom,CC(C)N1CCC(NCc2ccc(OCc3cn4ccccc4[nH+]3)cc2)CC1,0.005586427170783281,59,6.938893903907228e-18,0.5192229926323599,0.1853056433610618,0.5415677013806999,0.07474247728823684
druglikeRandom,CCN(C(C)=O)C1=CC=CC(=C1)C1=CC=NC2=C(C=NN12)C#N,0.008349387906491756,38,1.734723475976807e-18,0.6644448200712882,0.0029553771018981934,0.001353636384010315,0.0027998508070595563
druglikeRandom,COc1ccc2c(c1)OC[C@@H](C(=O)[C@H](C#N)c1ccccn1)C2,0.008769690990447998,39,0.0,0.6421263992270364,0.0037224642001092434,3.666151314973831e-05,0.0045672855689190325
druglikeRandom,COC1=CC=CC=C1OCC(O)CN1CCN(CC(=O)NC2=C(C)C=CC=C2C)CC1,0.402403324842453,64,5.551115123125783e-17,0.49234271136459196,0.4003795012831688,0.3955616499297321,0.11123646413907409
druglikeRandom,CCc1[nH]c(C(=O)N2Cc3ccccc3C[C@@H]2C(N)=O)c(C)c1C(=O)OC,0.8921546339988708,50,2.220446049250313e-16,0.5827194060343648,0.8806485999375582,0.8832320412620902,0.19678326472640037
druglikeRandom,[H][C@@]12CCCN1C(=O)[C@]([H])([C@H](C)CC)N1C(=O)[C@](NC(=O)[C@H]3CN(C)[C@]4([H])CC5=CNC6=CC=CC(=C56)[C@@]4([H])C3)(O[C@@]21O)C(C)C,0.9998437166213989,85,0.0,0.21316237643915265,0.006993770599365234,0.0070018768310546875,0.0004696846008300781
druglikeRandom,COc1ccc2ccccc2c1-c1nc2ccccc2[nH]1,0.9531670808792114,35,0.0,0.731920512186198,0.9397382829338312,0.9431273462250829,0.05374734103679657
druglikeRandom,[H][C@@]12CC3=CN(C)C4=CC=CC(=C34)[C@@]1([H])C[C@@H](CNC(=O)OCC1=CC=CC=C1)CN2C,0.9592010974884033,59,2.220446049250313e-16,0.5752596281523439,0.9544473574496806,0.8657508194446564,0.18949525691568853
druglikeRandom,COc1ccc(C#CCNS(=O)(=O)c2cc(OC)ccc2OC)cc1,0.1777680516242981,44,5.551115123125783e-17,0.7006442728797831,0.8205890655517578,0.8203089833259583,0.23805826473981143
druglikeRandom,[H][C@@]12CCC(=O)[C@@]1(C)CC[C@]1([H])C3=C(CC[C@@]21[H])C=C(O)C=C3,0.9772316217422485,42,1.1102230246251565e-16,0.5278345317614886,0.9666747488081455,0.9666747488081455,0.0486436665058136
druglikeRandom,C[C@H](CCc1ccccc1)n1c(=O)c2sccc2n(CC(=O)O)c1=O,0.9787826538085938,43,0.0,0.6774140561101545,0.9733694116584957,0.9733694116584957,0.17402233742177486
druglikeRandom,C[C@@]12CC[C@@H](OC(=O)Nc3cccc(F)c3)[C@@](C)(CO)[C@@H]1CC[C@@H](O)[C@H]2CC(=O)N1CCC[C@H]1CO,0.9996575117111206,75,2.220446049250313e-16,0.3836849346363211,0.005425930023193359,0.012092411518096924,0.00017254948616027833
druglikeRandom,COC1=C(NC2=C3C=CC=CC3=NC3=CC=CC=C23)C=CC(NS(C)(=O)=O)=C1,0.94864821434021,47,0.0,0.6009322610738312,0.9457808702718467,0.9457808702718467,0.34515585454646497
druglikeRandom,Cc1cccc2[nH+]c(CN3CCC[C@H]3c3cccn3C)cc(=O)n12,0.0018266888801008463,47,4.336808689942018e-19,0.3893746632639061,0.0006243499228730798,0.00736810895614326,0.0012344596354523674
druglikeRandom,O=C(CSc1nc2ccccc2c(=O)n1-c1ccc(Br)cc1)N/N=C/c1cccc(F)c1,0.000889319519046694,48,1.0842021724855044e-19,0.47398284952671416,0.00014930561883375049,0.0040687573491595685,0.00023578101536259055
druglikeRandom,CCn1c(=O)n(CC)c2cc(S(=O)(=O)c3ccc(OC)cc3)c(NC(=O)c3ccccc3C)cc21,0.003516692901030183,62,2.0816681711721685e-17,0.40858467852640046,0.011728686979040504,0.9945912172552198,0.012458723277086392
druglikeRandom,[H][C@](N)(CCCCN)C(O)=N[C@@]([H])(CC(C)C)C(O)=N[C@@]([H])(CC(C)C)C(O)=N[C@@]([H])(CC(C)C)C(O)=N[C@@]([H])(CC(C)C)C(O)=N[C@@]([H])(CCCCN)C(O)=N[C@@]([H])(CC(C)C)C(O)=N[C@@]([H])(CC(C)C)C(O)=N[C@@]([H])(CC(C)C)C(O)=N[C@@]([H])(CC(C)C)C(O)=N[C@@]([H])(CCCCN)C(O)=N[C@@]([H])(CC(C)C)C(O)=N[C@@]([H])(CC(C)C)C(O)=N[C@@]([H])(CC(C)C)C(O)=N[C@@]([H])(CC(C)C)C(O)=N[C@@]([H])(CCCCN)C(O)=N[C@@]([H])(CC(C)C)C(O)=N[C@@]([H])(CC(C)C)C(O)=N[C@@]([H])(CC(C)C)C(O)=N[C@@]([H])(CC(C)C)C(O)=N[C@@]([H])(CCCCN)C(O)=O,1.0,412,0.0,,0.0,0.0,0.0
druglikeRandom,C[C@H](Oc1cccc(F)c1)C(=O)N1CCC([C@@H]2C[C@H](C(F)F)n3ncnc3N2)CC1,0.0007786281639710069,54,1.0408340855860843e-17,0.3719407031113524,0.0020128280157223344,0.9562519065802917,0.003698324908327777
druglikeRandom,CCN1C[C@H](C(=O)NCc2cccc(OC)c2)CC1=O,0.0045734974555671215,40,8.673617379884035e-19,0.23136558968149437,0.0009875046089291573,0.03314321907237172,0.0023695559124462307
druglikeRandom,CCOC(=O)C1=C(C)NC(C)=C(C1C1=CC(=CC=C1)[N+]([O-])=O)C(=O)OC,0.9911182522773743,46,0.0,0.616801773408074,0.9890806812327355,0.9890965933445841,0.35641141450032593
druglikeRandom,[H][C@@](CO)(C(C)C)N1C=C(C(O)=O)C(=O)C2=C1C=C(OC)C(CC1=C(F)C(Cl)=CC=C1)=C2,0.9999265670776367,54,0.0,0.4755612616411174,0.0002194046974182129,0.007980883121490479,0.00014713406562805176
druglikeRandom,CCOC(=O)CSc1nnc(N)n1[C@H](C)C(=O)Nc1nc2ccc(C(=O)OCC)cc2s1,0.0009917548159137368,54,0.0,0.3635563324460775,0.0001966410200111568,0.0070004494627937675,0.0002415013324934989
druglikeRandom,COc1ccc(N2CCN(C(=O)CCC(=O)c3ccc(C)cc3)CC2)cc1,0.003286100458353758,53,8.673617379884035e-19,0.1552075985789093,0.5346806873567402,0.8076765169389546,0.0006972825736738742
druglikeRandom,N#C/C(=C\c1ccc(-c2ccccc2)cc1)c1nc(-c2ccccc2)cs1,0.0047229439951479435,43,6.938893903907228e-18,0.34222601937257713,0.0013235206715762615,0.6961650340817869,0.008765225962270052
druglikeRandom,Cc1ccoc1C(=O)NC[C@@H]([C@H]1CCOC1)N1CCOCC1,0.01228658389300108,46,0.0,0.6263574697890827,0.008825916098430753,0.010311412392184138,0.0023372794967144728
druglikeRandom,CC(C)(C)OC(=O)NCCCc1c[nH]cc(C=O)c1=O,0.06441397964954376,40,6.938893903907228e-17,0.7236519170925897,0.06078790361061692,0.6679491847753525,0.29802565372083334
druglikeRandom,CCN(C(=O)CCN1C(=O)c2ccc(C)cc2C1=O)c1nc2ccccc2s1,0.0022940714843571186,47,1.3010426069826053e-18,0.43283248523033874,0.005641985218971968,0.010240769479423761,0.000785356987034902
druglikeRandom,CN[C@@H](C)CC1=CC=CC=C1,0.99418044090271,26,1.1102230246251565e-16,0.6641005316523054,0.894615575671196,0.27874457836151123,0.050275379419326784
druglikeRandom,CC(C)NS(=O)(=O)c1ccc(C(=O)N[C@H]2CCOc3ccccc32)cc1,0.001872711582109332,48,6.938893903907228e-18,0.45709296361235824,0.20567151089198887,0.7508059807587415,0.0004927134898025543
druglikeRandom,O[C@@H]1CO[C@@H](O[C@@H]2CO[C@@H](O)[C@H](OS(O)(=O)=O)[C@H]2OS(O)(=O)=O)[C@H](OS(O)(=O)=O)[C@H]1OS(O)(=O)=O,1.0,53,0.0,,0.0,0.0,0.0
druglikeRandom,CCN(CC)C(=O)N1CCN(C)CC1,0.15120138227939606,35,0.0,0.6887093268625248,0.050669439136981964,0.05066946893930435,0.13251399360597133
druglikeRandom,COc1ccc(CNC(=O)C2CCN(c3[nH+]cccc3-c3nc(-c4ccc(C)cc4)no3)CC2)cc1,0.0008055242360569537,66,1.734723475976807e-18,0.3536048265823611,9.987270459532738e-06,0.03353764762869105,0.0002409086824627593
druglikeRandom,C=CC[C@@H](CCC)C(=O)O,0.8435102105140686,24,0.0,0.46781008510162764,0.777448758482933,0.777448758482933,0.12642558366060258
druglikeRandom,CC(O)C(O)=O,1.0,12,0.0,,0.004353940486907959,0.0,0.02018042206764221
druglikeRandom,Cc1cc(F)c(C(=O)OCc2nccn2C)cc1F,0.01905842125415802,31,1.3877787807814457e-17,0.8007485277978584,0.013005539309233427,0.7258707135915756,0.0126000338466838
druglikeRandom,Cc1cccc(OC(F)F)c1NC(=O)N[C@@](C)(CO)C1CC1,0.12820574641227722,42,2.7755575615628914e-17,0.693505224212175,0.018664464354515076,0.8717921078205109,0.32835002965293825
druglikeRandom,CN(C)[C@H]1[C@@H](N)[C@@]2(C)CC[C@@H]1C2(C)C,0.9999656677246094,38,2.220446049250313e-16,0.35839908132884607,0.005218207836151123,0.001774609088897705,0.0010757029056549072
druglikeRandom,[H][C@@]12CC[C@H](O)[C@@]1(C)CC[C@]1([H])C3=C(CC[C@@]21[H])C=C(O)C=C3,0.999404788017273,44,0.0,0.41630549847062,0.9417968839406967,0.9417968839406967,0.007021865248680115
druglikeRandom,CC(=O)N(CC(O)CN(C(C)=O)C1=C(I)C(C(=O)NCC(O)CO)=C(I)C(C(=O)NCC(O)CO)=C1I)C1=C(I)C(C(=O)NCC(O)CO)=C(I)C(C(=O)NCC(O)CO)=C1I,1.0,106,1.1102230246251565e-16,,0.0,0.0,0.0
druglikeRandom,O=C(NCCN1C(=O)S/C(=C\c2ccc(F)cc2)C1=O)c1cccc(C(F)(F)F)c1,0.0017943752463907003,44,0.0,0.4359658162654563,0.9361178504768759,0.3361798154655844,0.0008865786250680685
druglikeRandom,O=C(OCc1ccc(Br)cc1)[C@@H]1CC(=O)N(c2ccccc2)C1,0.007502669468522072,39,8.673617379884035e-19,0.6470725116140298,0.005609460058622062,0.006260554306209087,0.002719189424533397
druglikeRandom,COc1ccc(CN(CC(=O)NC[C@H]2CCCO2)C(=O)CCC(=O)Nc2nccs2)cc1,0.000741084513720125,60,1.0842021724855044e-19,0.1740880616761465,0.0011077682138420641,0.0024943389580585063,0.00020920822280459105
druglikeRandom,O=C(NNC(=O)c1ccccc1O)c1ccc2c(c1)OCO2,0.24543580412864685,34,5.551115123125783e-17,0.7753735195844457,0.7369280159473419,0.7419745624065399,0.27159381832461804
druglikeRandom,CC(=O)C1=C(O)C(=O)N(CCCn2cc[nH+]c2)[C@@H]1c1ccc(Br)cc1,0.0006257223431020975,44,0.0,0.42656723421578496,0.0001440000778529793,0.0014965783338993788,0.00019471077539492398
druglikeRandom,CC(O)CCO,0.999998927116394,16,0.0,0.6177418434902652,0.5745328664779663,0.5745328664779663,0.009196007251739502
druglikeRandom,O=C(NN1C(=O)/C(=C2\C(=O)N(Cc3ccccc3)c3ccccc32)SC1=S)c1ccccc1Cl,0.07388793677091599,50,0.0,0.6715358812319479,0.0696175517514348,0.9260624721646309,0.16439765805844217
druglikeRandom,CN(C)c1ncc(-c2ccc(F)cc2)c([C@H]2CCCCN2C(=O)COc2ccccc2)n1,0.002834615297615528,59,6.938893903907228e-18,0.45980301324742523,0.12265113275498152,0.8743402985855937,0.005638571036979556
druglikeRandom,CCCOC(=O)CCc1cc2c(C)cc(=O)oc2c(C[N@@H+]2C[C@@H]3C[C@@H](Cn4c3cccc4=O)C2)c1O,0.00040735985385254025,69,1.734723475976807e-18,0.31830021005717124,0.18681583617581055,0.04121684719575569,0.000867198300693417
druglikeRandom,Cc1ccc([C@@H](CNC(=O)c2ccco2)N2CCOCC2)o1,0.0021467027254402637,42,0.0,0.6332256938782226,0.0012154429568909109,0.0007146203424781561,0.00030283519881777463
druglikeRandom,NC(=N)C1=CC=C(OCCCCCOC2=CC=C(C=C2)C(N)=N)C=C1,0.9994832277297974,49,2.220446049250313e-16,0.2852390554777118,0.00029736757278442383,0.01484912633895874,0.0003163933753967285
druglikeRandom,OC(=O)C1=CC=CC=C1O,0.9996938705444336,16,1.1102230246251565e-16,0.5843548478752394,0.6917450129985809,0.7189603447914124,0.13764093518257142
druglikeRandom,CN1C(=O)N[C@@H](c2ccccc2)C2=C1CN(c1ccc3ccccc3c1)C2=O,0.0020978935062885284,47,8.673617379884035e-19,0.3437736997177466,0.0007178273517638445,0.016658442094922066,0.0013614308903925122
druglikeRandom,CC(=O)OC1=C(C=CC(=C1)C(F)(F)F)C(O)=O,0.9517316222190857,24,2.220446049250313e-16,0.7659052848597335,0.7091758996248245,0.7718725502490997,0.12665756791830063
druglikeRandom,ClC1=C(NC2=NCCN2)C2=NSN=C2C=C1,1.0,24,0.0,0.30044520831842025,0.9161638021469116,0.8110265135765076,0.07812867611646652
druglikeRandom,CC(C)=CCC\C(C)=C\C=C\C(\C)=C\C=C\C(\C)=C\C=C\C=C(/C)\C=C\C=C(/C)\C=C\C=C(/C)CCC=C(C)C,1.0,96,0.0,,0.0,0.0,0.0
druglikeRandom,CN(C)Cc1ccc(C(N)=O)cc1NC(=O)c1c[nH]c2cccc(F)c12,0.12586857378482819,45,0.0,0.6273115302209932,0.051913753151893616,0.8609393090009689,0.12711968254297973
druglikeRandom,CN1C(C(=O)NC2=NC=CC=C2)=C(O)C2=C(C=CC=C2)S1(=O)=O,0.9557827711105347,36,0.0,0.733497051546034,0.9302259422838688,0.9456899985671043,0.30038726003840566
druglikeRandom,[H][C@]12CC[C@]([H])(O1)[C@]1(C)C(=O)OC(=O)[C@]21C,0.9935412406921387,26,0.0,0.8132109540433656,0.9127871543169022,0.9127871543169022,0.22096205614507197
druglikeRandom,CCCCOC1=CC=C(CC(=O)NO)C=C1,0.24429576098918915,33,2.7755575615628914e-17,0.6421726967413985,0.20583610981702805,0.20583610981702805,0.18865075074136256
druglikeRandom,ClC1=CC=CC(Cl)=C1NC1=NCCN1,0.9999233484268188,23,1.1102230246251565e-16,0.48025760428423087,0.9083748981356621,0.8828875422477722,0.2876340292394161
druglikeRandom,CCCCCCCCCCCCCCCC[N+](C)(C)C,0.9999983310699463,62,2.220446049250313e-16,0.3751648614858655,0.0010657906532287598,0.0002995729446411133,1.0627508163452149e-05
druglikeRandom,COC1=C(OC)C=C(CCN(C)CCCC(C#N)(C(C)C)C2=CC(OC)=C(OC)C=C2)C=C1,0.9999923706054688,71,1.1102230246251565e-16,0.44964028854303706,0.22571110725402832,0.19977188110351562,0.00190201997756958
druglikeRandom,NC1=C(Br)C=C(Br)C=C1CN[C@H]1CC[C@H](O)CC1,0.03335225582122803,36,2.7755575615628914e-17,0.6198646558995932,0.8570601940155029,0.8570601940155029,0.08574087396264077
druglikeRandom,Cc1ccccc1CN1C(=O)N[C@](C)(c2ccccc2)C1=O,0.008832222782075405,40,0.0,0.40814383504678653,0.03524827305227518,0.2238170439377427,0.0076137091498821976
druglikeRandom,[H][C@@]12C[C@@H](C)[C@](O)(C(=O)CCl)[C@@]1(C)C[C@H](O)[C@@]1(Cl)[C@@]2([H])CCC2=CC(=O)C=C[C@]12C,1.0,56,1.1102230246251565e-16,,3.0279159545898438e-05,0.0,0.0
druglikeRandom,Cc1cc(S(=O)(=O)NC[C@H](c2cccnc2)S(=O)(=O)c2ccccc2)c(C)cc1OC(C)C,0.010187298059463501,61,1.3877787807814457e-17,0.45168596190159493,0.6258980929851532,0.9870341718196869,0.049559590395074335
druglikeRandom,Cc1cc(C)n(CCC(=O)N2CCC[C@@H](Nc3ccc(C)c(C)c3)C2)n1,0.00020719485473819077,56,2.168404344971009e-19,0.2980382613274067,0.00029061207897029817,0.020838391239522025,4.7609395551262423e-05
druglikeRandom,[H][C@@]12CC[C@H](OC(=O)CC)[C@@]1(C)CC[C@@]1([H])[C@@]2([H])CCC2=CC(=O)CC[C@]12C,0.9953676462173462,57,1.1102230246251565e-16,0.37426558335802756,0.8732149228453636,0.270632803440094,0.041430848836898806
druglikeRandom,O=C(C1CCN([C@@H]2N=c3ccc(Cl)cc3=N2)CC1)N1CCN(Cc2ccccc2)CC1,0.0012989843962714076,59,0.0,0.2516828820386338,0.0008893485937733203,0.23539161134976894,0.0006939916347619146
druglikeRandom,Cc1cccc(C(=O)OCc2csc(Br)c2)n1,0.03714779019355774,27,0.0,0.7138920570882767,0.004483889788389206,0.04370082914829254,0.016186486510559917
druglikeRandom,O=C1CCN(CC(=O)Nc2ccc(CN3CCc4ccccc43)cc2)C(=O)N1,0.0016855314606800675,50,4.336808689942018e-19,0.3175150666566818,0.00037968100514262915,0.00043290480971336365,0.00041837397147901354
druglikeRandom,C[C@@H](O)[C@H](NC(=O)[C@@H](C)[C@H](O)[C@@H](C)NC(=O)[C@@H](NC(=O)C1=C(C)C(N)=NC(=N1)[C@H](CC(N)=O)NC[C@H](N)C(N)=O)[C@@H](OC1OC(CO)C(O)C(O)C1OC1OC(CO)C(O)C(OC(N)=O)C1O)C1=CN=CN1)C(=O)NCCC1=NC(=CS1)C1=NC(=CS1)C(=O)NCCC[S+](C)C,1.0,180,1.734723475976807e-18,,0.0,0.0,0.0
druglikeRandom,COc1ccc(NC(=O)CN2CSCC2=O)c2cccnc12,0.02715732343494892,37,3.469446951953614e-18,0.7314230811087257,0.020330252591520548,0.7528810929507017,0.05666977651417256
druglikeRandom,COc1ccc(CN(C)C(=O)COC(=O)c2ccc(Cl)c(Cl)c2)cc1,0.03293902799487114,42,0.0,0.4904207549201936,0.7269227989017963,0.9539008624851704,0.03315220586955547
druglikeRandom,Cc1cc(=O)oc2ccc(OC(=O)c3ccc(C(C)(C)C)cc3)cc12,0.007992160506546497,45,1.734723475976807e-17,0.5898958161953194,0.17569327633827925,0.21987211983650923,0.011744294338859618
druglikeRandom,FC(F)(F)CN1C2=C(C=C(Cl)C=C2)C(=NCC1=O)C1=CC=CC=C1,0.95974200963974,36,0.0,0.7398491239383714,0.955775604583323,0.955775604583323,0.14766144789755345
druglikeRandom,CNC(NCCSCC1=CSC(CN(C)C)=N1)=C[N+]([O-])=O,0.9859848022460938,42,0.0,0.6976953225531561,0.976478717289865,0.976478717289865,0.19362880080007017
druglikeRandom,O=C1C[C@@H]2CC[C@H](CN1)[N@H+]2Cc1ccc(OCC(=O)N2CCOCC2)cc1,0.0002667857042979449,55,1.734723475976807e-18,0.27728617402017114,0.11418165735085495,0.03785260490258224,0.000188811026600888
druglikeRandom,CC(C)(C)SCC(=O)Oc1ccccc1C(=O)NCc1ccccc1,0.0030109977815300226,48,1.734723475976807e-18,0.23358063228077688,0.0017817027401179075,0.054239598801359534,0.0008729539695195854
druglikeRandom,CN(C)c1ccc(CNCc2ccc(-n3cncn3)c(F)c2)cc1,0.004163273610174656,44,0.0,0.6323563138038528,0.0015437346883118153,0.40429075714200735,0.0035264444071799518
druglikeRandom,OCC(O)CO,1.0,14,0.0,,0.06956535577774048,0.0,0.00013900399208068847
druglikeRandom,C[N+]1(C)CCC(C1)OC(=O)C(O)(C1CCCC1)C1=CC=CC=C1,0.9997856020927429,51,1.1102230246251565e-16,0.1551239848431575,0.0036118030548095703,0.004812180995941162,0.00010474026203155518
druglikeRandom,C[C@@H](C(=O)O)n1nc(C(=O)N2CCCCCC2)ccc1=O,0.012246476486325264,40,6.938893903907228e-18,0.4228398253747386,0.9729853998869658,0.34578017704188824,0.011338026309385896
druglikeRandom,NCCNC1=CC=C(NCCN)C2=C1C(=O)C1=C(C=NC=C1)C2=O,0.8251030445098877,43,0.0,0.45235700632208253,0.7822981849312782,0.6604368984699249,0.26661268025636675
druglikeRandom,NCCNCCNCCN,0.9999998807907104,28,0.0,0.34953938517962774,0.09001165628433228,0.08494561910629272,0.002664431929588318
druglikeRandom,[H][C@@]12C[C@]3([H])C[C@@H](CC[C@@]3([H])[C@H](\C=C\C3=CC=C(C=N3)C3=CC(F)=CC=C3)[C@]1([H])[C@@H](C)OC2=O)NC(=O)OCC,0.48577436804771423,69,0.0,0.43457365841013185,0.43452009186148643,0.5141865313053131,0.21656275670975447
druglikeRandom,OC(=O)C1=C(I)C(NC(=O)CCCCC(=O)NC2=C(I)C=C(I)C(C(O)=O)=C2I)=C(I)C=C1I,0.9999997615814209,48,0.0,0.6472905759826952,0.9344279617071152,0.9236653223633766,0.019807836413383482
druglikeRandom,NCCC1=CNC=N1,0.9999942779541016,17,0.0,0.5623027408523272,0.8210185617208481,0.2364315390586853,0.12285604402422905
druglikeRandom,COC(=O)C1=CN=CC=C1,0.9684252738952637,17,0.0,0.5946483971028136,0.762902170419693,0.7619724273681641,0.20172367468476296
druglikeRandom,CC1(C)S[C@@H]2[C@H](NC(=O)[C@H](N)C3=CC=CC=C3)C(=O)N2[C@H]1C(=O)OCOC(=O)[C@@H]1N2[C@@H](CC2=O)S(=O)(=O)C1(C)C,1.0,70,1.1102230246251565e-16,0.47596658926036495,0.9998498881614069,0.17656153440475464,0.0008157223463058471
druglikeRandom,CC1=CN([C@@H]2C[C@@H](O)[C@H](CO)O2)C(=O)NC1=O,1.0,31,1.1102230246251565e-16,0.36873420275410007,0.15664935111999512,0.0298423171043396,0.0
druglikeRandom,Cc1cccc(C)c1NC(=O)c1ccc(S(=O)(=O)c2ccccc2)o1,0.0038805340882390738,42,4.336808689942018e-19,0.588257131070513,0.0010654095094650984,0.0010654095094650984,0.001309082144871354
druglikeRandom,Cn1nc(C(=O)N2CCSCC2)c2c1CC[C@H](NC1CCCCCC1)C2,0.8493687510490417,58,1.1102230246251565e-16,0.48601603498119095,0.5839118659496307,0.8486657206667587,0.18016018143389373
druglikeRandom,CC1(C)NC(=O)N(C1=O)C1=CC(=C(C=C1)[N+]([O-])=O)C(F)(F)F,0.7302690744400024,32,0.0,0.7849750994285821,0.7152929306030273,0.7017234023660421,0.38181803598999975
druglikeRandom,CCCC(=O)Nc1nc2cc3c(cc2s1)OCO3,0.024106735363602638,30,1.0408340855860843e-17,0.6945130841360196,0.013188706710934639,0.334982430562377,0.012702363915741444
druglikeRandom,[H][C@]12[C@H](OC(=O)C3=CC=CC=C3)[C@]3(O)C[C@H](OC(=O)[C@H](O)[C@@H](NC(=O)OC(C)(C)C)C4=CC=CC=C4)C(C)=C([C@@H](OC)C(=O)[C@]1(C)[C@H](C[C@H]1OC[C@@]21OC(C)=O)OC)C3(C)C,0.9999971389770508,117,2.220446049250313e-16,-0.0923290572411489,1.9073486328125e-06,0.00492018461227417,3.421306610107422e-05
druglikeRandom,CN(C(=O)C(Cl)Cl)C1=CC=C(OC(=O)C2=CC=CO2)C=C1,0.08671968430280685,32,0.0,0.583683712066962,0.021819449961185455,0.021819449961185455,0.025735967420041563
druglikeRandom,[H][C@]12CCCC3=C1C(=CC=C3)C(=O)N(C2)[C@@H]1CN2CCC1CC2,0.16834230720996857,46,8.326672684688674e-17,0.665372860971705,0.1462518349289894,0.8301693052053452,0.18854470347287133
druglikeRandom,CN(C)c1c[nH+]cc(C(F)(F)F)c1OC1CC1,0.02204510010778904,31,3.469446951953614e-18,0.7338560629333163,0.010922693647444248,0.8911696430295706,0.06221932964399457
druglikeRandom,C=CCNS(=O)(=O)c1ccc(NC(=O)c2csc(C)c2)cc1,0.0027006741147488356,38,3.469446951953614e-18,0.5081397404612106,0.0060991470236331224,0.03066543606109917,0.012364591134246438
druglikeRandom,[H][C@@]12CC[C@H](O)[C@@]1(C)CC[C@]1([H])C3=CC=C(O)C=C3C[C@@H](CCCCCCCCCS(=O)CCCC(F)(F)C(F)(F)F)[C@@]21[H],0.9999998807907104,88,0.0,0.3461585507386941,0.02373892068862915,0.02373892068862915,3.846883773803711e-05
druglikeRandom,COc1ccc(/C=C/C(=O)NCc2cc(C(=O)O)c(C)o2)cc1S(=O)(=O)N(C)C,0.0030041246209293604,51,5.204170427930421e-18,0.27944745813327987,0.005162074929103255,0.12250384106300771,0.0013757677748799323
druglikeRandom,CC(C)[C@@H](C)\C=C\[C@@H](C)[C@H]1CC[C@H]2C3=CC=C4C[C@@H](O)CC[C@]4(C)[C@H]3CC[C@]12C,0.9999809265136719,73,2.220446049250313e-16,0.449826691552608,0.009433567523956299,0.005326986312866211,2.5600194931030273e-05
druglikeRandom,CC(N)COC1=C(C)C=CC=C1C,0.6401087045669556,30,1.1102230246251565e-16,0.6318216501502695,0.20754677057266235,0.6074136830866337,0.20431415289640426
druglikeRandom,C/C(=N\N=C(N)N)c1cccc(/C(C)=N/NC(N)=N)n1,0.9141849875450134,37,0.0,0.47243026489604534,0.8832907639443874,0.028325557708740234,0.01975184679031372
druglikeRandom,CCOc1cc([C@@H]2c3c(oc4ccccc4c3=O)C(=O)N2c2ccc(C)cn2)ccc1OCCC(C)C,0.07196041196584702,67,1.3877787807814457e-17,0.5624090211805843,0.8187177553772926,0.9044106379151344,0.14879081143299117
druglikeRandom,OC[C@H]1O[C@@H](OC2=CC(O)=CC(\C=C\C3=CC=C(O)C=C3)=C2)[C@H](O)[C@@H](O)[C@@H]1O,1.0,50,1.1102230246251565e-16,-0.0708464792808327,1.3113021850585938e-06,0.00013577938079833984,2.294778823852539e-06
druglikeRandom,CC(C)=C[C@@H]1[C@@H](C(=O)OC2CC(=O)C(CC=C)=C2C)C1(C)C,0.9996956586837769,48,2.220446049250313e-16,0.4883580340379978,0.13533490896224976,0.14200109243392944,0.008155030012130738
druglikeRandom,CO[C@H](C)[C@H](NC(=O)OC)C(=O)N1CCC[C@H]1C1=NC2=C(N1)C=C(F)C(=C2)[C@H]1CC[C@@H](N1C1=CC(F)=C(N2CCC(CC2)C2=CC=C(F)C=C2)C(F)=C1)C1=CC2=C(NC(=N2)[C@@H]2CCCN2C(=O)[C@@H](NC(=O)OC)[C@@H](C)OC)C=C1F,0.9990803003311157,145,2.7755575615628914e-17,0.3103749047671269,0.0005726218223571777,0.0009195804595947266,0.00030301809310913087
druglikeRandom,Fc1ccc2c(c1)c1nc3ccccc3nc1n2Cc1cccnc1,0.012475275434553623,38,3.469446951953614e-18,0.48363738376687027,0.006811469327658415,0.024484063498675823,0.007124841655604541
druglikeRandom,[H]N1CCCCC1C(O)(C1=CC=CC=C1)C1=CC=CC=C1,1.0,41,2.220446049250313e-16,0.5861814863352037,0.9871885413303971,0.3899649977684021,0.00010462701320648193
druglikeRandom,O=C1Nc2ccc(S(=O)(=O)N3CCN(c4ccccc4F)CC3)cc2C1=C1CCCC1,0.004590293392539024,55,0.0,0.6347747028850522,0.002243432682007551,0.9947196040302515,0.12492855170858093
druglikeRandom,COc1ccccc1N1CCN(S(=O)(=O)Cc2ccc(Cl)cc2)CC1,0.0018919998547062278,46,1.734723475976807e-18,0.3577967587851248,0.1914806073764339,0.5760549610713497,0.00039733312441967426
druglikeRandom,CCCn1c(C)nn(C[N@@H+](C)Cc2c(C)noc2C)c1=S,0.0005583157762885094,45,2.168404344971009e-19,0.4002374574988035,0.0018027464393526316,0.0008340331260114908,7.993547333171592e-05
druglikeRandom,CNC(=O)C1=CC=C(C=C1F)N1C(=S)N(C(=O)C11CCC1)C1=CC(=C(N=C1)C#N)C(F)(F)F,0.4044840633869171,48,0.0,0.7075523605179779,0.4001094591803849,0.3911487050354481,0.22223848169669508
druglikeRandom,O=C(Nc1nc2c(s1)CCC2)[C@H]1CCCCN1S(=O)(=O)c1cccs1,0.0015460116555914283,44,3.469446951953614e-18,0.4984669851315621,0.003967823111452162,0.40307088068220764,0.0009801819658605381
druglikeRandom,Cc1cc(OCC(=O)N(Cc2ccc(F)cc2)[C@@H]2CCS(=O)(=O)C2)ccc1Cl,0.0012954131234437227,49,3.469446951953614e-18,0.38605974248303293,0.003968089586123824,0.9955935224425048,0.0005205539608141407
druglikeRandom,CCN(CC)C(C)CN1C2=CC=CC=C2SC2=CC=CC=C12,1.0,46,0.0,0.35008245666608906,0.8739664405584335,0.21103167533874512,0.03398034572601318
druglikeRandom,CN(Cc1ccccc1O)C(=O)CCCc1nc2ccccc2c(=O)[nH]1,0.1143273115158081,47,0.0,0.6387115626879278,0.09892796166241169,0.883901059627533,0.16055511943995954
druglikeRandom,CC(=O)[C@H](C)CSc1nnc(-c2ccncc2)n1-c1ccc(C)c(C)c1,0.0021944227628409863,48,0.0,0.36695334722057316,0.00024981354363262653,0.23173048766329885,0.0008463094418402761
druglikeRandom,CCCCC\C=C/C\C=C/CCCCCCCC(O)=O,0.9993650317192078,52,0.0,0.3948724551458397,0.8773303329944611,0.029293298721313477,0.0019996166229248047
druglikeRandom,CC1=C2NC(=O)C3=C(N=CC=C3)N(C3CC3)C2=NC=C1,0.995341420173645,34,0.0,0.5339067452682403,0.9920845930464566,0.9851066609844565,0.04537056684494019
druglikeRandom,CC(C)C(=O)N[C@@H](C)c1nc2ccccc2[nH]1,0.3253249526023865,34,0.0,0.7252647425669193,0.2812216803431511,0.2821744792163372,0.251427835971117
druglikeRandom,CCOc1ccc(NC(=O)Cn2nc(O)c3ccccc3c2=O)c(C)c1,0.001117474865168333,45,1.0842021724855044e-19,0.3269949595718474,0.001396681647747755,0.0015831398777663708,0.00015520045417360961
druglikeRandom,[H][C@@]1(CCC(C)=CC1)[C@@](C)(O)CCC=C(C)C,0.9800900220870972,42,0.0,0.5741629290909313,0.9548156876116991,0.9548156876116991,0.0609634056687355
druglikeRandom,CN1CCN(CC1)C1=NC2=CC(Cl)=CC=C2NC2=CC=CC=C12,1.0,42,1.1102230246251565e-16,0.746620468070322,0.9548318274319172,0.9590127915143967,0.0017278939485549927
druglikeRandom,[H][C@@]12CC[C@](OC(=O)CC)(C(=O)COC(C)=O)[C@@]1(C)C[C@H](O)[C@@]1([H])[C@@]2([H])C[C@H](C)C2=CC(=O)C=C[C@]12C,0.9999990463256836,70,0.0,-0.12772059771356292,1.5497207641601562e-06,0.009430229663848877,8.404254913330078e-07
druglikeRandom,Cc1cc(NC(=O)[C@H](C)SCC(=O)N[C@H]2CC[N@H+](Cc3ccccc3)CC2)no1,0.00025926303351297975,58,0.0,0.26704331282843574,0.00020199557184241712,0.7352831535390578,0.00015056679185363465
druglikeRandom,Cc1cnn([C@H](C)C2CC2)c1NC(=O)CSc1ccncc1,0.00478300591930747,42,6.938893903907228e-18,0.33904772919608,0.0009352716151624918,0.18571667233482003,0.001417504926212132
druglikeRandom,CCCCC\C(C=O)=C\C1=CC=CC=C1,0.16845624148845673,33,0.0,0.7330016029685019,0.1479334905743599,0.7059164792299271,0.06778025776147842
druglikeRandom,CCOC(=O)N1C=CN(C)C1=S,0.11385989189147949,22,6.938893903907228e-18,0.8045451999606327,0.05623079836368561,0.02264179289340973,0.042341448366642
druglikeRandom,[H][C@@]12CC[C@](O)(C(=O)COP(O)(O)=O)[C@@]1(C)C[C@H](O)[C@@]1([H])[C@@]2([H])CCC2=CC(=O)C=C[C@]12C,1.0,59,1.1102230246251565e-16,,0.0,0.0,0.0
druglikeRandom,COCCOCC(=O)Nc1ccc(OC2CCCC2)c(Cl)c1,0.005210403352975845,44,6.938893903907228e-18,0.18513678630545818,5.961628630757332e-05,0.9191682897508144,0.0032283430686220528
druglikeRandom,C[C@H]1CCCC[C@H]1OCCSc1nnnn1Cc1ccco1,0.003601338714361191,44,4.336808689942018e-19,0.5730377613486237,0.0020656940760090947,0.00521895382553339,0.001151778525672853
druglikeRandom,O=c1[nH]c(CNCc2ccc(Cl)cc2)nc2ccccc12,0.008307795971632004,35,0.0,0.44824554269659456,0.002648298628628254,0.004493077285587788,0.0028302113991230727
druglikeRandom,OC(P(O)(O)=O)P(O)(O)=O,1.0,16,1.1102230246251565e-16,,0.0,0.0,0.0
druglikeRandom,CCCNCC(O)COC1=C(C=CC=C1)C(=O)CCC1=CC=CC=C1,0.9987616539001465,52,0.0,0.48883659211726443,0.9949424604419619,0.9962878201622516,0.08889402183704079
druglikeRandom,O=c1c([C@H]2NCCC3=c4ccccc4=N[C@@H]32)c(O)[nH]c(=S)n1-c1ccccc1,0.0006335748475976288,46,2.168404344971009e-19,0.45667499858436367,0.013116786431055516,0.004843743692617863,0.00016256091475952417
druglikeRandom,C[C@H](NC(=O)N[C@H]1CCS(=O)(=O)C1)C(=O)Nc1ccccc1F,0.0014056561049073935,41,3.469446951953614e-18,0.24905905270842219,0.021560838678851724,0.745653152698651,0.0018698445666814223
druglikeRandom,O=C(Nc1ccc(F)c(F)c1F)[C@H]1CC(=O)N(CCc2ccccc2)C1,0.0020725519862025976,43,2.168404344971009e-19,0.47678832596359055,0.0002682952908799052,0.0067633448634296656,0.0003732126147951931
druglikeRandom,COC1=C(OC)C(OC)=C2C(CCC(NC(C)=O)C3=CC(=O)C(O)=CC=C23)=C1,0.9861195087432861,51,2.220446049250313e-16,0.6024243116684188,0.979627450928092,0.9807260953821242,0.04571586549282074
druglikeRandom,CSc1ccc(CCNC(=O)CSc2cc(C)nc3c(-c4ccc(F)cc4)cnn23)cc1,0.00020005695114377886,55,1.0842021724855044e-19,0.420112753964561,0.0003965583600802347,0.00648918746446725,5.839553559781052e-05
druglikeRandom,CC(=O)c1cccoc1=O,0.4518873393535614,16,0.0,0.16697349341658682,0.529444009065628,0.09425005316734314,0.07165329158306122
druglikeRandom,CC(C)(OC1=CC=C(CCNC(=O)C2=CC=C(Cl)C=C2)C=C1)C(O)=O,0.32409897446632385,45,5.551115123125783e-17,0.6860375979057195,0.25569460541009903,0.6748938858509064,0.22287559527903794
druglikeRandom,[H][C@]12COC(=O)[C@]1([H])[C@]([H])(C1=CC(OC)=C(O)C(OC)=C1)C1=CC3=C(OCO3)C=C1[C@@]2([H])O[C@]1([H])O[C@]2([H])CO[C@]([H])(O[C@@]2([H])[C@]([H])(O)[C@@]1([H])O)C1=CC=CS1,0.999880313873291,78,0.0,0.025379317312988866,0.00023758411407470703,0.00010728836059570312,2.6670098304748534e-05
druglikeRandom,FC(F)(F)C1=CC=C(CNC2=NC=C(CC3=CNC4=NC=C(Cl)C=C34)C=C2)C=N1,0.7992245554924011,44,0.0,0.6713060783045196,0.7600740008056164,0.7529756762087345,0.30433066487312316
druglikeRandom,CCC[C@@H]1N=C2c3ccccc3N=C(SCC(=O)NCc3ccccc3Cl)N2C1=O,0.0033833521883934736,51,2.7755575615628914e-17,0.4078886189591119,0.0008026103023439646,0.9403771024663001,0.11285806178930216
druglikeRandom,Cc1ccccc1NC(=O)/C(C#N)=C\c1ccccc1OCc1ccc(C(=O)O)cc1,0.0013249012408778071,51,5.204170427930421e-18,0.458840565799165,0.04284784395713359,0.03577610303182155,0.0003303220815723762
druglikeRandom,CCOC(=O)C[C@H](C)CNC(=O)N[C@@H]1CCCc2ccccc21,0.005111939739435911,49,3.469446951953614e-18,0.436695560523524,0.9918012549169362,0.01494406582787633,0.0015025719068944455
druglikeRandom,[H][C@@]12CC3=C(C=C(CNCC(C)(C)C)C(O)=C3C(=O)C1=C(O)[C@]1(O)C(=O)C(C(N)=O)=C(O)[C@@H](N(C)C)[C@]1([H])C2)N(C)C,0.9935513734817505,80,1.1102230246251565e-16,0.4552518047187985,0.05589425563812256,0.16207164525985718,0.011713191866874695
druglikeRandom,CCOC(=O)[C@@H](C)N[C@H](C)c1cccc(OC(F)F)c1,0.021484868600964546,39,2.7755575615628914e-17,0.6405088997679844,0.9589133691042662,0.9725349973887205,0.20455984268337488
druglikeRandom,CCN(CC)C(=O)Cn1cc(C(=O)N(C)Cc2n[nH]c3c2CCCC3)nn1,0.0011560482671484351,54,6.505213034913027e-19,0.49033029745466955,0.17214903107378632,0.002713260124437511,0.00048823564575286584
druglikeRandom,[H][C@]12SCC(C)=C(N1C(=O)[C@H]2NC(=O)[C@H](N)C1=CC=C(O)C=C1)C(O)=O,0.9999940395355225,42,0.0,0.4581362117132437,0.9979060145560652,0.9852034775540233,0.04222546964883804
druglikeScaffold,COc1ccccc1CCN1COc2c(cc3c(c2C)O/C(=C\c2ccc(OC)c(OC)c2OC)C3=O)C1,0.3713652193546295,69,0.0,0.5881842869115984,0.6286343038082123,0.6286343038082123,0.29828341929242014
druglikeScaffold,CC(C)N1C(\C=C\[C@H](O)C[C@H](O)CC(O)=O)=C(C2=CC=C(F)C=C2)C2=CC=CC=C12,0.9999972581863403,56,0.0,0.5464707842729127,0.017540454864501953,0.00308912992477417,0.0010962575674057008
druglikeScaffold,COc1ccccc1CN1CCN(CC(=O)Nc2ccc(C)cc2)CC1,0.015622030943632126,53,1.734723475976807e-18,0.5485772321251,0.9056267030537128,0.9056267030537128,0.006440920103341341
druglikeScaffold,CC(CCC1=CC=CC=C1)NC(C)C(O)C1=CC=C(O)C=C1,0.997707724571228,47,0.0,0.14821271742999012,0.9398415759205818,0.8587941825389862,0.04539085887372494
druglikeScaffold,CC(CCC1=CC=C(O)C=C1)NCCC1=CC(O)=C(O)C=C1,0.9996939897537231,45,1.1102230246251565e-16,0.3734448479126188,0.9407706670463085,0.6659143567085266,0.0295983225107193
druglikeScaffold,CC(CCC1=CC=CC=C1)NCC(O)C1=CC(C(N)=O)=C(O)C=C1,0.9999241828918457,48,2.220446049250313e-16,0.46749550018200997,0.878576323390007,0.980892788618803,0.015250355005264282
druglikeScaffold,CNC(=O)CN(c1cccc(C)c1)S(=O)(=O)c1ccc2c(c1)n(C)c(=O)n2C,0.006702811922878027,50,3.469446951953614e-18,0.5451953633817473,0.0011606402695178986,0.6132675097323954,0.022026358486618845
druglikeScaffold,O=C([C@H](Sc1ccc(S(=O)(=O)N2CCCCC2)cn1)c1ccccc1)N1CCCC1,0.001780561520718038,57,0.0,0.2182611094482892,0.0035473034949973226,0.38620127050671726,0.0005333214998245239
druglikeScaffold,C[C@H](NCC(=O)Nc1nccs1)c1ccc(-c2cccnc2)cc1,0.008603549562394619,42,3.122502256758253e-17,0.566805019737665,0.0021103541366755962,0.17462753597646952,0.011174134886823594
druglikeScaffold,CCOC(=O)[C@@H]1C(=O)C2=C(C[C@H]1c1ccco1)NC(=O)C[C@H]2c1cccc([N+](=O)[O-])c1,0.001970082288607955,51,1.734723475976807e-18,0.14832649091921993,0.0023297748994082212,0.10109474533237517,0.00042254390427842736
druglikeScaffold,Cc1cnn([C@H](C)C2CC2)c1NC(=O)CSc1ccncc1,0.013866796158254147,42,0.0,0.2752345898750217,0.02426713053137064,0.8932239273563027,0.012538832798600196
druglikeScaffold,C[C@H](Sc1nnnn1C(C)(C)C)c1nc(-c2cccc(C(F)(F)F)c2)no1,0.007355972658842802,44,1.3877787807814457e-17,0.3687148936521099,0.9911971245892346,0.22320352541282773,0.012277513579465448
druglikeScaffold,CCC1=C(C)NC2=C1C(=O)C(CN1CCOCC1)CC2,0.6178764700889587,44,1.1102230246251565e-16,0.5234986761164714,0.6039765095338225,0.3837226331233978,0.2606700539588928
druglikeScaffold,CC(=O)c1ccc(NC(=O)CSc2nc3ccsc3c(=O)n2-c2cccc(C)c2)cc1,0.0018033604137599468,50,0.0,0.10157470985577823,3.5747536458075047e-05,0.006112247239798307,0.0001519372861366719
druglikeScaffold,Cc1occc1C(=O)NNC(=S)N[C@@H]1CCCC[C@@H]1C,0.020170599222183228,41,6.938893903907228e-18,0.7165454936690798,0.8608827888965607,0.9600190222263336,0.17241250320803375
druglikeScaffold,NC(=N)NCC1COC2=C(O1)C=CC=C2,0.9974839687347412,28,0.0,0.6876476582026171,0.7762066572904587,0.19988900423049927,0.0037884056568145753
druglikeScaffold,CCC[N@@H+](CCOCC)C[C@H]1COc2ccccc2O1,0.0033244211226701736,46,3.8163916471489756e-17,0.5319721012829606,0.9966319482773542,0.9966319482773542,0.060192772222217174
druglikeScaffold,COc1ccc(C(=O)C2C(=O)C(=O)N(CCN(C)C)[C@@H]2c2ccc([N+](=O)[O-])cc2)cc1Cl,0.15160678327083588,54,2.7755575615628914e-17,0.5862235550382991,0.0367923378944397,0.8481320887804031,0.18445119308307767
druglikeScaffold,[H][C@@]12CC[C@H](OP(O)(O)=O)[C@@]1(C)CC[C@]1([H])C3=C(CC[C@@]21[H])C=C(OC(=O)N(CCCl)CCCl)C=C3,0.9999998807907104,65,1.1102230246251565e-16,0.38669996826058683,9.262561798095703e-05,0.0012515783309936523,2.378225326538086e-06
druglikeScaffold,[H][C@@]12CC[C@@](O)(C#C)[C@@]1(C)CC[C@]1([H])C3=C(CC[C@@]21[H])C=C(O)C=C3,1.0,46,0.0,0.5197266781547569,0.24743789434432983,0.6357538998126984,7.867813110351562e-07
druglikeScaffold,CCCCCCC(=O)O[C@H]1CC[C@H]2[C@@H]3CCC4=CC(OC(=O)CCCCCC)=CC=C4[C@H]3CC[C@]12C,0.9995249509811401,84,1.3877787807814457e-17,0.41263376146926406,0.011762380599975586,0.7372818291187286,0.0038540154695510865
druglikeScaffold,[H][C@@]12CC[C@H](OC(=O)CCCC)[C@@]1(C)CC[C@]1([H])C3=C(CC[C@@]21[H])C=C(O)C=C3,0.9946804642677307,58,1.1102230246251565e-16,0.4086898297709605,0.07738983631134033,0.971245214343071,0.010408291220664978
druglikeScaffold,[H][C@@]12C[C@@H](O)[C@H](O)[C@@]1(C)CC[C@]1([H])C3=C(CC[C@@]21[H])C=C(O)C=C3,0.9997884631156921,45,0.0,0.6021248023350996,0.00419163703918457,0.8069330453872681,0.006812268495559692
druglikeScaffold,[H][C@@]12CC[C@@](O)(C#C)[C@@]1(C)CC[C@]1([H])C3=C(CC[C@@]21[H])C=C(OC)C=C3,0.9999996423721313,49,2.220446049250313e-16,0.5595246360064448,0.8831335976719856,0.8616456687450409,0.023094025254249573
druglikeScaffold,[H][C@@]12CC[C@H](O)[C@@]1(C)CC[C@]1([H])C3=CC=C(O)C=C3C[C@@H](CCCCCCCCCS(=O)CCCC(F)(F)C(F)(F)F)[C@@]21[H],0.999980092048645,88,6.938893903907228e-18,0.30928391487297024,0.003992259502410889,0.2977372407913208,0.0008373588323593139
druglikeScaffold,[H][C@@]12CC[C@H](O)[C@@]1(C)CC[C@]1([H])C3=CC=C(OC(C)=O)C=C3CC[C@@]21[H],0.9998070597648621,49,0.0,0.6457608271249317,0.5832103192806244,0.8126788437366486,0.01647404134273529
druglikeScaffold,[H][C@@]12CC[C@H](O)[C@@]1(C)CC[C@]1([H])C3=C(CC[C@@]21[H])C=C(O)C=C3,0.9927886128425598,44,1.1102230246251565e-16,0.5305986218251102,0.0809212327003479,0.8892156109213829,0.06709058582782745
druglikeScaffold,[H][C@@]12CC[C@H](O)[C@@]1(C)CC[C@]1([H])C3=CC=C(OC(=O)N(CCCl)CCCl)C=C3CC[C@@]21[H],0.9987346529960632,60,1.1102230246251565e-16,0.534657439649709,0.12051302194595337,0.7943916767835617,0.027282387018203735
druglikeScaffold,O=C(C[C@H]1NC(=O)c2ccccc21)N[C@@H]1N=Nc2ccc(Br)cc21,0.00794224627315998,37,0.0,0.6226773101123332,0.004385450622066855,0.22424046508967876,0.008262253715656698
druglikeScaffold,[H][C@]12[C@H](C[C@H](O)C=C1C=C[C@H](C)[C@@H]2CC[C@@H](O)C[C@@H](O)CC(O)=O)OC(=O)[C@@H](C)CC,0.9999998807907104,66,0.0,0.4693549775498169,0.00035822391510009766,0.0012813806533813477,0.00019440650939941406
druglikeScaffold,COC1=CC(NC2=NC=C(F)C(NC3=NC4=C(OC(C)(C)C(=O)N4COP(O)(O)=O)C=C3)=N2)=CC(OC)=C1OC,0.999991774559021,66,1.1102230246251565e-16,0.14830931644690376,6.103515625e-05,0.00030040740966796875,1.3828277587890625e-05
druglikeScaffold,NS(=O)(=O)CC1=NOC2=CC=CC=C12,0.963750958442688,22,0.0,0.15517110259976927,0.764317199587822,0.1943044662475586,0.07687048465013505
druglikeScaffold,CN1C(=O)CC(C)(C1=O)C1=CC=CC=C1,0.990009069442749,28,0.0,0.6190285667391463,0.2696846127510071,0.2829800844192505,0.015665653347969054
druglikeScaffold,CN1C(=O)CC(C1=O)C1=CC=CC=C1,0.902904748916626,25,0.0,0.4364491411524082,0.23946458101272583,0.4780046343803406,0.053141969442367556
druglikeScaffold,CC1=[N+]([O-])C=C(N=C1)C(O)=O,0.9999555349349976,17,0.0,0.5473733446458922,0.6973586082458496,0.6380654275417328,0.07068224847316742
druglikeScaffold,COc1ccc(NS(=O)(=O)c2cc(NC(=O)c3cccc4cccnc34)ccc2OC)cc1,0.0038614997174590826,54,0.0,0.5153049692220356,0.10553766251541674,0.9841676822397858,0.011931083223316818
druglikeScaffold,COC1=CC(=CC(OC)=C1)N(CCNC(C)C)C1=CC=C2N=CC(=NC2=C1)C1=CN(C)N=C1,1.0,63,0.0,0.29958437416080214,0.9281252324581146,0.997450391529128,3.999471664428711e-06
druglikeScaffold,OC(CN1C=NC=N1)(CN1C=NC=N1)C1=C(F)C=C(F)C=C1,0.9860866069793701,34,0.0,0.6934632212226899,0.09766089916229248,0.045943617820739746,0.011665752530097962
druglikeScaffold,Fc1ccc2c(c1)CCCN2Cc1cccnc1,0.13418559730052948,33,0.0,0.4762583843225177,0.10330283083021641,0.09983022883534431,0.04298290675505996
druglikeScaffold,CSc1nc(O)nnc1SCc1ccccc1,0.03601370379328728,28,0.0,0.6356159056426475,0.0019008927047252655,0.06922879442572594,0.018924076994881033
druglikeScaffold,CCc1nc2n(n1)C[C@H](NCCS(C)(=O)=O)CC2,0.4198373258113861,38,0.0,0.6653975586375592,0.4103171695023775,0.4124455573037267,0.22574070694390685
druglikeScaffold,ClC1=CC=C(CCC(CN2C=CN=C2)SC2=C(Cl)C=CC=C2Cl)C=C1,0.07710886001586914,42,2.7755575615628914e-17,0.49800272555545566,0.021465174853801727,0.9163414239883423,0.0802027520374395
druglikeScaffold,CC(C)c1noc([C@@H]2CCCN2C(=O)COCc2nc3ccccc3[nH]2)n1,0.0024921181611716747,50,8.673617379884035e-19,0.43039580942439526,0.007912606466561556,0.19810595782473683,0.0005561452824622392
druglikeScaffold,C[C@H](NC(=O)c1cnsn1)c1ccccc1,0.16869743168354034,27,0.0,0.662146607131247,0.6815306395292282,0.7576168030500412,0.13468441255390645
druglikeScaffold,C=CCOc1ccc([C@@H]2c3c(oc4ccc(C)cc4c3=O)C(=O)N2c2ccc(C(C)=O)cc2)cc1,0.0030411584302783012,58,5.551115123125783e-17,0.5017514360890769,0.17263991106301546,0.9950930373743176,0.0006787748076021672
druglikeScaffold,CCOc1cccc([C@H]2c3c(oc4ccc(Cl)cc4c3=O)C(=O)N2c2ccc(C)cc2)c1,0.004602617584168911,52,2.0816681711721685e-17,0.47568780678476796,0.000764528289437294,0.9924572641029954,0.0016025068005546927
druglikeScaffold,[H][C@]12SCC(CSC3=NN=NN3C)=C(N1C(=O)[C@]2(NC(=O)C1SC(S1)=C(C(N)=O)C(O)=O)OC)C(O)=O,0.9999785423278809,53,1.1102230246251565e-16,0.47965418946460714,0.8160633593797684,0.6911503672599792,3.675222396850586e-05
druglikeScaffold,COc1cc(OC)nc(Oc2ccccc2C(N)=O)n1,0.974075436592102,33,1.1102230246251565e-16,0.6599298990719673,0.839639738202095,0.9044836908578873,0.18391273990273477
druglikeScaffold,CO[C@]1(NC(=O)C(C(O)=O)C2=CSC=C2)[C@H]2SC(C)(C)[C@@H](N2C1=O)C(O)=O,0.9999998807907104,45,2.220446049250313e-16,0.2038986960926299,0.5747091472148895,0.0008906722068786621,2.8014183044433595e-07
druglikeScaffold,[H][C@]12SC(C)(C)[C@@H](N1C(=O)[C@H]2NC(=O)[C@H](C(O)=O)C1=CSC=C1)C(O)=O,1.0,41,1.1102230246251565e-16,0.2505617204008733,0.1169213056564331,0.00031697750091552734,0.0002522319555282593
druglikeScaffold,C1CCC(CC1)NC1=CC=C(NC2=CC=CC=C2)C=C1,0.9004910588264465,42,0.0,0.7354761721684003,0.7231945693492889,0.647479385137558,0.10441474020481109
druglikeScaffold,CC(C)NC(=O)Cc1ccc(NC(=O)c2cc3sccn3c2)cc1,0.005705052521079779,43,6.938893903907228e-18,0.7076922496164562,0.2611971260048449,0.9192959130741656,0.030565761646721513
druglikeScaffold,CC(C)COC1=CC=C(CNC(=O)N(CC2=CC=C(F)C=C2)C2CCN(C)CC2)C=C1,0.012632661499083042,65,0.0,0.36963843252302603,0.3871492510661483,0.3878891533240676,0.04354275774676353
druglikeScaffold,CCC(=O)Nc1nc2ccc(NC(=S)NC(=O)c3ccccc3Br)cc2s1,0.0037808427587151527,42,0.0,0.6851180742782511,0.0053565604612231255,0.07577118184417486,0.0009462384739890694
druglikeScaffold,OC1=CC=C(C=C1)C1=C(C(=O)C2=CC=C(OCCN3CCCCC3)C=C2)C2=C(S1)C=C(O)C=C2,0.9996764659881592,61,0.0,0.35445899055847035,0.024538815021514893,0.017425358295440674,0.00031940042972564695
druglikeScaffold,CN(CCCNS(=O)(=O)c1ccc(O)c(C(=O)O)c1)c1ccccc1,0.6000584959983826,45,2.220446049250313e-16,0.5334037380391264,0.23606091737747192,0.39513450860977173,0.22108301371335984
druglikeScaffold,CCOC1=C(OCC)C(OCC)=C(N)C2=C1C(OC2=O)C1N(C)CCC2=CC3=C(OCO3)C(OC)=C12,1.0,68,0.0,0.4031562271505031,0.0,2.5153160095214844e-05,1.4901161193847656e-07
druglikeScaffold,[H][C@@]1(OC(=O)C2=C1C=CC(OC)=C2OC)[C@]1([H])N(C)CCC2=CC3=C(OCO3)C(OC)=C12,0.9999938011169434,53,0.0,0.6300704577268311,0.8411061018705368,0.8588459342718124,0.015987968444824217
druglikeScaffold,COC1=CC(C[C@@H]2C3=CC(OC)=C(OC)C=C3CC[N+]2(C)CCCOC(=O)CC\C=C\CCC(=O)OCCC[N+]2(C)CCC3=CC(OC)=C(OC)C=C3[C@H]2CC2=CC(OC)=C(OC)C(OC)=C2)=CC(OC)=C1OC,1.0,154,2.710505431213761e-20,,0.0,0.0,0.0
druglikeScaffold,CC(C)[C@H](N)C(=O)N1CCC(C[N@@H+](Cc2ccccc2)C(C)C)CC1,0.003113789949566126,61,0.0,0.33974154450819344,0.9964940710924566,0.9968773885630071,0.08142882943502627
druglikeScaffold,Cn1cc(C(=O)NCCc2ccccc2)c(=O)c2cc(S(=O)(=O)N3CCOCC3)ccc21,0.003877313109114766,57,1.3877787807814457e-17,0.5872227371660723,0.7862090158741921,0.9960570025723428,0.025220802647527307
druglikeScaffold,Cc1cc(C)nc(NS(=O)(=O)c2ccc(NC(=O)[C@H](C)Oc3cc(C)c(Cl)c(C)c3)cc2)n1,0.03385047987103462,58,1.3877787807814457e-17,0.6188085974772728,0.00551663339138031,0.9658114425837994,0.13544199301395565
druglikeScaffold,O=C1/C(=C\c2ccc(-c3ccc([N+](=O)[O-])cc3)o2)C(O)=NC(=S)N1c1ccc(Br)cc1,0.003307841718196869,43,0.0,0.4625916536079395,0.03566599637269974,0.09095006436109543,0.0006190991145558656
druglikeScaffold,C=CCn1c(CNC(=O)c2ccccc2F)nnc1SCC(=O)Nc1cccc(F)c1,0.0014472495531663299,50,0.0,0.3669478390601416,0.0024074147222563624,0.003790004295296967,0.0001889576786197722
druglikeScaffold,COC(=O)c1ccc([C@@H]2C3=C(CC(C)(C)CC3=O)Nc3nc(SCc4ccccc4F)nn32)cc1,0.0019956736359745264,60,1.3877787807814457e-17,0.30890664618581143,0.9438049288000911,0.9890648813452572,0.09824651645612903
druglikeScaffold,O=C(CN1C(=O)/C(=C/c2ccccc2F)SC1=S)Nc1cc(Cl)ccc1O,0.04437979683279991,39,6.938893903907228e-18,0.6781317637841521,0.0191545058041811,0.9398382045328617,0.028752382192760707
druglikeScaffold,[H]N(C1=C([H])C([H])=C(\C([H])=C(/[H])C2=C([H])N=C(OC([H])([H])C([H])([H])OC([H])([H])C([H])([H])OC([H])([H])C([H])([H])[18F])C([H])=C2[H])C([H])=C1[H])C([H])([H])[H],0.9957524538040161,51,1.1102230246251565e-16,0.5889599256182393,0.8075926154851913,0.8075926154851913,0.023688986897468567
druglikeScaffold,COC1=CC=C(CC(C)(C)NC[C@H](O)C2=C3OCC(=O)NC3=CC(O)=C2)C=C1,0.9997603297233582,54,0.0,0.43226021419700694,0.9962771043647081,0.9953299118205905,0.004932478070259094
druglikeScaffold,CN(CC1=CC=C(C=C1)C(C)(C)C)CC1=CC=CC2=CC=CC=C12,0.10559756308794022,51,2.7755575615628914e-17,0.48538352775016597,0.03694811463356018,0.8938493654131889,0.37043802477419374
druglikeScaffold,Cc1cc(NC(=O)[C@H]2CCCN(S(=O)(=O)c3c(C)nc(O)[nH]c3=O)C2)ccc1Br,0.006184588186442852,50,6.938893903907228e-18,0.6069243896622354,0.002683002268895507,0.7946753995493054,0.018069411162286997
druglikeScaffold,O=C1NC2=CC(OCCCCN3CCN(CC3)C3=C4C=CSC4=CC=C3)=CC=C2C=C1,0.15704308450222015,58,0.0,0.3713713626015867,0.7210953384637833,0.83580382168293,0.16259772405028344
druglikeScaffold,Cc1cccc(NC(=O)C2CCN(C(=O)c3cnc(-c4ccncc4)[nH]c3=O)CC2)c1,0.00392526900395751,54,1.3877787807814457e-17,0.17258141685877723,0.15039373422041535,0.9917308636941016,0.03903977979207411
druglikeScaffold,c1cnc2c(OCc3cn4cccnc4n3)ccc(CN3CCCCC3)c2c1,0.003307486418634653,51,6.938893903907228e-18,0.475704927419395,0.0029844962991774082,0.7645984045229852,0.002852480229921639
druglikeScaffold,Cc1c(-c2noc(C(=O)NC[C@H]3CC[N@H+](Cc4ccc(Cl)cc4)CC3)n2)oc2ccccc12,0.0011039285454899073,59,0.0,0.3529911684821215,5.252950359135866e-05,0.023644324159249663,0.00038300909218378363
druglikeScaffold,CCc1ccc([C@H]2C(C(=O)c3cccs3)C(=O)C(=O)N2CCCOC(C)C)cc1,0.005188353825360537,56,0.0,0.1588287244047965,0.0024730931036174297,0.8159313122741878,0.03622366398340091
druglikeScaffold,O=C(OCCOc1ccccc1F)c1sccc1-n1cnnn1,0.006394110154360533,34,1.3877787807814457e-17,0.6486920988097324,0.7019841452129185,0.9073542137630284,0.021620163368061183
druglikeScaffold,Cc1ccc(C)c(N2CCN(c3ccc(NC(=O)c4cccs4)cc3C(=O)O)CC2)c1,0.006460064556449652,56,2.7755575615628914e-17,0.45745750762365145,0.0019209864549338818,0.7589389742352068,0.03919497542083263
druglikeScaffold,COc1ccc(C(=O)ON=C2C=CC(=O)C=C2)cc1,0.009976484812796116,30,6.938893903907228e-18,0.12365766021420646,0.09935331251472235,0.7178477263078094,0.18315699978265912
druglikeScaffold,CC(=O)Nc1cccc2c1CCN(c1nc3ccccc3nc1N1C[C@H](C)O[C@H](C)C1)C2,0.5644654631614685,61,1.6653345369377348e-16,0.4272394641452064,0.41761302947998047,0.4282847046852112,0.17003612369298934
druglikeScaffold,CC(C)CC(=O)C1=C(O)C(=O)N(CC2(c3ccccc3)CCCC2)[C@@H]1c1ccc([N+](=O)[O-])cc1,0.003964344505220652,64,0.0,0.2621808549313434,0.0003181011416018009,0.037722071167081594,0.0055178982089273635
druglikeScaffold,CCCCOC(=O)CSc1nc2ccccc2c(=O)n1Cc1ccco1,0.00239202450029552,46,2.168404344971009e-19,0.2401753221078162,0.003113616956397891,0.10803949763067067,0.0005724072339944542
druglikeScaffold,OC(=O)CC1(CC1)CS[C@H](CCC1=CC=CC=C1C(O)(C)C)C1=CC=CC(\C=C\C2=NC3=C(C=CC(Cl)=C3)C=C2)=C1,0.9947375655174255,77,0.0,0.36924889313815507,0.003144681453704834,0.16140568256378174,0.011938518285751343
druglikeScaffold,Cc1c(CCC(=O)Nc2nccs2)c(=O)oc2cc3occ(C(C)(C)C)c3cc12,0.7758493423461914,51,0.0,0.6885297567719493,0.5845665484666824,0.7730375344399363,0.2590416457504034
druglikeScaffold,CN1CCC(CC1)OC(C1=CC=CC=C1)C1=CC=CC=C1,0.9988741278648376,44,0.0,0.43449840443551296,0.06360214948654175,0.7009713053703308,0.0630891814827919
druglikeScaffold,COc1ccc(Cn2nnc3c(O)nc(C4CCN(C(=O)c5ccccc5Cl)CC4)nc32)cc1OC,0.005325565580278635,61,4.163336342344337e-17,0.48169889491540363,0.994528045412153,0.9945629737339914,0.06319133534561842
druglikeScaffold,[H][C@@]1(CNC2=C(N1)C(=O)NC(N)=N2)[C@@H](O)[C@H](C)O,0.999354898929596,32,0.0,0.6297091620504214,0.174974262714386,0.2566480040550232,0.007477888464927673
druglikeScaffold,CC(C)(C)OC(=O)N1CCCC[C@@H]1COCc1ccc(Cl)nn1,0.004412728827446699,47,0.0,0.28156587913475495,0.002237941138446331,0.9906718549318612,0.04146094539901242
druglikeScaffold,Cc1cc(C)cc(CS(=O)(=O)C[C@@H](O)c2cccc(Br)c2)c1,0.012154634110629559,41,6.938893903907228e-18,0.4002131069097036,0.005488953553140163,0.15278251934796572,0.012360961304511874
druglikeScaffold,Cc1ccccc1-c1noc(COC(=O)c2cccnc2N(C)C)n1,0.008744685910642147,43,6.938893903907228e-18,0.4463513112877869,0.32773295138031244,0.32773295138031244,0.032172573101706806
druglikeScaffold,CC(=O)OC1=CC=CC=C1C(=O)NC1=NC=C(S1)[N+]([O-])=O,0.8521101474761963,30,2.220446049250313e-16,0.7795499341518263,0.8231730312108994,0.8231730312108994,0.3114158730953932
druglikeScaffold,CCN1CCN(CC(=O)NCc2ccc3c(c2)=C(C)[C@@H](c2ccccc2F)N=3)CC1,0.010220040567219257,59,3.469446951953614e-18,0.38645832269448305,0.8382632238790393,0.207837144844234,0.007140877679921687
druglikeScaffold,Cc1ncc(CO)c(CN2CCC[C@H]2c2ccccn2)c1O,0.6172217130661011,43,0.0,0.6362096736109849,0.6028496949002147,0.08701592683792114,0.3519451553002
druglikeScaffold,CC1=CC=C(NC(=O)C2(CC2)C2=CC=C3OC(F)(F)OC3=C2)N=C1C1=CC(=CC=C1)C(O)=O,0.13179054856300354,51,0.0,0.6775230293836552,0.8598233163356781,0.8677205741405487,0.2689842483960092
druglikeScaffold,CC[C@@]12C=CCN3CC[C@@]4([C@H]13)[C@@H](N(C)C1=CC(OC)=C(C=C41)[C@]1(C[C@@H]3C[C@H](C[N@@](C3)CC3=C1NC1=CC=CC=C31)C(C)(F)F)C(=O)OC)[C@](O)([C@@H]2OC(C)=O)C(=O)OC,1.0,113,1.0842021724855044e-18,0.329287764428933,0.000835418701171875,5.0067901611328125e-06,4.172325134277344e-07
druglikeScaffold,Cc1ccc(-c2nc(OC(C)C)nn2-c2ccc(NC(=O)c3ccccc3F)cc2)cc1,0.9075644016265869,55,1.1102230246251565e-16,0.6085837219430565,0.9051597269717604,0.9023832832463086,0.22176890667760746
druglikeScaffold,CC(C)Sc1ccc(CC(=O)NC[C@H](O)c2ccsc2)cc1,0.005400232505053282,43,0.0,0.43804159384785507,0.3526831646449864,0.9266703207977116,0.02110330988653004
druglikeScaffold,O=C(c1ccc([N+](=O)[O-])o1)N1CCC(Oc2cnccn2)CC1,0.010018724016845226,37,3.469446951953614e-18,0.574225437600713,0.03186838794499636,0.5006138505414128,0.01617789986776188
druglikeScaffold,CC(C(O)=O)C1=CC2=C(C=C1)C1=C(N2)C=CC(Cl)=C1,0.9583709836006165,31,1.1102230246251565e-16,0.5708068291575906,0.23783868551254272,0.23783868551254272,0.06785329282283784
druglikeScaffold,CCC(CC)NCc1ccc2c(c1)c1ccccc1n2CC,0.006872172001749277,48,6.938893903907228e-18,0.4843095778860541,0.0036859402898699045,0.38490927731618285,0.004473317030351609
druglikeScaffold,CCC(=O)NS(=O)(=O)C1=CC=C(C=C1)C1=C(C)ON=C1C1=CC=CC=C1,0.5595449805259705,44,0.0,0.6765629342552463,0.545153726823628,0.5345605090260506,0.19610051214694976
druglikeScaffold,CC1=C(C(=NO1)C1=CC=CC=C1)C1=CC=C(C=C1)S(N)(=O)=O,0.8051626682281494,36,3.3306690738754696e-16,0.752195354205384,0.7175309509038925,0.7175309509038925,0.17958490205928684
druglikeScaffold,COc1cc(OC)c(CCC(=O)N2CC[C@H](S(=O)(=O)c3ccc(Cl)cc3)C2)c(OC)c1,0.013185320422053337,57,1.3877787807814457e-17,0.6495396189006092,0.010769133921712637,0.9866525549441576,0.11272529244888574
druglikeScaffold,Cn1cc([N-]S(=O)(=O)c2cnc[nH]2)cc(Br)c1=O,0.01156541332602501,26,3.469446951953614e-18,0.8299285022728066,0.0005172863602638245,0.1542414017021656,0.004835635423660278
druglikeScaffold,O=C(Nc1ccc(-c2cccc(F)c2)cc1)[C@H]1CCCN(C(=O)Cn2cncn2)C1,0.022271649911999702,52,1.3877787807814457e-17,0.655290213443814,0.732927305623889,0.9232356380671263,0.03627207402605563
druglikeScaffold,COC1=C(NC(=O)\C=C\CN2CCCCC2)C=C2C(NC3=CC(Cl)=C(F)C=C3)=NC=NC2=C1,0.9781960248947144,58,0.0,0.552172994567888,0.7235304713249207,0.7235304713249207,0.06564867794513703
druglikeScaffold,COC(=O)C1=C(Nc2ccccc2NS(=O)(=O)c2ccccc2Cl)CSC1,0.2302785962820053,44,2.7755575615628914e-17,0.7180446183610719,0.7384311705827713,0.7695595175027847,0.22241624258458614
druglikeScaffold,CCOc1ccc(/C=N/n2cnnc2SCc2ccccc2)cc1OCC,0.002849287586286664,49,0.0,0.4382621460857981,0.20107420603744686,0.9909089140128344,0.0003396208980120718
druglikeScaffold,CCCCCNC(=O)[C@@H](C)[N@H+]1CC[C@H](OCc2ccc(F)cc2)CC1,0.0018912787782028317,57,6.938893903907228e-18,0.44926730861849956,0.00789653870742768,0.9978919391287491,0.017395366221899168
druglikeScaffold,CC(=O)CCCSc1nnnn1Cc1ccccc1,0.012274449691176414,35,6.938893903907228e-18,0.5139308367915093,0.051541754975914955,0.03738214634358883,0.008143403031863273
druglikeScaffold,O=C(CSc1nc2cc3c(cc2c(=O)n1Cc1ccco1)OCO3)Nc1cc(C(F)(F)F)ccc1Cl,0.004327502101659775,51,2.7755575615628914e-17,0.6473469183096275,0.0029431789880618453,0.7722214795649052,0.005968192708678544
druglikeScaffold,COC(=O)NC1=NC2=C(N1)C=C(C=C2)C(=O)C1=CC=CC=C1,0.8705143332481384,35,0.0,0.43925336128478243,0.8308081142604351,0.8308081142604351,0.1540854660794139
druglikeScaffold,CC(=O)NCc1ccc(C(=O)OC[C@@H]2CC2(Cl)Cl)cc1,0.9821465611457825,35,0.0,0.2508313059629348,0.08234190940856934,0.9378547444939613,0.06800025291740894
druglikeScaffold,CCN(CC)S(=O)(=O)c1ccc2c(c1)CCN2C(=O)c1ccc(C)nc1,0.07579774409532547,49,0.0,0.2848596227472628,0.026524007320404053,0.4720482751727104,0.03274912890046835
druglikeScaffold,CN(Cc1cn(-c2ccccc2)nc1-c1cccs1)C(=O)C1CCCC1,0.003255335381254554,49,1.734723475976807e-18,0.5038786194009212,0.0008327888790518045,0.6077857932541519,0.00704959585564211
druglikeScaffold,[H][C@@]12CC[C@](O)(C(=O)COC(=O)CCC3CCCC3)[C@@]1(C)C[C@H](O)[C@@]1([H])[C@@]2([H])CCC2=CC(=O)CC[C@]12C,0.9999998807907104,77,1.3877787807814457e-17,0.23486100454072395,7.581710815429688e-05,0.011425971984863281,9.101629257202148e-06
druglikeScaffold,CCN1c2ccccc2-c2nc(SCc3cc(F)cc(F)c3)ncc2S1(=O)=O,0.0028996411710977554,43,0.0,0.33555708027063164,0.09348303638398647,0.10213498584926128,0.0018135037505999207
druglikeScaffold,CN1C(C(=O)NC2=CC=CC=N2)=C(O)C2=C(C=CS2)S1(=O)=O,0.1859096735715866,33,2.7755575615628914e-17,0.801230573164642,0.1259065344929695,0.8130235821008682,0.22907284796237945
druglikeScaffold,CN1C(C(=O)NC2=CC=CC=N2)=C(O)C2=C(C=C(Cl)S2)S1(=O)=O,0.9858987331390381,33,1.1102230246251565e-16,0.716416390209369,0.8872383907437325,0.8872383907437325,0.14230862855911255
druglikeScaffold,O=[N+]([O-])c1ccccc1S(=O)(=O)N(Cc1cnc2ccccn12)C1CC1,0.019906718283891678,42,6.938893903907228e-18,0.6246937482348836,0.01034226082265377,0.7347999028861523,0.00961725115776062
druglikeScaffold,CCCCOC1=CC=C(OCCCN2CCOCC2)C=C1,0.0943768247961998,48,0.0,0.21591115750053527,0.23285872489213943,0.762641467154026,0.05745100439526141
druglikeScaffold,O=C(N[C@@H](CN1CCCC1)c1ccccc1)N[C@H]1CC[N@H+](C2CC2)CC1,0.0017927123699337244,59,1.3877787807814457e-17,0.4277874970744601,0.9980995224323124,0.9980995224323124,0.0047621627221815285
druglikeScaffold,NC1=CC=C(C=C1)S(=O)(=O)NC1=CC=CC=N1,0.9597226977348328,28,1.1102230246251565e-16,0.5831272125720199,0.5982495248317719,0.5982495248317719,0.0606224998831749
druglikeScaffold,Cc1ccccc1C(=O)Nc1ccc2nc(-c3ccc(C(C)C)cc3)oc2c1,0.020463382825255394,50,1.3877787807814457e-17,0.4598877188993334,0.6328809503465891,0.9710496906191111,0.01443961274344474
druglikeScaffold,CCOCc1cc(C[N@@H+]2CCc3[nH]c(-c4ccncc4)nc(=O)c3C2)ccc1OC,0.0018552426481619477,57,3.469446951953614e-18,0.3236232636938035,0.03776532073970884,0.008169244392775,9.598609176464379e-05
druglikeScaffold,COc1ccc(C(=O)N(C)[C@@H]2CCOC2)cc1O[C@H]1CC[N@H+](C(C)C)CC1,0.001380212139338255,60,2.7755575615628914e-17,0.5485981205023037,0.9986159731633961,0.9986159731633961,0.0018957168445922433
druglikeScaffold,CCC/C(=N/NC(=O)c1cc(OC)c(OC)c(OC)c1)c1ccccc1,0.0024630213156342506,50,2.7755575615628914e-17,0.30734162987232627,0.9916314100846648,0.8054054593667388,0.018064979155315086
druglikeScaffold,COc1cc(/C=N/NC(=O)c2cccc(F)c2)cc(I)c1O,0.741459310054779,34,0.0,0.7516989100863797,0.7178655415773392,0.7054732665419579,0.16438072100281714
druglikeScaffold,CC(=O)N(c1nc2ccccc2n(CC(=O)Nc2cccc(Cl)c2C)c1=O)C1CCCCC1,0.02650015987455845,60,1.3877787807814457e-17,0.6100979820892204,0.01717589981853962,0.8403770979493856,0.05347316209226847
druglikeScaffold,O=C(CCCn1cc[nH+]c1)Nc1n[nH]c(-c2ccccc2F)n1,0.10092341154813766,39,2.7755575615628914e-17,0.6496454819915857,0.8055480197072029,0.8055480197072029,0.17420458658598365
druglikeScaffold,CC1=NN=C(NS(=O)(=O)C2=CC=C(N)C=C2)S1,0.8989259600639343,27,0.0,0.70629873658159,0.6276200115680695,0.5921787619590759,0.11264990270137787
druglikeScaffold,COc1cc([C@H]2N(c3ccc(Cl)cc3)N=C(C(C)=O)N2c2ccc(N3CCOCC3)cc2)ccc1OCc1ccc(Cl)cc1,0.04654526337981224,76,1.1102230246251565e-16,0.41062386885848523,0.8200311698019505,0.829906526952982,0.06867279284633696
druglikeScaffold,O=C(Cn1cnc2ccccc2c1=O)N(C[C@H]1CCCO1)[C@@H]1CCSC1,0.07359667867422104,49,1.3877787807814457e-17,0.45445323766835793,0.06751188728958368,0.9264002218842506,0.09491701112128795
druglikeScaffold,Cc1ccc(/C=C/C(=O)Nc2nccs2)cc1,0.02404056116938591,29,1.734723475976807e-17,0.42202027724690294,0.11296400800347328,0.6651848144829273,0.05799422385171056
druglikeScaffold,c1cc(CNCc2csc(-c3ccsc3)n2)cc(N2CCCCC2)[nH+]1,0.0022155852057039738,48,1.734723475976807e-18,0.2560613587370466,0.7018399625085294,0.11905265739187598,0.0022217015735805034
druglikeScaffold,[H][C@]12C[C@@H](O)[C@H](\C=C\[C@@H](O)CCCCC)[C@@]1([H])C\C(O2)=C\CCCC(O)=O,0.9999876022338867,57,1.1102230246251565e-16,0.4400349030353082,0.009842097759246826,0.03603893518447876,0.00030663907527923585
druglikeScaffold,CCCCCOc1ccc(C(=O)NC[C@@H](C)NC(=O)c2ccc(OCCCCC)cc2)cc1,0.0021067385096102953,71,0.0,0.4139289326465454,0.9978591676335782,0.9978591676335782,0.04020173617755063
druglikeScaffold,C[N@@H+](CC(=O)NCC(=O)N[C@@H]1CCS(=O)(=O)C1)C1CC1,0.0019188008736819029,42,1.0408340855860843e-17,0.33587305868969614,0.004599025240167975,0.8376222171355039,0.006644612492527813
druglikeScaffold,CC(C)C[C@H](NC(=O)[C@@H](CC1=CC=C(NC(N)=O)C=C1)NC(=O)[C@H](CC1=CC=C(NC(=O)[C@@H]2CC(=O)NC(=O)N2)C=C1)NC(=O)[C@H](CO)NC(=O)[C@@H](CC1=CC=CN=C1)NC(=O)[C@@H](CC1=CC=C(Cl)C=C1)NC(=O)[C@@H](CC1=CC=C2C=CC=CC2=C1)NC(C)=O)C(=O)N[C@@H](CCCCNC(C)C)C(=O)N1CCC[C@H]1C(=O)N[C@H](C)C(N)=O,1.0,220,0.0,,0.0,1.1920928955078125e-06,1.1920928955078126e-08
druglikeScaffold,O=C1N(c2ccccc2)CCS1(=O)=O,0.3278672993183136,23,5.551115123125783e-17,0.6147537544178074,0.09442941844463348,0.016703307628631592,0.1299331985414028
druglikeScaffold,O=C(C[C@@H]1Sc2ccccc2NC1=O)NCc1c(O)ccc2c1CCCC2,0.768987774848938,49,0.0,0.40705566770579066,0.18644213676452637,0.7638580459170043,0.13528820872306824
druglikeScaffold,O=C(NCCC1=CCCCC1)[C@@H]1CCCN(c2nc3ccc(F)cc3s2)C1,0.006247209385037422,53,6.938893903907228e-18,0.3100322284168177,0.002165454439818859,0.9870005380362272,0.023454494343604894
druglikeScaffold,O=C(Nc1cnn(Cc2cccc(F)c2)c1)Nc1ccccc1C(F)(F)F,0.12207730114459991,41,0.0,0.5916207170533734,0.11342195142060518,0.11342195142060518,0.03095111157745123
druglikeScaffold,Cc1nc(C)c(C(=O)N(C)Cc2ccc(Cl)c(Cl)c2)s1,0.05819740891456604,34,6.938893903907228e-18,0.4790654320744734,0.07952320575714111,0.15029318630695343,0.04304890604689717
druglikeScaffold,[H][C@@]12O[C@@]3([H])CCC4CC(=O)C[C@H]5[C@H](C[C@H]6O[C@H](C[C@@H](C)C6=C)CC[C@@H]6O[C@H](CC6=C)CC[C@@]67C[C@@H](O[C@H]1[C@@H](O6)[C@@]3([H])O4)[C@@H]2O7)O[C@H](C[C@H](O)CN)[C@@H]5OC,1.0,111,2.168404344971009e-19,0.3629051185075099,0.0,8.344650268554688e-06,2.9802322387695312e-08
druglikeScaffold,CS(=O)(=O)CC[N@H+]1CC[C@H](NC(=O)c2ccc(Br)c(F)c2)CC1,0.0012451374204829335,44,0.0,0.6078039183662898,0.09563015017192811,0.3113482332555577,0.00040791534120216967
druglikeScaffold,C[C@@H]1COCC[N@H+]1C[C@H](O)Cn1c2ccccc2c2ccccc21,0.001707260264083743,49,1.734723475976807e-18,0.05993456111009352,0.0019674566574394703,0.9922987774480134,0.05092860659933649
druglikeScaffold,CC(O)COCC1OC(OC2C(COCC(C)O)OC(OCC(C)O)C(OCC(C)O)C2OCC(C)O)C(OCC(C)O)C(OCC(C)O)C1OCC(C)O,0.9999997615814209,125,5.421010862427522e-19,0.2941825959261259,2.384185791015625e-07,0.00011754035949707031,6.735324859619141e-07
druglikeScaffold,O[C@@H]1CO[C@@H](O[C@@H]2CO[C@@H](O)[C@H](OS(O)(=O)=O)[C@H]2OS(O)(=O)=O)[C@H](OS(O)(=O)=O)[C@H]1OS(O)(=O)=O,1.0,53,1.1102230246251565e-16,,0.0,0.0,0.0
druglikeScaffold,OC[C@H]1O[C@@H](O[C@H]2[C@H](O)[C@@H](O)C(O)O[C@@H]2CO)[C@H](O)[C@@H](O)[C@H]1O,1.0,45,1.1102230246251565e-16,0.6355212157834043,2.777576446533203e-05,2.777576446533203e-05,1.3053417205810546e-06
druglikeScaffold,OC1C(O)C(OC2C(O)C(O)C(OP)OC2C(O)=O)OC(C1P)C(O)=O,1.0,46,1.1102230246251565e-16,,0.0,0.0,0.0
druglikeScaffold,CC[C@@]1(c2ccc(Cl)cc2)NC(=O)N(CC(=O)N2CCCC[C@@H]2C)C1=O,0.03155307471752167,50,0.0,0.49421526162788804,0.19471636414527893,0.0828835740685463,0.015628832997754215
druglikeScaffold,[H][C@@]1(O[C@@H]2[C@@H](O)[C@H](N)C[C@H](N)[C@H]2O[C@H]2O[C@H](CN)[C@@H](O)[C@H](O)[C@H]2N)O[C@H](CO)[C@@H](O)[C@H]1O,1.0,65,0.0,,0.0,0.0,0.0
druglikeScaffold,Cc1ccccc1NC(=O)/C(C#N)=C\c1ccccc1OCc1ccc(C(=O)O)cc1,0.005278641823679209,51,2.0816681711721685e-17,0.315251943174384,0.21379253780469298,0.16323616122826934,0.0013217526488006116
druglikeScaffold,COC1=C(OC)C=C2C(N)=NC(=NC2=C1)N1CCN(CC1)C(=O)C1=CC=CO1,0.5605767369270325,49,0.0,0.5104815869414439,0.5393657367676497,0.13349026441574097,0.23134813755750655
druglikeScaffold,Cc1ccc(-c2cc3c(c(OC[C@H]4CCC[N@@H+](C)C4)c2)OCCN(C(=O)Cc2ccc(F)cc2)C3)s1,0.00128738465718925,70,1.1102230246251565e-16,0.31783441128306816,0.9863032859284431,0.9977632921654731,0.12311943610548041
druglikeScaffold,CCCN(CCC1=CC=CS1)[C@H]1CCC2=C(O)C=CC=C2C1,0.9998986721038818,47,2.220446049250313e-16,0.36681435355219477,0.011091828346252441,0.5679133832454681,0.008794981241226196
druglikeScaffold,CS(=O)(=O)c1ccc(N2CCN([C@@H]3CC(=O)N(c4ccc5c(c4)OCO5)C3=O)CC2)cc1,0.9609343409538269,55,0.0,0.6231360922426273,0.8228917717933655,0.8228917717933655,0.15867542326450348
druglikeScaffold,COC1=C(OCCCN2CCOCC2)C=C2C(NC3=CC(Cl)=C(F)C=C3)=NC=NC2=C1,0.9973209500312805,55,1.1102230246251565e-16,0.4771790475300608,0.3805680274963379,0.5520861148834229,0.007565206289291382
druglikeScaffold,C[N+]1(C)CCCC(C1)OC(=O)C(O)(C1=CC=CC=C1)C1=CC=CC=C1,1.0,51,0.0,0.48518542478298493,0.023628592491149902,0.06616073846817017,1.710653305053711e-06
druglikeScaffold,COC1=CC=C(CCN2CCC(CC2)NC2=NC3=CC=CC=C3N2CC2=CC=C(F)C=C2)C=C1,0.43994495272636414,65,0.0,0.45451044044623573,0.029202193021774292,0.5591177642345428,0.16679314423818142
druglikeScaffold,Cl[C@H]1[C@H](Cl)[C@@H](Cl)[C@@H](Cl)[C@H](Cl)[C@H]1Cl,0.7902975678443909,18,1.1102230246251565e-16,0.9068453909573049,0.11373007297515869,0.14265340566635132,0.10826690196990967
druglikeScaffold,NC(=O)OC1(CCCCC1)C#C,0.9999977350234985,25,0.0,0.3087559348285521,0.10350710153579712,0.10350710153579712,0.013944166898727416
druglikeScaffold,NCC1(CC(O)=O)CCCCC1,0.9925082325935364,29,2.220446049250313e-16,0.7791212952086036,0.7502052336931229,0.13729465007781982,0.0402956873178482
druglikeScaffold,CC(C)[C@@H]1CC[C@@H](C)C[C@H]1O,0.567343533039093,31,1.1102230246251565e-16,0.6017189528587624,0.3764479160308838,0.37076061964035034,0.1857112929224968
druglikeScaffold,NC[C@H]1CC[C@@H](CC1)C(O)=O,0.9991336464881897,26,0.0,0.65967660692868,0.3532367944717407,0.11789238452911377,0.010225611925125121
druglikeScaffold,CNC(C)CC1CCCCC1,0.9961684346199036,32,0.0,0.17390890122164634,0.6226380467414856,0.6226380467414856,0.08148218095302581
druglikeScaffold,ClCCN(N=O)C(=O)NC1CCCCC1,0.99169921875,31,1.1102230246251565e-16,0.6983512530153358,0.836142361164093,0.8566359281539917,0.1669068794697523
druglikeScaffold,O[C@H]1[C@H](O)[C@@H](O)[C@H](O)[C@H](O)[C@@H]1O,0.9999997615814209,24,0.0,0.5770685661871567,8.869171142578125e-05,2.682209014892578e-05,1.4227628707885742e-05
druglikeScaffold,CC(C)C(=O)OC(C)OC(=O)NCC1(CC(O)=O)CCCCC1,0.9961010217666626,50,0.0,0.4375970501226452,0.8745694234967232,0.819565936923027,0.0860735222697258
druglikeScaffold,COC(=O)[C@@H]1CCCC[C@H]1O,0.7442935705184937,25,0.0,0.572948175337524,0.44145429134368896,0.47852063179016113,0.20762569829821587
druglikeScaffold,C[C@H]1C[C@H](NN(C)C)C(C#N)(C#N)CC1(C#N)C#N,0.8718193173408508,35,0.0,0.5860689680386868,0.8621154613792896,0.8621154613792896,0.15042848214507104
druglikeScaffold,CNC(=O)NCC(=O)NCCC[N@@H+](C)C1CCCCC1,0.0028847435023635626,49,0.0,0.465365786774216,0.007968450197950006,0.9971132299397141,0.05344356065616011
druglikeScaffold,NCCCC[C@@H]1NC(=O)[C@@H](CC2=CNC3=C2C=CC=C3)NC(=O)[C@@H](NC(=O)[C@@H]2C[C@H](CN2C(=O)[C@H](CC2=CC=CC=C2)NC(=O)[C@H](CC2=CC=C(OCC3=CC=CC=C3)C=C2)NC1=O)OC(=O)NCCN)C1=CC=CC=C1,0.9999963045120239,143,1.6263032587282567e-19,0.3093496820300326,0.00019603967666625977,0.00015246868133544922,3.6418437957763673e-06
druglikeScaffold,[H]\C(=C(\[H])C1=NCCCN1C)C1=CC=CS1,0.7902928590774536,28,0.0,0.8284988506166228,0.7471714206039906,0.7291009463369846,0.3781574722379446
druglikeScaffold,Cc1nc2cc(F)cc(C(=O)NNC(=O)[C@H]3CCCO3)c2nc1C,0.019064519554376602,41,1.3877787807814457e-17,0.5435564281317644,0.5169035457074642,0.9372616074979305,0.11618916171137243
druglikeScaffold,Cc1cc(C)n2c(CNCc3ccc(OC(F)F)cc3)cnc2n1,0.0029685532208532095,42,3.469446951953614e-18,0.2838908542281699,0.0005226475186645985,0.00036664027720689774,0.0008622488880064338
druglikeScaffold,CCOc1ccc(F)c(C(=O)N[C@@H](C)CN2C[C@@H](C)C[C@H](C)C2)c1F,0.17899782955646515,53,0.0,0.5122441205125023,0.8198382705450058,0.8210000246763229,0.2527199727715924
druglikeScaffold,COCCN(C)c1ccc(NCc2cccc3cn[nH]c23)nc1,0.007274979259818792,44,3.469446951953614e-18,0.510999485191223,0.1664424748159945,0.10297494241967797,0.006039924453943968
druglikeScaffold,CCOC(=O)C1=C(C)N(c2ccccc2OC)C(C)=C(C(=O)OCC)C1c1ccc([N+](=O)[O-])cc1,0.8269496560096741,63,0.0,0.395590207532753,0.8256546258926392,0.8256546258926392,0.20716718942858278
druglikeScaffold,COc1cc(CNCc2cccnc2)ccc1OCc1c(Cl)cccc1Cl,0.016702862456440926,47,1.3877787807814457e-17,0.35988270391729354,0.010327570606023073,0.010783317033201456,0.02221443918533623
druglikeScaffold,CCOc1ccc([N+](=O)[O-])cc1CNCc1ccnc(OC2CCC2)c1,0.008493824861943722,49,6.938893903907228e-18,0.5288386278788878,0.13424719963222742,0.3517203787341714,0.01638104800367728
druglikeScaffold,C=CCn1c(=O)[nH]c(O)c(C(=O)/C=C/c2ccc(OCC)cc2)c1=O,0.08870150148868561,43,2.7755575615628914e-17,0.23410980061755252,0.3762904554605484,0.7765083163976669,0.08472744734026491
druglikeScaffold,O=C(CNCCC1=CCCCC1)NCc1ccccc1Cl,0.35899195075035095,44,0.0,0.5719285958132271,0.3143906332552433,0.1843603551387787,0.17472843900322915
druglikeScaffold,C[C@H](Oc1cccc(F)c1)C(=O)N1CCC([C@@H]2C[C@H](C(F)F)n3ncnc3N2)CC1,0.0867820754647255,54,2.7755575615628914e-17,0.4766014759043919,0.042410336434841156,0.9132174476981163,0.13087329480331392
druglikeScaffold,C[C@H]1CN(S(=O)(=O)c2ccc3c(c2)NCCS3)c2ccccc2S1,0.0017449029255658388,42,0.0,0.4629108868210165,0.0002061090199276805,0.9899960390757769,0.029350727744167672
druglikeScaffold,CN(C)C(=O)[C@H]1CC[C@H](NC(=O)C(=O)NC2=NC=C(Cl)C=C2)[C@@H](C1)NC(=O)C1=NC2=C(CN(C)CC2)S1,0.00834853108972311,67,0.0,0.5526989243785007,0.8999577099457383,0.925822370685637,0.09471909089479595
druglikeScaffold,CN(Cc1cccc(C#N)c1)C(=O)c1cc(C2CC2)nc2c1c(O)nn2C,0.06262931227684021,46,1.3877787807814457e-17,0.51617333519715,0.8910335004329681,0.7528126537799835,0.05593971577472985
druglikeScaffold,CCOC(=O)c1ccc(CN2CCOC[C@H]2c2ccc(C)o2)o1,0.010459054261446,44,1.734723475976807e-18,0.6914962963953017,0.0055654956959187984,3.1818635761737823e-05,0.0014798218850046395
druglikeScaffold,CCC(=O)O[C@@](CC1=CC=CC=C1)([C@H](C)CN(C)C)C1=CC=CC=C1,0.8133268356323242,54,0.0,0.6288165896717509,0.8083365932106972,0.8086943523958325,0.21681113950908185
druglikeScaffold,CN(C)S(=O)(=O)C1=CC2=C(SC3=CC=CC=C3\C2=C\CCN2CCN(C)CC2)C=C1,1.0,59,1.1102230246251565e-16,,8.344650268554688e-07,0.0,0.0
druglikeScaffold,OCCN1CCN(CC\C=C2\C3=CC=CC=C3SC3=C2C=C(Cl)C=C3)CC1,1.0,52,1.1102230246251565e-16,,2.86102294921875e-06,0.0,0.0
druglikeScaffold,[H]\C(CCN1CCN(CCO)CC1)=C1/C2=CC=CC=C2SC2=C1C=C(C=C2)C(F)(F)F,1.0,55,0.0,,2.384185791015625e-07,0.0,0.0
druglikeScaffold,COc1ccc([C@@H]2[C@@H](C(=O)Nc3cc(OC)c(OC)c(OC)c3)c3ccccc3C(=O)N2C)cc1OC,0.0025223619304597378,67,0.0,0.4204085317851366,0.9971519582904875,0.9960248940624297,0.012033288914244622
druglikeScaffold,CC[C@H]1[C@@H]2C[C@H]3[C@@H]4N(C)C5=CC=CC=C5[C@]44C[C@@H](C2[C@H]4O)N3[C@@H]1O,1.0,50,0.0,0.33297845261991366,1.9669532775878906e-05,4.76837158203125e-07,6.556510925292969e-08
druglikeScaffold,Cc1ccc(C(=O)NCC(=O)O[C@H](C)C(=O)Nc2ccccc2C)cc1,0.028427492827177048,48,2.0816681711721685e-17,0.6436540350718581,0.7881364710628986,0.9531881101429462,0.11231023201253265
druglikeScaffold,COc1cc(C#N)ccc1O[C@H](C)C(=O)N[C@H]1CCCC[C@@H]1C,0.032453518360853195,47,0.0,0.6155335515136826,0.46068229153752327,0.9674711413681507,0.08683532546274364
druglikeScaffold,COc1cc(C(C)=O)ccc1OCC(=O)N[C@H]1CCCC[C@@H]1C,0.014260782860219479,48,0.0,0.46620822893603336,0.9816906312480569,0.9813443878665566,0.02948081528302282
druglikeScaffold,C[C@@H](Oc1ccc(Cl)cc1Cl)C(=O)N[C@H]1CCCC[C@H]1C,0.14347471296787262,42,2.7755575615628914e-17,0.7141402688517356,0.8383550494909286,0.856511577963829,0.1347346484195441
druglikeScaffold,C[C@H](CCc1ccccc1)n1c(=O)c2sccc2n(CC(=O)O)c1=O,0.19068701565265656,43,0.0,0.44679778941389103,0.18507946841418743,0.19325260818004608,0.07235672059468926
druglikeScaffold,C=CCn1nc(C(=O)O)c2c1CC[C@H](N1CCN(C(=O)C(C)(C)C)CC1)C2,0.3445099890232086,57,0.0,0.47239850624731566,0.15251940488815308,0.6511284410953522,0.13152196556329726
druglikeScaffold,COC(=O)c1ccc(/C=N/Nc2nncn2N)cc1,0.10937879234552383,31,5.551115123125783e-17,0.6190877443103318,0.048043422400951385,0.008533880114555359,0.032385786063969135
druglikeScaffold,Cc1c(NC(=O)COc2ccc(Br)cc2)cccc1-c1nc2ncccc2o1,0.03895160183310509,44,2.0816681711721685e-17,0.5575565540927084,0.9501884318888187,0.9501884318888187,0.02967964350245893
druglikeScaffold,[S-]c1nnc(-c2ccc(Cl)cc2Cl)[nH]1,0.15232639014720917,18,0.0,0.6965081310641716,0.04329647123813629,0.6781979352235794,0.1655975505709648
druglikeScaffold,Cn1c(SCCCS(C)(=O)=O)nnc1-c1ccccc1F,0.006058851722627878,37,8.673617379884035e-19,0.6263834090213332,0.003279364202171564,0.007799412589520216,0.0012612460413947701
druglikeScaffold,CCn1c(SCC(=O)N[C@@H](C)C(=O)N(C)C)nnc1-c1ccccc1,0.007724064867943525,48,6.938893903907228e-18,0.5088948069026847,0.00012363726273179054,0.7475564298219979,0.005027808563318104
druglikeScaffold,CCOC(=O)CSc1nnc(-c2ccc(OC)cc2)n1CCC(=O)O,0.10188164561986923,44,1.3877787807814457e-17,0.4629188492446433,0.09338394924998283,0.021976418793201447,0.051416687108576296
druglikeScaffold,CCNC(=O)c1ccc(CSc2[nH+]c3cccnc3n2Cc2c(F)cccc2Cl)cc1,0.004243539180606604,52,3.469446951953614e-17,0.49569409622638566,0.9920963780023158,0.9957435862161219,0.11802184457192197
druglikeScaffold,Cc1cc(C(=O)NC2=CC3=CC=N[C@@H]3C=C2)c2c(C)noc2n1,0.06625910103321075,37,1.3877787807814457e-17,0.6690597971849657,0.868808850646019,0.9335877150297165,0.1198775899130851
druglikeScaffold,CCN(CC)c1ccc(/C=C/C(=O)NCCN2CCC([N@H+](C)[C@@H]3CCCC[C@@H]3C)CC2)cc1,0.012862428091466427,80,0.0,0.2552145714560189,0.9871344724670053,0.9871348300948739,0.04859270128654316
druglikeScaffold,ClC1=CC=C2N=C3NC(=O)CN3CC2=C1Cl,0.9999992847442627,23,0.0,0.5224009744578106,0.10092371702194214,0.10092371702194214,0.00028330087661743164
druglikeScaffold,O[C@@H]1CC[C@@]2(C)[C@@]([H])(CC[C@@]3(C)[C@@]2([H])[C@H](O)C[C@@]2([H])\C([C@@H](OC(=O)C)C[C@]32C)=C(/CCC=C(C)C)C(O)=O)[C@@H]1C,0.9998811483383179,85,2.7755575615628914e-17,0.21637256878044508,0.00024878978729248047,0.04202449321746826,0.001312980055809021
druglikeScaffold,CN(C[C@@H]1CCCOC1)C(=O)Nc1ccncc1F,0.025945978239178658,37,6.938893903907228e-18,0.5478741971943979,0.012796163558959961,0.9570184778422117,0.11503306180238723
druglikeScaffold,O[C@H]1CCN(C1)C(=O)NC1=C2N=C(C=CN2N=C1)N1CCC[C@@H]1C1=C(F)C=CC(F)=C1,0.002135189715772867,53,6.938893903907228e-18,0.41093289827131446,0.002848801203072071,0.9891334450803697,0.005723040015436709
druglikeScaffold,CC1=NN(C(=O)C1)C1=CC=CC=C1,0.4811214804649353,23,0.0,0.6450085791331953,0.1406853199005127,0.5185028910636902,0.10019740015268326
druglikeScaffold,Cc1nc(Sc2ncnc3sc4c(c23)CCCC4)sc1C,0.08467245101928711,36,1.3877787807814457e-17,0.6253651902217277,0.8688032627105713,0.8991378545761108,0.09697082107886672
druglikeScaffold,CN(C)[C@H](CNS(=O)(=O)c1ncn(C)c1Cl)c1ccccc1,0.03142116591334343,41,6.938893903907228e-18,0.6328362120297659,0.3783821649849415,0.8082582540810108,0.09866896579042077
druglikeScaffold,CC[C@@H]1NC(=O)[C@H]([C@H](O)[C@H](C)C\C=C\C)N(C)C(=O)[C@H](C(C)C)N(C)C(=O)[C@H](CC(C)C)N(C)C(=O)[C@H](CC(C)C)N(C)C(=O)[C@@H](C)NC(=O)[C@H](C)NC(=O)[C@H](CC(C)C)N(C)C(=O)[C@@H](NC(=O)[C@H](CC(C)C)N(C)C(=O)CN(C)C1=O)C(C)C,1.0,196,1.1920928955078125e-07,,0.0,2.384185791015625e-07,0.0
druglikeScaffold,Cc1cnc(N2CCO[C@@H](CCN(C)C)C2)nc1N(C)C,0.39267945289611816,48,5.551115123125783e-17,0.49249735907318026,0.1879124939441681,0.6069067120552063,0.22746206372976302
druglikeScaffold,CCOc1ccc(Cc2nnc(Nc3ccccc3OCC)nc2O)cc1,0.7916671633720398,49,1.1102230246251565e-16,0.5009964988735858,0.6908260360360146,0.6658966094255447,0.19278201684355736
druglikeScaffold,COC1=C(C=C(C=C1C1=CC2=CC=C(NS(C)(=O)=O)C=C2C=C1)N1C=CC(=O)NC1=O)C(C)(C)C,0.999998927116394,62,2.220446049250313e-16,0.3845356238045412,0.33938443660736084,0.2737930417060852,2.836287021636963e-05
druglikeScaffold,Cc1ccc(/C=C2/SC(=O)N(CN3CCN(C)CC3)C2=O)cc1,0.33943885564804077,44,0.0,0.27002992848864826,0.26312871277332306,0.5967202186584473,0.14643870890140534
druglikeScaffold,CC1CCN(C(=O)c2ccc(NC(=O)N(C)C[C@H]3CCC[N@@H+](C)C3)cc2)CC1,0.0009584510698914528,63,0.0,0.23506921109814677,0.999041429720819,0.999041429720819,0.025783588108606637
druglikeScaffold,O=C(NCc1ccc(C(=O)N2CCCCC2)cc1)[C@@H]1CCCN1C(=O)C1CCCCC1,0.0019359465222805738,66,0.0,0.3005226925450329,0.9939980034250766,0.9273928527254611,0.030196288711158557
druglikeScaffold,COc1ccc2[nH]cc(CCNC(=O)CC[C@H]3C(=O)Oc4cc(OC(C)=O)ccc4[C@@H]3C)c2c1,0.9967139959335327,62,1.1102230246251565e-16,0.380294264585573,0.3061456084251404,0.9919586647301912,0.024781858921051024
druglikeScaffold,O=C1C[C@H]([C@H]2C=c3ccccc3=N2)[C@@H]2[C@@H](CN1)N=C1C=CC=CN12,0.11516235768795013,42,0.0,0.6633089881674695,0.10329940263181925,0.8847243934869766,0.19557154518552125
druglikeScaffold,C#CCOc1cccc(NC(=O)C(=O)NC[C@@](C)(O)c2ccsc2)c1,0.005883575417101383,43,3.469446951953614e-18,0.38697688432603855,0.06962186750024557,0.6483747949823737,0.011433992546517401
druglikeScaffold,COC(=O)C1=C(C)N=C2SCC(CC(=O)N3CCCCC3)=[N+]2[C@H]1c1ccc(Cl)cc1,0.005961600225418806,55,0.0,0.6309293081477487,0.7564318147487938,0.9817178812809289,0.10656920385663397
druglikeScaffold,O=C(Nc1nc2ccccc2s1)c1nccc2nc[n-]c12,0.2075810581445694,29,2.7755575615628914e-17,0.6430180647497972,0.12901153415441513,0.6979529708623886,0.09473330639302731
druglikeScaffold,CCC(CC)[C@H](CNS(=O)(=O)/C=C/c1ccccc1)N1CCOCC1,0.40669360756874084,55,0.0,0.5472429359876891,0.4019622686319053,0.5931250154972076,0.2310103896073997
druglikeScaffold,Cc1nnc(S[C@@H](C)C(=O)N[C@H](C)c2ccc(Cl)cc2)s1,0.008862252347171307,37,8.673617379884035e-18,0.33795348971927547,0.00010264944285154343,0.08442304003983736,0.006502601620741189
druglikeScaffold,CN(Cc1cccnc1)C(=O)CNC(=O)c1cc2cccc(Br)c2o1,0.0072136931121349335,41,1.734723475976807e-18,0.6751104934686313,0.0017551095224916935,0.0027060862630605698,0.001681933691725135
druglikeScaffold,COc1ccc(Br)c(C(=O)N[C@H](C)Cc2ccc(C)s2)c1,0.006596017628908157,39,0.0,0.6795537625222612,0.45519403740763664,0.959497582167387,0.05707617898005992
druglikeScaffold,COC(=O)[C@H](c1cc(F)c(F)c(F)c1)N(C)CC(=O)N[C@H]1CC[C@H](C(F)(F)F)CC1,0.22699670493602753,52,1.1102230246251565e-16,0.5738791051059452,0.7519317418336868,0.7724203616380692,0.0808115441352129
druglikeScaffold,O=C(c1cccnc1)N1CCO[C@H](c2cc[nH]n2)C1,0.025623125955462456,33,1.3877787807814457e-17,0.4971738428354958,0.08883881755173206,0.9621147681027651,0.03283673631958663
druglikeScaffold,[H][C@@]12CCCN1C(=O)[C@H](CC1=CC=CC=C1)N1C(=O)[C@](C)(NC(=O)[C@H]3CN(C)[C@]4([H])CC5=CNC6=CC=CC(=C56)[C@@]4([H])C3)O[C@@]21O,1.0,80,1.3877787807814457e-17,0.39632886414963764,0.0027090907096862793,0.17071068286895752,1.7881393432617188e-07
druglikeScaffold,NC1=C2CCCCC2=NC2=CC=CC=C12,0.8850548267364502,29,2.220446049250313e-16,0.44783268129245873,0.772749550640583,0.18532097339630127,0.04356003999710083
druglikeScaffold,CCOC(=O)CSc1nnc(N)n1[C@H](C)C(=O)Nc1nc2ccc(C(=O)OCC)cc2s1,0.010918932035565376,54,1.3877787807814457e-17,0.3978092013413851,0.29829503409564495,0.7528301905840635,0.058033775095827876
druglikeScaffold,O=C(Cc1ccc[nH]1)NNC(=O)[C@@H]1CCCO1,0.1325976401567459,32,0.0,0.6251858303816831,0.8442143052816391,0.8442143052816391,0.13816875368356704
druglikeScaffold,CCN(c1ccccc1)S(=O)(=O)c1ccc(NC(=S)NC(=O)c2ccccc2C)cc1,0.0016562215751037002,54,3.469446951953614e-18,0.5587973646865465,5.65751688554883e-05,0.039245219551958144,0.00030638088937848804
druglikeScaffold,CC[C@@H]1C(=O)C2(CCCCC2)C(=O)O[C@H]1c1ccccc1,0.9072200059890747,43,0.0,0.7320484373700805,0.8898050561547279,0.8826500046998262,0.20344016514718533
druglikeScaffold,Cc1ccc([C@@H](O)CNC(=O)C(=O)Nc2cccc(F)c2)o1,0.059922315180301666,37,0.0,0.6364701476828,0.0477061877027154,0.14573580771684647,0.038261027075350285
druglikeScaffold,CSc1nccn1-c1cccc(C(=O)N[C@H](C)c2ccc(NC(=O)C3CC3)cc2)c1,0.0013698405819013715,54,3.469446951953614e-18,0.4164769911922957,0.38282539776992053,0.1957633428974077,0.000227148225530982
druglikeScaffold,CN(C)c1ncc(-c2ccc(F)cc2)c([C@H]2CCCCN2C(=O)COc2ccccc2)n1,0.030278561636805534,59,1.734723475976807e-17,0.531262449132801,0.9678842443972826,0.9695112127810717,0.17096221260726452
druglikeScaffold,CCOC(=O)C1=NN=C[C@H]1CN1CCO[C@H](Cc2ccc(F)cc2)C1,0.002816159278154373,47,1.5612511283791264e-17,0.06246554078435147,0.0009518793085590005,0.7096229009330273,0.0004477381473407149
druglikeScaffold,COc1ccc(C(=O)[C@@H]2C(=O)C(=O)N(c3cccc(C(=O)O)c3)[C@@H]2c2ccsc2)cc1OC,0.016615569591522217,52,0.0,0.40704202712874116,0.011977463029325008,0.8124291896820068,0.02717919145943597
druglikeScaffold,CCOC1=CC=C(CC2=C(Cl)C=CC(=C2)[C@@H]2O[C@H](CO)[C@@H](O)[C@H](O)[C@H]2O)C=C1,0.9999990463256836,53,0.0,0.5635616935695534,0.0006189346313476562,0.008570373058319092,8.940696716308594e-06
druglikeScaffold,CC(C)(SC1=CC(=C(O)C(=C1)C(C)(C)C)C(C)(C)C)SC1=CC(=C(O)C(=C1)C(C)(C)C)C(C)(C)C,1.0,83,0.0,,0.0,0.0,0.0
druglikeScaffold,CC(C)c1ccc(NC(=O)[C@@H]2CCCN(c3ccnc(-c4ccccc4)n3)C2)cc1,0.014924312941730022,58,6.938893903907228e-18,0.381349987281536,0.9702308522537351,0.9837549077346921,0.04589457269757986
druglikeScaffold,C[C@@H](O[C@H]1OCCN(CC2=NC(=O)N(N2)P(O)(O)=O)[C@H]1C1=CC=C(F)C=C1)C1=CC(=CC(=C1)C(F)(F)F)C(F)(F)F,0.9924781322479248,63,0.0,0.4008710013876744,0.07239627838134766,0.19869691133499146,0.01701214909553528
druglikeScaffold,Cn1c(CNC2CCCCC2)nnc1SCc1ccccc1,0.004765402525663376,46,5.204170427930421e-18,0.3492493921187067,0.0022696254309266806,0.6243988759815693,0.012088574841618538
druglikeScaffold,O=C(NCC[N@H+]1CCC[C@@H](c2ccccc2)C1)c1cc(COc2ccc(F)c(F)c2)on1,0.0011906253639608622,58,3.469446951953614e-18,0.206887228165257,0.9478929413016886,0.286201007431373,0.00027251215069554744
druglikeScaffold,CCOc1ccc(CN2CCN(C(=O)c3ccc(C)c(S(=O)(=O)N4CCCCC4)c3)CC2)cc1,0.0031844007316976786,69,0.0,0.3238646929306978,0.8140270484145731,0.945355094736442,0.03418411400634795
druglikeScaffold,Cc1nnc(SC/C(O)=N/c2ncn[nH]2)n1-c1ccccc1,0.08855729550123215,35,1.3877787807814457e-17,0.7520544581503037,0.07904530130326748,0.077881945297122,0.028337154444307087
druglikeScaffold,[H][C@@]12CC[C@@](O)(C#C)[C@@]1(C)CC[C@]1([H])C3=C(CC[C@@]21[H])CC(=O)CC3,0.9999972581863403,48,2.220446049250313e-16,0.3414327505449442,0.43355828523635864,0.9235176667571068,0.06144379302859306
druglikeScaffold,[H][C@@]12CC[C@@](O)(C#C)[C@@]1(C)CC[C@]1([H])C3=C(CC(=O)CC3)C[C@@]([H])(C)[C@@]21[H],0.9999914169311523,51,2.220446049250313e-16,0.40970617543893934,0.818849578499794,0.9919332535937428,0.05567127801477909
druglikeScaffold,CN1CCN(CC2=CC=C(NC(=O)C3=CC(C#CC4=CN=C5C=CC=NN45)=C(C)C=C3)C=C2C(F)(F)F)CC1,0.9802570939064026,66,0.0,0.42874820818605824,0.3891925811767578,0.5750298798084259,0.03490137159824371
druglikeScaffold,C[C@@H]1CN(C2=NC(=CC=C2C(=O)NS(=O)(=O)C2=CN(C)N=C2C)N2C=CC(OCC(C)(C)C(F)(F)F)=N2)C(C)(C)C1,0.92814040184021,75,2.7755575615628914e-17,0.4496367235613532,0.03623068332672119,0.758511558175087,0.03225381970405579
druglikeScaffold,CC(O)(CS(=O)(=O)C1=CC=C(F)C=C1)C(=O)NC1=CC(=C(C=C1)C#N)C(F)(F)F,0.6211313605308533,43,1.1102230246251565e-16,0.7231937982388524,0.4872491806745529,0.23284423351287842,0.306147376447916
druglikeScaffold,ClC1=CC2=C(C=C1)N(CC1CC1)C(=O)CN=C2C1=CC=CC=C1,0.9999864101409912,40,1.1102230246251565e-16,0.5838775312584096,0.5040836334228516,0.529424637556076,0.00829072892665863
druglikeScaffold,COc1ccc(-c2csc(C)n2)cc1S(=O)(=O)[N-]c1cccc(C#N)c1,0.004453361500054598,40,3.469446951953614e-18,0.1874545736249486,0.015254901256412268,0.008644973393529654,0.0010657712700776756
druglikeScaffold,Nc1nc(N2CCC[C@](CO)(CCc3ccccc3)C2)c2cn[nH]c2n1,0.8621410131454468,50,1.1102230246251565e-16,0.4870539748677499,0.5481310486793518,0.6204160302877426,0.06970624923706055
druglikeScaffold,CO[C@H]1\C=C\O[C@@]2(C)OC3=C(C2=O)C2=C(O)C(\C=N\N4CCN(C)CC4)=C(NC(=O)\C(C)=C/C=C/[C@H](C)[C@H](O)[C@@H](C)[C@@H](O)[C@@H](C)[C@H](OC(C)=O)[C@@H]1C)C(O)=C2C(O)=C3C,1.0,117,0.0,,0.0,0.0,5.960464477539063e-09
druglikeScaffold,OC(=O)CCCN1CCC(CC1)OC(C1=CC=C(Cl)C=C1)C1=CC=CC=N1,0.9941008687019348,52,1.1102230246251565e-16,0.4422980331235632,0.004166305065155029,0.33116966485977173,0.00970320701599121
druglikeScaffold,OC(CNCC(O)C1CCC2=C(O1)C=CC(F)=C2)C1CCC2=C(O1)C=CC(F)=C2,0.9997826218605042,54,1.1102230246251565e-16,0.5342224043524549,0.9895022604614496,0.7712806761264801,0.07263419777154922
druglikeScaffold,CC(C)[C@H]1CC[C@@H](CC1)C(=O)N[C@H](CC1=CC=CC=C1)C(O)=O,0.2786412239074707,50,0.0,0.5841814713745612,0.07577592134475708,0.7204573154449463,0.18608924932777882
druglikeScaffold,FC1=CC=C(C=C1)C(=O)CCCN1CCC(=CC1)N1C(=O)NC2=CC=CC=C12,0.9999101161956787,50,1.1102230246251565e-16,0.5445209348926444,0.04656505584716797,0.0627397894859314,0.001040700078010559
druglikeScaffold,CC(C)C1=NC(=NC(C2=CC=C(F)C=C2)=C1\C=C\[C@@H](O)C[C@@H](O)CC(=O)O)N(C)S(C)(=O)=O,0.9969227910041809,61,0.0,0.4837779982505711,0.37088680267333984,0.4280332922935486,0.013570624589920043
druglikeScaffold,CC(=O)Nc1ccc(NC(=O)CCc2ccsc2)cc1Cl,0.030331747606396675,36,0.0,0.7621422388289122,0.1567010711878538,0.9629070591181517,0.04339773934334516
druglikeScaffold,NC1=NC(N2C=C(C(O)=O)C(=O)C3=CC(F)=C(N4CC(O)C4)C(Cl)=C23)=C(F)C=C1F,0.9985798597335815,42,0.0,0.48918334172437156,0.2213054895401001,0.7445046007633209,0.05084209442138672
druglikeScaffold,c1ccc2c(c1)CC[N@@H+]([C@@H]1CCNC1)C2,0.018245387822389603,34,5.551115123125783e-17,0.6605625021289573,0.8974466435611248,0.938135277479887,0.19560737658757715
druglikeScaffold,Cc1cc2nn(-c3ccc(Cl)cc3)nc2cc1NC(=O)c1sc2c([N+](=O)[O-])cccc2c1Cl,0.00803498923778534,46,6.938893903907228e-18,0.6468095053256785,0.957262709736824,0.957262709736824,0.017636574734933675
druglikeScaffold,N#Cc1ccnc(S(=O)(=O)N2CCC[C@H](N)C2)c1,0.19115516543388367,32,0.0,0.5320493150616643,0.1119621992111206,0.33113107085227966,0.13137103402987121
druglikeScaffold,CC(C)C[C@H](NC(=O)[C@@H](CC1=CNC2=CC=CC=C12)NC(=O)[C@H](CC1=CC=C(O)C=C1)NC(=O)[C@H](CO)NC(=O)[C@H](CC1=CNC2=C1C=CC=C2)NC(=O)[C@H](CC1=CNC=N1)NC(=O)[C@@H]1CCC(=O)N1)C(=O)N[C@@H](CCCNC(N)=N)C(=O)N1CCC[C@H]1C(=O)NCC(N)=O,1.0,177,1.1920928955078125e-06,,0.0,1.1086463928222656e-05,6.556510925292969e-08
druglikeScaffold,O=C(Nc1ccc(N2CCCCC2)c(F)c1)[C@H]1CC(=O)N(Cc2ccncc2)C1,0.006685956846922636,54,1.734723475976807e-18,0.509643352778519,0.7619131957180798,0.7431986485607922,0.008683556341566145
druglikeScaffold,COC1=C(OC)C=C2C(N)=NC(=NC2=C1)N1CCN(CC1)C(=O)C1CCCO1,0.8762466311454773,53,0.0,0.5077015855826555,0.7230357080698013,0.8675411446020007,0.08040892034769058
druglikeScaffold,Cn1cc[nH+]c1C1CCN(C(=O)[C@H]2CC[N@H+](CC(N)=O)CC2)CC1,0.0014849627623334527,53,1.734723475976807e-18,0.4441744955750036,0.998491553007625,0.998491553007625,0.008441684936406091
druglikeScaffold,Cc1cc(-c2nn(C)c(Cl)c2C[N@H+]2CC[C@H]([C@@H](C)N(C)C)CC2)no1,0.0035439073108136654,54,8.673617379884035e-18,0.42915162632645426,0.006893137935549021,0.9867826760746539,0.04153345166123472
druglikeScaffold,Cc1cc(C)c2c(c1)NC(=O)/C2=N\NC(=O)c1cnccn1,0.05254696309566498,35,0.0,0.6066967426065415,0.03574545681476593,0.9333187490701675,0.036610081768594684
druglikeScaffold,ClC1=C(COC(CN2C=CN=C2)C2=C(Cl)C=C(Cl)C=C2)C=CS1,0.9866272807121277,36,0.0,0.5798055471441901,0.9558418020606041,0.9789681350812316,0.14901769980788232
druglikeScaffold,COc1ccc(CNc2oc(-c3ccccc3C)nc2S(=O)(=O)c2ccccc2)cc1,0.0016897683963179588,53,3.469446951953614e-18,0.3246736648527768,6.211199797689915e-05,0.00079496786929667,0.00016898327739909292
druglikeScaffold,COCCn1cc2c(n1)[C@H](Nc1cc[nH+]c(C3CC3)n1)CCC2,0.21210938692092896,47,0.0,0.5427148407602903,0.2095467469189316,0.352944552898407,0.10375069775618613
druglikeScaffold,C[C@H]1CNCCC2=CC=C(Cl)C=C12,0.9529933929443359,27,0.0,0.5287094318312217,0.7952590733766556,0.7057609111070633,0.1853494793176651
druglikeScaffold,C[C@H](Sc1nnc(C2CC2)n1C)C(=O)NC(N)=O,0.06647763401269913,33,0.0,0.700473168494202,0.058150483295321465,0.058150483295321465,0.03266543154604733
druglikeScaffold,C[C@@H](NCCCC1=CC(=CC=C1)C(F)(F)F)C1=CC=CC2=CC=CC=C12,0.1751224249601364,48,0.0,0.5940909451157196,0.818833127617836,0.807373121380806,0.07177705380599946
druglikeScaffold,CN(CC(=O)Nc1cc(Cl)ccc1Oc1ccccc1)S(=O)(=O)c1cc(Cl)ccc1Cl,0.4693428874015808,48,5.551115123125783e-17,0.7004408972597728,0.4015895649790764,0.21747711300849915,0.21399223869666456
druglikeScaffold,COc1ccccc1CCC(=O)NCC(=O)N1CCN(c2ccccn2)CC1,0.007805364206433296,54,0.0,0.3263809572447314,0.0006925491616129875,0.18633186630904675,0.014334881468676031
druglikeScaffold,COc1cc(CCC(=O)Nc2ccc(S(=O)(=O)NCc3ccco3)cc2)cc(OC)c1OC,0.003063623560592532,59,2.0816681711721685e-17,0.4405930719177956,0.424460704671219,0.9828506067860872,0.015286997781367972
druglikeScaffold,CC1=NN([C@@H](C#N)c2ccc(Br)cc2O)[C@@H](c2ccccc2)C1,0.0031119701452553272,39,4.336808689942018e-19,0.5226445396373025,0.002058303914964199,0.08024759171530604,0.0007132629049010575
druglikeScaffold,NC1=CC=C(C=C1)S(=O)(=O)NC1=CC=NN1C1=CC=CC=C1,0.5757267475128174,36,0.0,0.5885205309459621,0.4993981570005417,0.46811096370220184,0.21545575559139252
druglikeScaffold,C[C@@H]1CCCCN1S(=O)(=O)c1cccc(C(=O)N[C@@H](CC(=O)O)c2ccccc2)c1,0.1425204575061798,56,5.551115123125783e-17,0.5564867465324573,0.15036717057228088,0.17045104503631592,0.06667391720693558
druglikeScaffold,CC(N(CC1=CN=C(C)NC1=N)C=O)=C(CCOP(O)(O)=O)SC(=O)C1=CC=CC=C1,1.0,54,0.0,0.3745483931302975,0.0,0.0022046566009521484,1.1026859283447266e-06
druglikeScaffold,Cc1ccc(NC(=O)[C@H](C)N2CCN(C(=O)OC(C)(C)C)CC2)c(F)c1,0.01929331198334694,54,4.163336342344337e-17,0.45377771254813176,0.9806529246270657,0.9806529246270657,0.13286530174082145
druglikeScaffold,Cc1cccc(NC(=O)[C@H](C)N2CCN(C(=O)CN(C)C)CC2)c1C,0.2440858781337738,55,1.6653345369377348e-16,0.6718575587373707,0.7558487951755524,0.7558487951755524,0.20318424347788094
druglikeScaffold,Cc1ccc(NC(=O)c2cn(C)nc2C(C)(C)C)cc1C(=O)NC(C)C,0.9456285238265991,54,2.220446049250313e-16,0.6223330129960152,0.9420489969197661,0.9406979442574084,0.1920569389127195
druglikeScaffold,O=C(Sc1nc2cc(Cl)ccc2o1)c1ccc(Cl)cc1,0.9824600219726562,27,0.0,0.7655712572916089,0.2755281329154968,0.7548198699951172,0.05271257609128952
druglikeScaffold,COc1ccc(NC(=O)CC2(CC(=O)O)CCCC2)cc1OC,0.22016850113868713,46,0.0,0.6672837149161959,0.19797131419181824,0.5477459132671356,0.13469696827232838
druglikeScaffold,CCN1CC2(CCN(Cc3cc(=O)n4c5c(cccc35)CCC4)CC2)OC1=O,0.13496236503124237,55,1.3877787807814457e-17,0.5848190605869978,0.09592156112194061,0.8581756502389908,0.11313493450870737
druglikeScaffold,CN(C)[C@H]1CC[C@@H](NC(=O)C2CCN(S(=O)(=O)Cc3ccccc3)CC2)C1,0.0756797194480896,58,0.0,0.5149407714465173,0.03403428941965103,0.8947594165802002,0.061711469385772946
druglikeScaffold,C#CCN1CCC(C(=O)NCC2(c3ccc4c(c3)OCO4)CCCCC2)CC1,0.29545828700065613,58,0.0,0.5444380824246015,0.28074443992227316,0.7045295536518097,0.24471721732988955
druglikeScaffold,Nc1ncc(-c2cccc(F)c2)c([C@@H]2CCCN2c2ncccn2)n1,0.995860755443573,42,2.220446049250313e-16,0.3310706324287003,0.0130079984664917,0.087668776512146,0.004105469584465027
druglikeScaffold,Cc1ccc(S(=O)(=O)Oc2cccnc2[N+](=O)[O-])s1,0.03326192498207092,27,6.938893903907228e-18,0.6240389107124077,0.00852186232805252,0.12089958786964417,0.04554581278935075
druglikeScaffold,COc1ccc([C@H]2CC(=O)c3cnc(Nc4nc(C)c5ccccc5n4)nc3C2)cc1,0.8500703573226929,52,1.1102230246251565e-16,0.37390455834279085,0.634271040558815,0.4866442084312439,0.11436223238706589
druglikeScaffold,CC[C@H]1OC(=O)[C@H](C)[C@@H](O[C@H]2C[C@@](C)(OC)[C@@H](O)[C@H](C)O2)[C@H](C)[C@@H](O[C@@H]2O[C@H](C)C[C@@H]([C@H]2O)N(C)C)[C@](C)(O)C[C@@H](C)CN(C)[C@H](C)[C@@H](O)[C@]1(C)O,1.0,124,6.505213034913027e-19,,0.0,0.0,0.0
druglikeScaffold,O=C(CNC(=O)c1cc(Cl)ccn1)Nc1ccc2c(c1)OCO2,0.03395845741033554,35,1.3877787807814457e-17,0.5339824285669559,0.1437399908900261,0.7821454778313637,0.02321449527516961
druglikeScaffold,CSCc1nnc(S[C@@H](C(=O)N2C[C@@H](C)C[C@H](C)C2)C(C)C)o1,0.0032381019555032253,50,4.336808689942018e-19,0.16469530315280495,0.0009915558621287346,0.06645853305235505,0.0015627308399416505
druglikeScaffold,O[C@@H]1[C@@H](O)[C@@H]2O[C@H]3O[C@H](CSCCC(O)=O)[C@@H](O[C@H]4O[C@H](CSCCC(O)=O)[C@@H](O[C@H]5O[C@H](CSCCC(O)=O)[C@@H](O[C@H]6O[C@H](CSCCC(O)=O)[C@@H](O[C@H]7O[C@H](CSCCC(O)=O)[C@@H](O[C@H]8O[C@H](CSCCC(O)=O)[C@@H](O[C@H]9O[C@H](CSCCC(O)=O)[C@@H](O[C@H]1O[C@@H]2CSCCC(O)=O)[C@H](O)[C@H]9O)[C@H](O)[C@H]8O)[C@H](O)[C@H]7O)[C@H](O)[C@H]6O)[C@H](O)[C@H]5O)[C@H](O)[C@H]4O)[C@H](O)[C@H]3O,1.0,240,0.0,,0.0,0.0,0.0
druglikeScaffold,NN=C1NNC(=NN)C2=CC=CC=C12,0.9999687671661377,24,0.0,0.31496834557976433,0.0006974339485168457,0.0005282759666442871,6.273984909057617e-05
druglikeScaffold,Cc1nn(Cc2ccc(Cl)cc2Cl)c(O)c1C(=O)NCCN1CCOCC1,0.015028358437120914,49,2.7755575615628914e-17,0.631555538447436,0.765943287871778,0.9401671281084418,0.10519370380789042
druglikeScaffold,C[C@H]1COC2=C3N1C=C(C(O)=O)C(=O)C3=CC(F)=C2N1CCN(C)CC1,0.9999326467514038,46,0.0,0.6690753805598644,0.5535576939582825,0.8483325988054276,0.006326383352279663
druglikeScaffold,COc1cccc(CNC(=O)c2ccoc2C)c1,0.04068643972277641,33,1.3877787807814457e-17,0.46800083222283445,0.008195258677005768,0.6652167327702045,0.03516436405479908
druglikeScaffold,NC1=CC2=NC3=C(C=CC(N)=C3)C=C2C=C1,0.9971669316291809,27,0.0,0.45820892407160074,0.011546909809112549,0.0012128949165344238,0.010052540898323059
druglikeScaffold,[H][C@@]12CC[C@@](O)(CC#N)[C@@]1(C)CCC1=C3CCC(=O)C=C3CC[C@@]21[H],0.9374364614486694,48,0.0,0.6393955601063558,0.9006560333073139,0.9006560333073139,0.229471979662776
druglikeScaffold,CC1=NC=C(C=C1)C1=C(C=C(Cl)C=N1)C1=CC=C(C=C1)S(C)(=O)=O,0.9551840424537659,39,1.1102230246251565e-16,0.6914761902677694,0.8916327953338623,0.8193172514438629,0.05074129402637482
druglikeScaffold,CCCC[C@H](NC(=O)[C@H](CO)NC(=O)[C@H](CC1=CC=C(O)C=C1)NC(=O)[C@H](CO)NC(C)=O)C(=O)N[C@@H](CCC(O)=O)C(=O)N[C@@H](CC1=CN=CN1)C(=O)N[C@H](CC1=CC=CC=C1)C(=O)N[C@@H](CCCNC(N)=N)C(=O)N[C@@H](CC1=CNC2=CC=CC=C12)C(=O)NCC(=O)N[C@@H](CCCCN)C(=O)N1CCC[C@H]1C(=O)N[C@@H](C(C)C)C(N)=O,1.0,229,0.0,,0.0,0.0,0.0
druglikeScaffold,S=C1NC2=C(S1)C=CC=C2,0.4828800857067108,15,0.0,0.8183170883849714,0.5127075016498566,0.2831343710422516,0.20413980334997178
druglikeScaffold,COCCn1nnnc1[C@H](c1cc2cc(OC)ccc2[nH]c1=O)[N@H+]1CC[C@H](Cc2ccccc2)CC1,0.0028862524777650833,69,0.0,0.2839105844598814,0.9967909287661314,0.9968467783182859,0.013832222030032426
druglikeScaffold,CC(C)Nc1ncc(C(=O)N[C@@H]2CCC[N@H+](CCc3ccccc3)C2)cn1,0.003945920150727034,57,2.7755575615628914e-17,0.49195845387736026,0.996045854408294,0.996045854408294,0.06592969031189569
druglikeScaffold,CCCS(=O)(=O)NC1=C(F)C(C(=O)C2=CNC3=NC=C(C=C23)C2=CC=C(Cl)C=C2)=C(F)C=C1,0.9892215728759766,51,1.1102230246251565e-16,0.36340668832572115,0.02647334337234497,0.45276039838790894,0.00869283676147461
druglikeScaffold,OC1=CC=CC(=C1)C-1=C2\CCC(=N2)\C(=C2/N\C(\C=C2)=C(/C2=N/C(/C=C2)=C(\C2=CC=C1N2)C1=CC(O)=CC=C1)C1=CC(O)=CC=C1)\C1=CC(O)=CC=C1,0.9999969005584717,84,0.0,-0.04928671174414706,2.5033950805664062e-06,7.95125961303711e-05,3.3080577850341797e-06
druglikeScaffold,Cc1cccc(-c2n[nH]c(=S)n2/N=C\c2cc([N+](=O)[O-])ccc2Cl)c1,0.011686327867209911,37,1.3877787807814457e-17,0.5220303446998237,0.36018740851432085,0.9851139755919576,0.07016746681183576
druglikeScaffold,CC(C)[C@H](NC(=O)N(C)CC1=CSC(=N1)C(C)C)C(=O)N[C@H](C[C@H](O)[C@H](CC1=CC=CC=C1)NC(=O)OCC1=CN=CS1)CC1=CC=CC=C1,0.9812127947807312,98,1.3877787807814457e-17,0.43017455047877834,0.005261242389678955,0.048370540142059326,0.00708969533443451
druglikeScaffold,COc1ccc(Oc2coc3cc(OC(=O)CCc4cc(OC)no4)ccc3c2=O)cc1,0.37507814168930054,51,5.551115123125783e-17,0.653032717078635,0.3684818581677973,0.6244838237762451,0.30511369574815034
druglikeScaffold,NCCC1=CC=NN1,0.8687729835510254,17,0.0,0.7865114483047898,0.7618628218770027,0.7225409299135208,0.33558199740946293
druglikeScaffold,CC1=CNN=C1,0.7031382322311401,12,1.1102230246251565e-16,0.7460606887803388,0.047931551933288574,0.18463337421417236,0.12135417163372039
druglikeScaffold,C=CCN(CC=C)C(=O)CN[C@H](C)c1cn(C)nc1C,0.009981930255889893,44,0.0,0.5652018709900756,0.4781641960144043,0.9875791668891907,0.02576892087236047
druglikeScaffold,CN(CCS(C)(=O)=O)Cn1cc(Cl)cn1,0.05334411934018135,29,1.3877787807814457e-17,0.3323778657909218,0.11442090198397636,0.31773046776652336,0.1871988931670785
druglikeScaffold,COC1=CC(=CC(OC)=C1OC)C(=O)NCC1=CC=C(OCCN(C)C)C=C1,0.01742660440504551,56,0.0,0.5931485564505604,0.20049846731126308,0.981083458289504,0.02149243208114058
druglikeScaffold,CC(C)(C)SCC(=O)Oc1ccccc1C(=O)NCc1ccccc1,0.11854704469442368,48,0.0,0.6596107473831953,0.07872993126511574,0.879973866045475,0.19952464578673243
druglikeScaffold,C[S@@](=O)c1ccc(C(=O)NCc2ccc(C(C)(C)C)cc2)cc1,0.25063183903694153,46,0.0,0.5455525213078574,0.11303108930587769,0.7493279874324799,0.3718224309384823
druglikeScaffold,CCCCNC(=O)CNc1ccc(C(=O)NCc2ccccc2)cc1,0.012093611061573029,50,2.0816681711721685e-17,0.5154481768219267,0.24615993350744247,0.9727687165141106,0.02329439849127084
druglikeScaffold,COc1ccc(/N=c2\oc3c4c5c(cc3cc2C(=O)Nc2ccccc2)CCCN5CCC4)cc1OC,0.6755894422531128,66,1.1102230246251565e-16,0.5081847716423298,0.6705253929831088,0.6705253929831088,0.16725539707113057
druglikeScaffold,O=C1CCC2=C(N1)C=CC(OCCCCC1=NN=NN1C1CCCCC1)=C2,0.040572598576545715,54,1.3877787807814457e-17,0.4423812697121253,0.8912268131971359,0.9594116657972336,0.12281461047241464
druglikeScaffold,COc1ccc(C#CCNS(=O)(=O)c2cc(OC)ccc2OC)cc1,0.5555908679962158,44,1.1102230246251565e-16,0.6774986587910105,0.3878723829984665,0.30329012870788574,0.2412852890789509
druglikeScaffold,[H][C@@]1(C)CCN(CCN1C(=O)C1=C(C=CC(C)=C1)N1N=CC=N1)C1=NC2=C(O1)C=CC(Cl)=C2,0.002133861416950822,55,1.3877787807814457e-17,0.3706699224628916,0.0006769171450287104,0.9870952216442674,0.028916264249710368
druglikeScaffold,Cc1c(Cl)c(C)c([N+](=O)[O-])c(O)c1/C=N/c1ccc(O)cc1C(=O)O,0.9999479055404663,38,0.0,0.4393121702705822,0.017202258110046387,0.19639676809310913,0.002066001296043396
druglikeScaffold,CCN(CC)c1ccc(/C=N/c2ccc(S(=O)(=O)NC(C)=O)cc2)c(O)c1,0.17227531969547272,50,0.0,0.26623821496794664,0.82609061896801,0.8267238587141037,0.08335620264988393
druglikeScaffold,Cc1ccc(CNC(=O)[C@@H](C)OC(=O)[C@H]2CC(=O)N(c3ccc(C)cc3)C2)cc1,0.024799585342407227,55,0.0,0.1908774330999755,0.020246587228029966,0.14732198417186737,0.009565811930224299
druglikeScaffold,CC(=O)NC[C@H]1CCC[N@@H+](Cn2cc(Br)cn2)C1,0.0023690478410571814,38,2.168404344971009e-18,0.40629168051682835,0.013434397289529443,0.34564393595792353,0.056344544450985266
druglikeScaffold,CC(C)OC1=C(NC2=NC=C(Cl)C(N2)=NC2=CC=CC=C2S(=O)(=O)C(C)C)C=C(C)C(=C1)C1CCNCC1,1.0,74,0.0,0.3483213138283684,5.125999450683594e-06,0.028411924839019775,9.834766387939453e-07
druglikeScaffold,Cn1ncc2c(NCc3ccccc3)nc(Nc3cccc(Cl)c3)nc21,0.2508615553379059,43,8.326672684688674e-17,0.7301226015939741,0.7441805303096771,0.7425066530704498,0.1727158460766077
druglikeScaffold,CCn1cc(/C=C2/C[C@@H]3[C@@H]4CC=C5C[C@H](O)CC[C@]5(C)[C@@H]4CC[C@]3(C)C2=O)cn1,0.6755759716033936,63,0.0,0.5852397348127009,0.6730789446737617,0.6730789446737617,0.3726669827476144
druglikeScaffold,CN1C(=O)N[C@@H](c2ccccc2)C2=C1CN(c1ccc3ccccc3c1)C2=O,0.005341854877769947,47,1.0408340855860843e-17,0.4098622746576095,0.9541630474850535,0.9331022230908275,0.0018904864438809455
druglikeScaffold,CC1=NOC(NS(=O)(=O)C2=CC=C(N)C=C2)=C1C,0.9999274015426636,31,1.1102230246251565e-16,0.31074367774461675,0.11442852020263672,0.054165005683898926,0.002241206169128418
druglikeScaffold,CC(=O)N(C1=C(C)C(C)=NO1)S(=O)(=O)C1=CC=C(N)C=C1,0.20912869274616241,36,2.7755575615628914e-17,0.6566680631764992,0.1728244572877884,0.7440940588712692,0.13781555332243442
druglikeScaffold,[H][C@@](CC)(NC1=NC=NC2=C1N=CN2)C1=NC2=CC=CC(F)=C2C(=O)N1C1=CC=CC=C1,0.9414321780204773,49,2.220446049250313e-16,0.6469167785453769,0.7642167061567307,0.7642167061567307,0.16353879272937774
druglikeScaffold,CCOc1ccccc1CNC(=O)N[C@H](C)C(=O)NCc1ccccc1,0.008341929875314236,51,3.469446951953614e-18,0.5593287073218812,0.765382626093924,0.590096035040915,0.0060752265388146045
druglikeScaffold,O=C(c1c[nH]c2ccccc12)N1CC(C(=O)N2CCN(C3CCCCC3)CC2)C1,0.0068927244283258915,59,0.0,0.3356706368955359,0.9926773472689092,0.9931015535257757,0.014247448451351374
druglikeScaffold,Cc1ccsc1CNC1CCCCCC1,0.2751290500164032,36,0.0,0.7293741981862145,0.253715343773365,0.13466571271419525,0.1454143811017275
druglikeScaffold,CCn1nc(C)c(CN/C(=N\C(=O)c2ccc(C)c(F)c2)Nc2cccc(C)c2)c1C,0.8826923966407776,59,0.0,0.6458488772991839,0.8814507984789088,0.8812969387508929,0.18694045208394527
druglikeScaffold,CC(C)COc1ccc(NC(=O)c2cn[n-]n2)cn1,0.016064828261733055,33,1.734723475976807e-18,0.1304279406347933,0.14128451980650425,0.07498657889664173,0.00403211172670126
druglikeScaffold,CCc1cc(C(=O)NCCC[N@@H+]2C[C@H](C)O[C@H](C)C2)n[nH]1,0.0017009361181408167,48,6.938893903907228e-18,0.03211468772934148,0.14873898192308843,0.9979764835443348,0.025822656956734136
druglikeScaffold,O=C(Nc1ccc(Oc2ccccc2Cl)cc1)c1cnccn1,0.723024845123291,35,2.220446049250313e-16,0.7465737775371519,0.713205898180604,0.701288403943181,0.17599221616983413
druglikeScaffold,[H][C@@]12C[C@]3([H])C[C@@H](CC[C@@]3([H])[C@H](\C=C\C3=CC=C(C=N3)C3=CC(F)=CC=C3)[C@]1([H])[C@@H](C)OC2=O)NC(=O)OCC,0.8600781559944153,69,1.3877787807814457e-16,0.591233255136472,0.2627236247062683,0.8572235798928887,0.16998532190918922
druglikeScaffold,Cc1cc(OC(F)F)ccc1NC(=O)N(CCO)Cc1ccco1,0.004425685852766037,42,0.0,0.44307315282568766,0.008325504139065742,0.2699883170425892,0.007357430586125702
druglikeScaffold,CCN(CCCC1=CC=CC=C1)CCCC1=CC=CC=C1,0.9088549017906189,48,1.1102230246251565e-16,0.5781179134336544,0.8786625973880291,0.7700821310281754,0.12222459772601724
druglikeScaffold,COc1cc(OC)c(NC(=O)c2ccnn2C)cc1Cl,0.07777690142393112,34,8.326672684688674e-17,0.6839880781907312,0.034384071826934814,0.92036522179842,0.1339948043692857
druglikeScaffold,CCS[C@H]1CCCC[N@@H+](Cc2cc(OC)c(OC)c(OC)c2)C1,0.0015413492219522595,53,5.204170427930421e-18,0.4359989757240364,0.17337426252197474,0.5316784650785848,0.0019057981378864497
druglikeScaffold,CC(C)(C)C1=NC(=C(S1)C1=NC(N)=NC=C1)C1=C(F)C(NS(=O)(=O)C2=C(F)C=CC=C2F)=CC=C1,0.9911354780197144,55,2.220446049250313e-16,0.18117792539004657,0.018652737140655518,0.19943219423294067,0.007093557715415954
druglikeScaffold,Cc1nc(N2CCCN(C(=O)c3ccc(F)cc3)CC2)c2cnn(-c3cccc(Cl)c3)c2n1,0.0017011548625305295,55,0.0,0.4101657816722016,0.00038377137389034033,0.9333018873585388,0.00027349996380507944
druglikeScaffold,Cc1cccc(NC(=O)CSC2=NC(=O)C[C@H](c3ccccc3)C2C#N)c1C,0.006698438432067633,49,1.3877787807814457e-17,0.49568497079006046,0.0168162458576262,0.1992680192925036,0.008277676836587488
druglikeScaffold,O=C(NCCCSc1ccc(F)cc1)Nc1ccc2c(c1)OCCCO2,0.003958423621952534,47,6.938893903907228e-18,0.6119783564143649,0.9468484921380877,0.9468484921380877,0.0016704103793017567
druglikeScaffold,Cc1ccc(-c2noc([C@@H](C)[N@H+]3CC[C@H](C(N)=O)C3)n2)cc1F,0.001958478009328246,43,0.0,0.5921699257549454,0.0023398895282298326,0.7182384843472391,0.027643466414883733
druglikeScaffold,O=C(NCCc1cn2ccccc2n1)Nc1cccc(Cl)c1Cl,0.018162230029702187,37,0.0,0.7085117530916396,0.012534015346318483,0.4000857677310705,0.057299988064914945
druglikeScaffold,COC1=CC=CC=C1OCCNCC(O)COC1=CC=CC2=C1C1=CC=CC=C1N2,0.999509334564209,56,0.0,0.5230263502028167,0.9880427597090602,0.9388901852071285,0.027159103751182558
druglikeScaffold,C=CCOc1ccc(CN[C@@H](CCCO)c2ccccc2)cc1Cl,0.027014508843421936,48,2.7755575615628914e-17,0.46422023314784217,0.020035789348185062,0.9537573307752609,0.0779045656323433
druglikeScaffold,CCc1ccccc1CNCc1cc(C)ccc1O,0.12632238864898682,40,5.551115123125783e-17,0.3261797927118135,0.604973554611206,0.8405468463897705,0.11684850137680769
druglikeScaffold,COc1cc(CN[C@@H](C)c2ccccc2)ccc1OC(F)F,0.00684328144416213,41,6.938893903907228e-18,0.5223996286613981,0.0717650824226439,0.02125176088884473,0.003929415973834694
druglikeScaffold,CCS(=O)(=O)Oc1ccc(CN(Cc2ccc(F)cc2)C(=O)C[C@H](C)CC(C)(C)C)cc1,0.2036723792552948,66,5.551115123125783e-17,0.4262691042325646,0.2022362429415807,0.20201462099794298,0.12643142137676477
druglikeScaffold,O=C(Cc1ccc(F)cc1)N1CCc2cc(Br)sc2C1,0.027316218242049217,33,3.469446951953614e-18,0.5307942642185703,0.014567075297236443,0.06866476126015186,0.016760993003845214
druglikeScaffold,COc1cc2c(cc1OC)[C@@H](CC(=O)O)N(S(=O)(=O)c1ccc3ccccc3c1)CC2,0.9997207522392273,54,2.220446049250313e-16,0.5343134619431107,0.8722742944955826,0.8722742944955826,0.010470294952392578
druglikeScaffold,O=c1c2cc(NC(=S)NCCN3CCN(Cc4ccccc4)CC3)ccc2nc2n1CCCCC2,0.052066102623939514,69,1.1102230246251565e-16,0.19873793010398438,0.7721735090017319,0.9344680160284042,0.034812244051136074
druglikeScaffold,C[C@@]12CCC[C@](C)([C@H]1CC[C@@]13CC(=C)[C@@](C1)(CC[C@@H]23)O[C@@H]1O[C@H](CO)[C@@H](O)[C@H](O)[C@H]1O[C@@H]1O[C@H](CO)[C@@H](O)[C@H](O)[C@H]1O)C(O)=O,1.0,95,1.734723475976807e-18,,0.0,0.0,0.0
druglikeScaffold,O=C(Cc1cccc(F)c1)NCCNS(=O)(=O)c1cc(C(F)(F)F)ccc1Cl,0.5808238387107849,43,0.0,0.7216767634612583,0.5399310775101185,0.24510186910629272,0.29403369650244715
druglikeScaffold,CCC1=CN([C@H]2C[C@H](O)[C@@H](CO)O2)C(=O)NC1=O,0.9999164342880249,34,0.0,0.3895077031971041,0.8837253376841545,0.8837253376841545,0.0038412153720855714
druglikeScaffold,CC1=CN([C@H]2C[C@H](N=[N+]=[N-])[C@@H](CO)O2)C(=O)NC1=O,0.9897651672363281,32,2.220446049250313e-16,0.6552590199720277,0.9460538774728775,0.9615828208625317,0.06367766559123993
druglikeScaffold,CC(=O)OC[C@H]1O[C@H]([C@H](OC(C)=O)[C@@H]1OC(C)=O)N1C=CC(=O)NC1=O,0.9997723698616028,44,1.1102230246251565e-16,0.2925829298074811,0.8897595405578613,0.8900439888238907,0.0002446830272674561
druglikeScaffold,OC[C@H]1O[C@H](C[C@@H]1O)N1C=C(\C=C\Br)C(=O)NC1=O,0.9998095631599426,32,0.0,0.5332625239031895,0.861304372549057,0.861304372549057,0.04362167865037918
druglikeScaffold,OC[C@H]1O[C@H](C[C@@H]1O)N1C=C(F)C(=O)NC1=O,0.9999499320983887,28,0.0,0.5622869030495622,0.8530259728431702,0.8530259728431702,0.015972661972045898
druglikeScaffold,CC1=CN([C@@H]2C[C@@H](O)[C@H](CO)O2)C(=O)NC1=O,0.9998207688331604,31,0.0,0.6263136239875241,0.7807785868644714,0.7807785868644714,0.021618166565895082
druglikeScaffold,FC1=CN(C2CCCO2)C(=O)NC1=O,0.9692376852035522,23,0.0,0.29208992772071674,0.8639580458402634,0.8649151176214218,0.039609292149543764
druglikeScaffold,OC[C@H]1O[C@H](C[C@@H]1O)N1C=C(I)C(=O)NC1=O,0.9999823570251465,28,1.1102230246251565e-16,0.516383658913707,0.7470863163471222,0.7470863163471222,0.0037122517824172974
druglikeScaffold,OC[C@H]1O[C@H](C[C@@H]1O)N1C=C(C(=O)NC1=O)C(F)(F)F,0.9999904632568359,31,1.1102230246251565e-16,0.5152005817379006,0.6830358505249023,0.6830358505249023,0.00867561399936676
druglikeScaffold,Cc1[nH]c(=O)[nH]c(=O)c1CCC(=O)N(C)Cc1cnn(Cc2ccccc2)c1,0.006244658026844263,51,1.3877787807814457e-17,0.17119545562396946,0.18956875940784812,0.1926348372362554,0.004824863327667117
druglikeScaffold,CN1C=C(C(=O)C2=C1C=C(F)C=C2)S(C)=O,0.9993293285369873,26,1.1102230246251565e-16,0.7928767077212691,0.8969817236065865,0.8599767684936523,0.0818697229027748
druglikeScaffold,CCOc1ccc(OCC)c(NC(=O)c2cnn(-c3ccccc3)c2-n2cccc2)c1,0.0013984431279823184,55,1.3877787807814457e-17,0.5845947695024111,0.9807398329721764,0.9807398329721764,0.0016287922335322946
druglikeScaffold,O=C(CSc1nc2ccccc2c(=O)n1-c1ccc(Br)cc1)N/N=C/c1cccc(F)c1,0.0014659884618595243,48,0.0,0.2187730793733854,0.0011278392048552632,0.002866126480512321,0.00013526137336157263
druglikeScaffold,Cc1cn2c([nH+]1)CC[C@H](NS(=O)(=O)c1ccc3c(c1)CCO3)C2,0.11890502274036407,43,5.551115123125783e-17,0.6713447160342608,0.8648359030485153,0.8810847252607346,0.2507607380161062
druglikeScaffold,[H][C@@]12CC3=C(C=C(O)C=C3)[C@]3(CCCC[C@@]13O)CCN2CC1CCC1,1.0,53,2.220446049250313e-16,,1.430511474609375e-05,0.0,0.0
druglikeScaffold,CN1CCC[C@@H]1CC1=CNC2=C1C=C(CCS(=O)(=O)C1=CC=CC=C1)C=C2,0.9964697360992432,53,0.0,0.39295590536964564,0.22288936376571655,0.909134104847908,0.0036473363637924195
druglikeScaffold,CC(=O)NCCCCCc1nc2ccccc2n1CCCOc1ccccc1Cl,0.01686733216047287,57,5.551115123125783e-17,0.47290394503082633,0.9682526662945747,0.9811415746808052,0.09955692070070654
druglikeScaffold,CC1=CC=CC=C1N1CCN(CCC2=NN=C3CCCCN23)CC1,0.11865479499101639,51,0.0,0.5417149286810112,0.11595222330652177,0.38284777849912643,0.050264101149514316
druglikeScaffold,Cc1c[nH+]c(N2CCN(C(=O)Nc3cccc(Cn4cccnc4=O)c3)CC2)s1,0.0028022697661072016,52,5.204170427930421e-18,0.3798889485632865,0.0030803324189037085,0.5288172790315002,0.0017518019070848823
druglikeScaffold,CC[C@@]1(O)C(=O)OCC2=C1C=C1N(CC3=CC4=C(C=CC(O)=C4CN(C)C)N=C13)C2=O,0.9789189696311951,54,0.0,0.5555839592728824,0.5534694790840149,0.7972637861967087,0.1287396088242531
druglikeScaffold,[O-]C(=O)C1=C(CS[C@]2([H])[C@H](NC(=O)C(=N/OC(C)(C)C(O)=O)\C3=CSC(N)=N3)C(=O)N12)C[N+]1=CC=CC=C1,1.0,59,1.1102230246251565e-16,0.3420986169926591,0.005618751049041748,1.5497207641601562e-06,5.960464477539063e-09
druglikeScaffold,Cc1cccc(OCC(=O)N2CCN(Cc3nc(-c4cccs4)no3)CC2)c1,0.0015444697346538305,50,0.0,0.3899680452123079,0.0004427805542945862,0.9709380327258259,0.0013277238816954196
druglikeScaffold,COc1ccc(/C(C#N)=C2\C=C/C(=N\O)C(Cl)=C2)cc1,0.022722627967596054,31,1.3877787807814457e-17,0.6006225090573585,0.9280023910105228,0.9716257192194462,0.1111145204398781
druglikeScaffold,CC(=O)N(CC(O)CN(C(C)=O)C1=C(I)C(C(=O)NCC(O)CO)=C(I)C(C(=O)NCC(O)CO)=C1I)C1=C(I)C(C(=O)NCC(O)CO)=C(I)C(C(=O)NCC(O)CO)=C1I,1.0,106,8.673617379884035e-19,,0.0,0.0,0.0
druglikeScaffold,CC(=O)N1CCC[C@@H](COc2ccc(F)cc2)C1,0.2386738657951355,36,2.7755575615628914e-17,0.48336935574924594,0.21894869953393936,0.13017822057008743,0.10167015977203846
druglikeScaffold,CCC1=C(C(=O)OC)[C@@H](c2cccc(OC)c2OC)n2ncnc2N1,0.09989283978939056,45,6.938893903907228e-17,0.6164715616641973,0.8998565226793289,0.9000185877084732,0.0988681515213102
druglikeScaffold,C=CCn1c(COc2ccc(C(C)C)cc2)nnc1SCC(=O)NCc1ccccc1,0.0012848384212702513,59,0.0,0.15185283110072312,7.291976362466812e-05,9.245844557881355e-05,8.637359715066851e-05
druglikeScaffold,COC(=O)c1c(NC(=O)c2ccc(S(=O)(=O)N3CCC[C@@H](C)C3)cc2)sc2c1CCN(C(C)C)C2,0.030727650970220566,68,0.0,0.4284728027482823,0.9077587462961674,0.9645384289324284,0.03668023344362155
druglikeScaffold,Cc1ccc([C@@H]2Nc3c(C(N)=O)cccc3[C@H]3C=CC[C@H]32)cc1,0.9685038328170776,43,1.1102230246251565e-16,0.7086054623454746,0.9316022768616676,0.9316022768616676,0.14786963984370233
druglikeScaffold,CCN(CC)CCC1=NC(=NO1)C1=CC=CC=C1,0.8718662858009338,37,1.1102230246251565e-16,0.735271809044994,0.8552147820591927,0.8342427164316177,0.45273000188171864
druglikeScaffold,O=C(NNC(=O)[C@H]1CC(c2cccnc2)=NO1)Nc1ccccc1F,0.1113569438457489,39,5.551115123125783e-17,0.6686024977924171,0.7440965473651886,0.8878677189350128,0.15185416946187616
druglikeScaffold,CC[C@]1(O)C[C@@H]2CN(C1)CCC1=C(NC3=CC=CC=C13)[C@@](C2)(C(=O)OC)C1=C(OC)C=C2N(C=O)[C@@H]3[C@]4(CCN5CC=C[C@](CC)([C@@H]45)[C@@H](OC(C)=O)[C@]3(O)C(=O)OC)C2=C1,1.0,116,0.0,,0.0,0.0,0.0
druglikeScaffold,[H][C@@]12N(C)C3=CC(OC)=C(C=C3[C@@]11CCN3CC=C[C@@](CC)([C@@H](OC(C)=O)[C@]2(O)C(=O)OC)[C@@]13[H])[C@]1(C[C@@]2([H])CN(C[C@](O)(CC)C2)CCC2=C1NC1=C2C=CC=C1)C(=O)OC,1.0,117,8.673617379884035e-19,,2.384185791015625e-07,0.0,0.0
druglikeScaffold,[H][C@@]12N3CC[C@@]11C4=C(C=C(OC)C(=C4)[C@]4(C[C@@H]5C[N@@](C[C@](O)(CC)C5)CCC5=C4NC4=CC=CC=C54)C(=O)OC)N(C)[C@@]1([H])[C@](O)([C@H](O)[C@]2(CC)C=CC3)C(N)=O,1.0,110,1.0842021724855044e-18,,0.0,0.0,0.0
druglikeScaffold,O=C1CCC(=O)N1c1ccc(C2CCCCC2)cc1,0.8546447157859802,38,0.0,0.7213585355686761,0.5795792043209076,0.666347086429596,0.1320240914821625
druglikeScaffold,COc1ccc(/C=C/C(=O)Nc2c3c(nn2-c2ccccc2C)CSC3)cc1OC,0.0017831219593062997,53,6.938893903907228e-18,0.4230491817940408,0.00012824649456888437,0.5810914741596207,0.0003246423730161041
druglikeScaffold,COC(=O)[C@H](CC(C)C)NC(=O)c1ccc(N2CCCC2)c(F)c1,0.0075212446972727776,49,0.0,0.42123083201267797,0.0965052442625165,0.9784970553591847,0.15773591336328535
druglikeScaffold,CN(CC1=CC(Br)=CC(Br)=C1N)C1CCCCC1,0.3601377606391907,38,0.0,0.7624890276216547,0.016044944524765015,0.637154221534729,0.14761906899511815
druglikeScaffold,NC1=C(Br)C=C(Br)C=C1CN[C@H]1CC[C@H](O)CC1,0.09112721681594849,36,0.0,0.6968470367553528,0.05331360176205635,0.9017781615257263,0.06680948757566511
druglikeScaffold,Cc1n[nH]cc1CN1CCC(Oc2cccc(C#N)c2)CC1,0.009714681655168533,42,1.3877787807814457e-17,0.18329489527377243,0.003207579255104065,0.9472012333571911,0.007119118026457727
druglikeScaffold,C[C@H]1C[C@@]2(OC(C)=O)[C@H]([C@H]1OC(=O)C1=CC=CC=C1)[C@@H](OC(C)=O)C(=C)CC[C@H]1[C@@H](\C=C(C)\C2=O)C1(C)C,0.9999997615814209,76,2.7755575615628914e-17,0.40389808799991556,5.8770179748535156e-05,0.9953757580369711,0.00024249851703643798
druglikeScaffold,COc1ccc(CN2CCN(C(=O)Cc3ccccc3)CC2)cc1Br,0.003663464915007353,48,0.0,0.4444744538744787,0.510176554787904,0.030299354810267687,0.005378558288794011
druglikeScaffold,Cc1nc(N(C)C)nc(NC[C@@H]2CN(S(C)(=O)=O)CCO2)c1C,0.029242761433124542,48,0.0,0.30772003680029464,0.8137289807200432,0.9544467255473137,0.024019033648073673
druglikeScaffold,CC[C@H](C)c1[nH+]c2cc(C(=O)O)ccc2n1C[C@@H](C)O,0.7082777619361877,41,1.1102230246251565e-16,0.7385564355970335,0.658389575779438,0.6889121122658253,0.3129090882837772
druglikeScaffold,CCn1c(CN(C)[C@@H](C)CS(C)(=O)=O)[nH+]c2cc(F)ccc21,0.023621762171387672,45,1.3877787807814457e-17,0.5541541722160724,0.013678384013473988,0.9218750949949026,0.057493034331128
druglikeScaffold,Cc1ccc(-c2nnc3c4ccc(Cl)cc4nc(N4CCCN(C(=O)C5CC5)CC4)n23)cc1,0.00470148166641593,58,0.0,0.5392729662504173,0.9912682906724513,0.9796143309213221,0.04588254051050171
druglikeScaffold,CC(C)CN1CC2(CCN(C(=O)Nc3ccccc3Cl)CC2)CC1=O,0.008998376317322254,51,1.3877787807814457e-17,0.5172006196232192,0.7869068561121821,0.9408474145457149,0.010412572103086859
druglikeScaffold,C1N2CN3CN1CN(C2)C3,0.9999165534973145,22,0.0,0.7057245482815075,0.002132713794708252,0.0063340067863464355,0.003974458575248719
